-- MySQL dump 10.19  Distrib 10.3.34-MariaDB, for debian-linux-gnu (x86_64)
--
-- Host: localhost    Database: pacifiktransfert_main
-- ------------------------------------------------------
-- Server version	10.3.34-MariaDB-0+deb10u1

/*!40101 SET @OLD_CHARACTER_SET_CLIENT=@@CHARACTER_SET_CLIENT */;
/*!40101 SET @OLD_CHARACTER_SET_RESULTS=@@CHARACTER_SET_RESULTS */;
/*!40101 SET @OLD_COLLATION_CONNECTION=@@COLLATION_CONNECTION */;
/*!40101 SET NAMES utf8mb4 */;
/*!40103 SET @OLD_TIME_ZONE=@@TIME_ZONE */;
/*!40103 SET TIME_ZONE='+00:00' */;
/*!40014 SET @OLD_UNIQUE_CHECKS=@@UNIQUE_CHECKS, UNIQUE_CHECKS=0 */;
/*!40014 SET @OLD_FOREIGN_KEY_CHECKS=@@FOREIGN_KEY_CHECKS, FOREIGN_KEY_CHECKS=0 */;
/*!40101 SET @OLD_SQL_MODE=@@SQL_MODE, SQL_MODE='NO_AUTO_VALUE_ON_ZERO' */;
/*!40111 SET @OLD_SQL_NOTES=@@SQL_NOTES, SQL_NOTES=0 */;

--
-- Table structure for table `a_propos`
--

DROP TABLE IF EXISTS `a_propos`;
/*!40101 SET @saved_cs_client     = @@character_set_client */;
/*!40101 SET character_set_client = utf8 */;
CREATE TABLE `a_propos` (
  `id` int(10) unsigned NOT NULL AUTO_INCREMENT,
  `about_us_cover_title` varchar(255) DEFAULT NULL,
  `about_us_cover_subtitle` varchar(255) DEFAULT NULL,
  `about_us_content_title` varchar(255) DEFAULT NULL,
  `about_us_content_desc` longtext DEFAULT NULL,
  `about_us_content_uptitle` varchar(255) DEFAULT NULL,
  `created_at` datetime(6) DEFAULT NULL,
  `updated_at` datetime(6) DEFAULT NULL,
  `published_at` datetime(6) DEFAULT NULL,
  `created_by_id` int(10) unsigned DEFAULT NULL,
  `updated_by_id` int(10) unsigned DEFAULT NULL,
  PRIMARY KEY (`id`),
  KEY `a_propos_created_by_id_fk` (`created_by_id`),
  KEY `a_propos_updated_by_id_fk` (`updated_by_id`),
  CONSTRAINT `a_propos_created_by_id_fk` FOREIGN KEY (`created_by_id`) REFERENCES `admin_users` (`id`) ON DELETE SET NULL,
  CONSTRAINT `a_propos_updated_by_id_fk` FOREIGN KEY (`updated_by_id`) REFERENCES `admin_users` (`id`) ON DELETE SET NULL
) ENGINE=InnoDB AUTO_INCREMENT=2 DEFAULT CHARSET=utf8mb4;
/*!40101 SET character_set_client = @saved_cs_client */;

--
-- Dumping data for table `a_propos`
--

LOCK TABLES `a_propos` WRITE;
/*!40000 ALTER TABLE `a_propos` DISABLE KEYS */;
INSERT INTO `a_propos` VALUES (1,'A propos de pacifik transfert','Apprenons à nous connaitre','Qui sommes-nous?','Pacifik transfert','HOW WE WERE FOUNDED','2022-07-18 13:15:18.059000','2022-07-30 15:50:12.256000','2022-07-18 13:22:20.912000',1,3);
/*!40000 ALTER TABLE `a_propos` ENABLE KEYS */;
UNLOCK TABLES;

--
-- Table structure for table `admin_permissions`
--

DROP TABLE IF EXISTS `admin_permissions`;
/*!40101 SET @saved_cs_client     = @@character_set_client */;
/*!40101 SET character_set_client = utf8 */;
CREATE TABLE `admin_permissions` (
  `id` int(10) unsigned NOT NULL AUTO_INCREMENT,
  `action` varchar(255) DEFAULT NULL,
  `subject` varchar(255) DEFAULT NULL,
  `properties` longtext CHARACTER SET utf8mb4 COLLATE utf8mb4_bin DEFAULT NULL,
  `conditions` longtext CHARACTER SET utf8mb4 COLLATE utf8mb4_bin DEFAULT NULL,
  `created_at` datetime(6) DEFAULT NULL,
  `updated_at` datetime(6) DEFAULT NULL,
  `created_by_id` int(10) unsigned DEFAULT NULL,
  `updated_by_id` int(10) unsigned DEFAULT NULL,
  PRIMARY KEY (`id`),
  KEY `admin_permissions_created_by_id_fk` (`created_by_id`),
  KEY `admin_permissions_updated_by_id_fk` (`updated_by_id`),
  CONSTRAINT `admin_permissions_created_by_id_fk` FOREIGN KEY (`created_by_id`) REFERENCES `admin_users` (`id`) ON DELETE SET NULL,
  CONSTRAINT `admin_permissions_updated_by_id_fk` FOREIGN KEY (`updated_by_id`) REFERENCES `admin_users` (`id`) ON DELETE SET NULL
) ENGINE=InnoDB AUTO_INCREMENT=487 DEFAULT CHARSET=utf8mb4;
/*!40101 SET character_set_client = @saved_cs_client */;

--
-- Dumping data for table `admin_permissions`
--

LOCK TABLES `admin_permissions` WRITE;
/*!40000 ALTER TABLE `admin_permissions` DISABLE KEYS */;
INSERT INTO `admin_permissions` VALUES (1,'plugin::upload.read',NULL,'{}','[]','2022-06-27 01:19:20.944000','2022-06-27 01:19:20.944000',NULL,NULL),(2,'plugin::upload.assets.create',NULL,'{}','[]','2022-06-27 01:19:20.951000','2022-06-27 01:19:20.951000',NULL,NULL),(3,'plugin::upload.assets.update',NULL,'{}','[]','2022-06-27 01:19:20.960000','2022-06-27 01:19:20.960000',NULL,NULL),(4,'plugin::upload.assets.download',NULL,'{}','[]','2022-06-27 01:19:20.966000','2022-06-27 01:19:20.966000',NULL,NULL),(5,'plugin::upload.assets.copy-link',NULL,'{}','[]','2022-06-27 01:19:20.973000','2022-06-27 01:19:20.973000',NULL,NULL),(6,'plugin::upload.read',NULL,'{}','[\"admin::is-creator\"]','2022-06-27 01:19:20.979000','2022-06-27 01:19:20.979000',NULL,NULL),(7,'plugin::upload.assets.create',NULL,'{}','[]','2022-06-27 01:19:20.985000','2022-06-27 01:19:20.985000',NULL,NULL),(8,'plugin::upload.assets.update',NULL,'{}','[\"admin::is-creator\"]','2022-06-27 01:19:20.992000','2022-06-27 01:19:20.992000',NULL,NULL),(9,'plugin::upload.assets.download',NULL,'{}','[]','2022-06-27 01:19:21.000000','2022-06-27 01:19:21.000000',NULL,NULL),(10,'plugin::upload.assets.copy-link',NULL,'{}','[]','2022-06-27 01:19:21.006000','2022-06-27 01:19:21.006000',NULL,NULL),(14,'plugin::content-manager.explorer.delete','plugin::users-permissions.user','{}','[]','2022-06-27 01:19:21.061000','2022-06-27 01:19:21.061000',NULL,NULL),(15,'plugin::content-manager.single-types.configure-view',NULL,'{}','[]','2022-06-27 01:19:21.068000','2022-06-27 01:19:21.068000',NULL,NULL),(16,'plugin::content-manager.collection-types.configure-view',NULL,'{}','[]','2022-06-27 01:19:21.074000','2022-06-27 01:19:21.074000',NULL,NULL),(17,'plugin::content-manager.components.configure-layout',NULL,'{}','[]','2022-06-27 01:19:21.079000','2022-06-27 01:19:21.079000',NULL,NULL),(18,'plugin::content-type-builder.read',NULL,'{}','[]','2022-06-27 01:19:21.087000','2022-06-27 01:19:21.087000',NULL,NULL),(19,'plugin::email.settings.read',NULL,'{}','[]','2022-06-27 01:19:21.100000','2022-06-27 01:19:21.100000',NULL,NULL),(20,'plugin::upload.read',NULL,'{}','[]','2022-06-27 01:19:21.107000','2022-06-27 01:19:21.107000',NULL,NULL),(21,'plugin::upload.assets.create',NULL,'{}','[]','2022-06-27 01:19:21.113000','2022-06-27 01:19:21.113000',NULL,NULL),(22,'plugin::upload.assets.update',NULL,'{}','[]','2022-06-27 01:19:21.126000','2022-06-27 01:19:21.126000',NULL,NULL),(23,'plugin::upload.assets.download',NULL,'{}','[]','2022-06-27 01:19:21.131000','2022-06-27 01:19:21.131000',NULL,NULL),(24,'plugin::upload.assets.copy-link',NULL,'{}','[]','2022-06-27 01:19:21.143000','2022-06-27 01:19:21.143000',NULL,NULL),(25,'plugin::upload.settings.read',NULL,'{}','[]','2022-06-27 01:19:21.150000','2022-06-27 01:19:21.150000',NULL,NULL),(26,'plugin::users-permissions.roles.create',NULL,'{}','[]','2022-06-27 01:19:21.155000','2022-06-27 01:19:21.155000',NULL,NULL),(27,'plugin::users-permissions.roles.read',NULL,'{}','[]','2022-06-27 01:19:21.161000','2022-06-27 01:19:21.161000',NULL,NULL),(28,'plugin::users-permissions.roles.update',NULL,'{}','[]','2022-06-27 01:19:21.166000','2022-06-27 01:19:21.166000',NULL,NULL),(29,'plugin::users-permissions.roles.delete',NULL,'{}','[]','2022-06-27 01:19:21.171000','2022-06-27 01:19:21.171000',NULL,NULL),(30,'plugin::users-permissions.providers.read',NULL,'{}','[]','2022-06-27 01:19:21.179000','2022-06-27 01:19:21.179000',NULL,NULL),(31,'plugin::users-permissions.providers.update',NULL,'{}','[]','2022-06-27 01:19:21.187000','2022-06-27 01:19:21.187000',NULL,NULL),(32,'plugin::users-permissions.email-templates.read',NULL,'{}','[]','2022-06-27 01:19:21.196000','2022-06-27 01:19:21.196000',NULL,NULL),(33,'plugin::users-permissions.email-templates.update',NULL,'{}','[]','2022-06-27 01:19:21.203000','2022-06-27 01:19:21.203000',NULL,NULL),(34,'plugin::users-permissions.advanced-settings.read',NULL,'{}','[]','2022-06-27 01:19:21.210000','2022-06-27 01:19:21.210000',NULL,NULL),(35,'plugin::users-permissions.advanced-settings.update',NULL,'{}','[]','2022-06-27 01:19:21.217000','2022-06-27 01:19:21.217000',NULL,NULL),(36,'plugin::i18n.locale.create',NULL,'{}','[]','2022-06-27 01:19:21.223000','2022-06-27 01:19:21.223000',NULL,NULL),(37,'plugin::i18n.locale.read',NULL,'{}','[]','2022-06-27 01:19:21.229000','2022-06-27 01:19:21.229000',NULL,NULL),(38,'plugin::i18n.locale.update',NULL,'{}','[]','2022-06-27 01:19:21.235000','2022-06-27 01:19:21.235000',NULL,NULL),(39,'plugin::i18n.locale.delete',NULL,'{}','[]','2022-06-27 01:19:21.240000','2022-06-27 01:19:21.240000',NULL,NULL),(40,'admin::marketplace.read',NULL,'{}','[]','2022-06-27 01:19:21.246000','2022-06-27 01:19:21.246000',NULL,NULL),(41,'admin::marketplace.plugins.install',NULL,'{}','[]','2022-06-27 01:19:21.253000','2022-06-27 01:19:21.253000',NULL,NULL),(42,'admin::marketplace.plugins.uninstall',NULL,'{}','[]','2022-06-27 01:19:21.261000','2022-06-27 01:19:21.261000',NULL,NULL),(43,'admin::webhooks.create',NULL,'{}','[]','2022-06-27 01:19:21.267000','2022-06-27 01:19:21.267000',NULL,NULL),(44,'admin::webhooks.read',NULL,'{}','[]','2022-06-27 01:19:21.273000','2022-06-27 01:19:21.273000',NULL,NULL),(45,'admin::webhooks.update',NULL,'{}','[]','2022-06-27 01:19:21.278000','2022-06-27 01:19:21.278000',NULL,NULL),(46,'admin::webhooks.delete',NULL,'{}','[]','2022-06-27 01:19:21.283000','2022-06-27 01:19:21.283000',NULL,NULL),(47,'admin::users.create',NULL,'{}','[]','2022-06-27 01:19:21.289000','2022-06-27 01:19:21.289000',NULL,NULL),(48,'admin::users.read',NULL,'{}','[]','2022-06-27 01:19:21.294000','2022-06-27 01:19:21.294000',NULL,NULL),(49,'admin::users.update',NULL,'{}','[]','2022-06-27 01:19:21.299000','2022-06-27 01:19:21.299000',NULL,NULL),(50,'admin::users.delete',NULL,'{}','[]','2022-06-27 01:19:21.307000','2022-06-27 01:19:21.307000',NULL,NULL),(51,'admin::roles.create',NULL,'{}','[]','2022-06-27 01:19:21.311000','2022-06-27 01:19:21.311000',NULL,NULL),(52,'admin::roles.read',NULL,'{}','[]','2022-06-27 01:19:21.317000','2022-06-27 01:19:21.317000',NULL,NULL),(53,'admin::roles.update',NULL,'{}','[]','2022-06-27 01:19:21.322000','2022-06-27 01:19:21.322000',NULL,NULL),(54,'admin::roles.delete',NULL,'{}','[]','2022-06-27 01:19:21.327000','2022-06-27 01:19:21.327000',NULL,NULL),(55,'admin::api-tokens.create',NULL,'{}','[]','2022-06-27 01:19:21.333000','2022-06-27 01:19:21.333000',NULL,NULL),(56,'admin::api-tokens.read',NULL,'{}','[]','2022-06-27 01:19:21.338000','2022-06-27 01:19:21.338000',NULL,NULL),(57,'admin::api-tokens.update',NULL,'{}','[]','2022-06-27 01:19:21.344000','2022-06-27 01:19:21.344000',NULL,NULL),(58,'admin::api-tokens.delete',NULL,'{}','[]','2022-06-27 01:19:21.351000','2022-06-27 01:19:21.351000',NULL,NULL),(59,'admin::project-settings.update',NULL,'{}','[]','2022-06-27 01:19:21.355000','2022-06-27 01:19:21.355000',NULL,NULL),(60,'admin::project-settings.read',NULL,'{}','[]','2022-06-27 01:19:21.362000','2022-06-27 01:19:21.362000',NULL,NULL),(188,'plugin::content-manager.explorer.create','plugin::ezforms.submission','{\"fields\":[\"score\",\"data\",\"contact_name_lbl\",\"contact_name\",\"contact_email_lbl\",\"contact_email\",\"contact_content_lbl\"]}','[]','2022-07-17 23:41:37.531000','2022-07-17 23:41:37.531000',NULL,NULL),(189,'plugin::content-manager.explorer.create','plugin::ezforms.recipient','{\"fields\":[\"name\",\"email\",\"number\"]}','[]','2022-07-17 23:41:37.539000','2022-07-17 23:41:37.539000',NULL,NULL),(191,'plugin::content-manager.explorer.create','api::contact.contact','{\"fields\":[\"contact_cover_title\",\"contact_cover\",\"contact_cover_subtitle\",\"contact_content_title\",\"contact_address_title\",\"contact_email_title\",\"contact_phone_title\",\"contact_address_icon\",\"contact_email_icon\",\"contact_phone_icon\",\"contact_address\",\"contact_email\",\"contact_phone\",\"contact_content_description\",\"name_placeholder\",\"email_placeholder\",\"phone_placeholder\",\"subject_placeholder\",\"message_placeholder\",\"send_message_btn_label\"]}','[]','2022-07-17 23:41:37.551000','2022-07-17 23:41:37.551000',NULL,NULL),(192,'plugin::content-manager.explorer.create','api::faq.faq','{\"fields\":[\"faq_cover_title\",\"faq_cover_subtitle\",\"faq_content_title\",\"faq_content\",\"faq_cover\",\"questions_list\",\"faq_content_image\"]}','[]','2022-07-17 23:41:37.559000','2022-07-17 23:41:37.559000',NULL,NULL),(193,'plugin::content-manager.explorer.create','api::home-page.home-page','{\"fields\":[\"title\",\"Carousel\",\"why_us_title\",\"why_us_description\",\"reason1_title\",\"reason1_description\",\"reason1_icon\",\"reason2_title\",\"reason2_description\",\"reason2_icon\",\"reason3_title\",\"reason3_description\",\"reason3_icon\",\"reason4_title\",\"reason4_description\",\"reason4_icon\",\"steppers_title\",\"steppers_description\",\"step1_title\",\"step1_description\",\"step1_icon\",\"step2_title\",\"step2_description\",\"step2_icon\",\"step3_title\",\"step3_description\",\"step3_icon\",\"description\",\"sender_input_label\",\"transition_fee_value\",\"transition_fee_label\",\"recipient_label\",\"save_label\",\"save_value\",\"cta_label\",\"cta_description\",\"terms_policy\",\"exchange_rate_value\",\"exchange_rate_label\"]}','[]','2022-07-17 23:41:37.566000','2022-07-17 23:41:37.566000',NULL,NULL),(194,'plugin::content-manager.explorer.create','api::termes-et-conditions.termes-et-conditions','{\"fields\":[\"terms_page_cover_title\",\"terms_cover\",\"terms_page_cover_subtitle\",\"terms_content\"]}','[]','2022-07-17 23:41:37.571000','2022-07-17 23:41:37.571000',NULL,NULL),(195,'plugin::content-manager.explorer.create','api::vie-privee.vie-privee','{\"fields\":[\"privacy_policy_cover_title\",\"privacy_policy_cover_subtitle\",\"privacy_policy_content_title\",\"privacy_policy_content\",\"privacy_policy_cover\"]}','[]','2022-07-17 23:41:37.578000','2022-07-17 23:41:37.578000',NULL,NULL),(196,'plugin::content-manager.explorer.read','plugin::ezforms.submission','{\"fields\":[\"score\",\"data\",\"contact_name_lbl\",\"contact_name\",\"contact_email_lbl\",\"contact_email\",\"contact_content_lbl\"]}','[]','2022-07-17 23:41:37.583000','2022-07-17 23:41:37.583000',NULL,NULL),(197,'plugin::content-manager.explorer.read','plugin::ezforms.recipient','{\"fields\":[\"name\",\"email\",\"number\"]}','[]','2022-07-17 23:41:37.589000','2022-07-17 23:41:37.589000',NULL,NULL),(199,'plugin::content-manager.explorer.read','api::contact.contact','{\"fields\":[\"contact_cover_title\",\"contact_cover\",\"contact_cover_subtitle\",\"contact_content_title\",\"contact_address_title\",\"contact_email_title\",\"contact_phone_title\",\"contact_address_icon\",\"contact_email_icon\",\"contact_phone_icon\",\"contact_address\",\"contact_email\",\"contact_phone\",\"contact_content_description\",\"name_placeholder\",\"email_placeholder\",\"phone_placeholder\",\"subject_placeholder\",\"message_placeholder\",\"send_message_btn_label\"]}','[]','2022-07-17 23:41:37.602000','2022-07-17 23:41:37.602000',NULL,NULL),(200,'plugin::content-manager.explorer.read','api::faq.faq','{\"fields\":[\"faq_cover_title\",\"faq_cover_subtitle\",\"faq_content_title\",\"faq_content\",\"faq_cover\",\"questions_list\",\"faq_content_image\"]}','[]','2022-07-17 23:41:37.608000','2022-07-17 23:41:37.608000',NULL,NULL),(201,'plugin::content-manager.explorer.read','api::home-page.home-page','{\"fields\":[\"title\",\"Carousel\",\"why_us_title\",\"why_us_description\",\"reason1_title\",\"reason1_description\",\"reason1_icon\",\"reason2_title\",\"reason2_description\",\"reason2_icon\",\"reason3_title\",\"reason3_description\",\"reason3_icon\",\"reason4_title\",\"reason4_description\",\"reason4_icon\",\"steppers_title\",\"steppers_description\",\"step1_title\",\"step1_description\",\"step1_icon\",\"step2_title\",\"step2_description\",\"step2_icon\",\"step3_title\",\"step3_description\",\"step3_icon\",\"description\",\"sender_input_label\",\"transition_fee_value\",\"transition_fee_label\",\"recipient_label\",\"save_label\",\"save_value\",\"cta_label\",\"cta_description\",\"terms_policy\",\"exchange_rate_value\",\"exchange_rate_label\"]}','[]','2022-07-17 23:41:37.617000','2022-07-17 23:41:37.617000',NULL,NULL),(202,'plugin::content-manager.explorer.read','api::termes-et-conditions.termes-et-conditions','{\"fields\":[\"terms_page_cover_title\",\"terms_cover\",\"terms_page_cover_subtitle\",\"terms_content\"]}','[]','2022-07-17 23:41:37.624000','2022-07-17 23:41:37.624000',NULL,NULL),(203,'plugin::content-manager.explorer.read','api::vie-privee.vie-privee','{\"fields\":[\"privacy_policy_cover_title\",\"privacy_policy_cover_subtitle\",\"privacy_policy_content_title\",\"privacy_policy_content\",\"privacy_policy_cover\"]}','[]','2022-07-17 23:41:37.635000','2022-07-17 23:41:37.635000',NULL,NULL),(204,'plugin::content-manager.explorer.update','plugin::ezforms.submission','{\"fields\":[\"score\",\"data\",\"contact_name_lbl\",\"contact_name\",\"contact_email_lbl\",\"contact_email\",\"contact_content_lbl\"]}','[]','2022-07-17 23:41:37.644000','2022-07-17 23:41:37.644000',NULL,NULL),(205,'plugin::content-manager.explorer.update','plugin::ezforms.recipient','{\"fields\":[\"name\",\"email\",\"number\"]}','[]','2022-07-17 23:41:37.651000','2022-07-17 23:41:37.651000',NULL,NULL),(207,'plugin::content-manager.explorer.update','api::contact.contact','{\"fields\":[\"contact_cover_title\",\"contact_cover\",\"contact_cover_subtitle\",\"contact_content_title\",\"contact_address_title\",\"contact_email_title\",\"contact_phone_title\",\"contact_address_icon\",\"contact_email_icon\",\"contact_phone_icon\",\"contact_address\",\"contact_email\",\"contact_phone\",\"contact_content_description\",\"name_placeholder\",\"email_placeholder\",\"phone_placeholder\",\"subject_placeholder\",\"message_placeholder\",\"send_message_btn_label\"]}','[]','2022-07-17 23:41:37.665000','2022-07-17 23:41:37.665000',NULL,NULL),(208,'plugin::content-manager.explorer.update','api::faq.faq','{\"fields\":[\"faq_cover_title\",\"faq_cover_subtitle\",\"faq_content_title\",\"faq_content\",\"faq_cover\",\"questions_list\",\"faq_content_image\"]}','[]','2022-07-17 23:41:37.673000','2022-07-17 23:41:37.673000',NULL,NULL),(209,'plugin::content-manager.explorer.update','api::home-page.home-page','{\"fields\":[\"title\",\"Carousel\",\"why_us_title\",\"why_us_description\",\"reason1_title\",\"reason1_description\",\"reason1_icon\",\"reason2_title\",\"reason2_description\",\"reason2_icon\",\"reason3_title\",\"reason3_description\",\"reason3_icon\",\"reason4_title\",\"reason4_description\",\"reason4_icon\",\"steppers_title\",\"steppers_description\",\"step1_title\",\"step1_description\",\"step1_icon\",\"step2_title\",\"step2_description\",\"step2_icon\",\"step3_title\",\"step3_description\",\"step3_icon\",\"description\",\"sender_input_label\",\"transition_fee_value\",\"transition_fee_label\",\"recipient_label\",\"save_label\",\"save_value\",\"cta_label\",\"cta_description\",\"terms_policy\",\"exchange_rate_value\",\"exchange_rate_label\"]}','[]','2022-07-17 23:41:37.696000','2022-07-17 23:41:37.696000',NULL,NULL),(210,'plugin::content-manager.explorer.update','api::termes-et-conditions.termes-et-conditions','{\"fields\":[\"terms_page_cover_title\",\"terms_cover\",\"terms_page_cover_subtitle\",\"terms_content\"]}','[]','2022-07-17 23:41:37.705000','2022-07-17 23:41:37.705000',NULL,NULL),(211,'plugin::content-manager.explorer.update','api::vie-privee.vie-privee','{\"fields\":[\"privacy_policy_cover_title\",\"privacy_policy_cover_subtitle\",\"privacy_policy_content_title\",\"privacy_policy_content\",\"privacy_policy_cover\"]}','[]','2022-07-17 23:41:37.712000','2022-07-17 23:41:37.712000',NULL,NULL),(212,'plugin::content-manager.explorer.delete','plugin::ezforms.submission','{}','[]','2022-07-17 23:41:37.718000','2022-07-17 23:41:37.718000',NULL,NULL),(213,'plugin::content-manager.explorer.delete','plugin::ezforms.recipient','{}','[]','2022-07-17 23:41:37.729000','2022-07-17 23:41:37.729000',NULL,NULL),(214,'plugin::content-manager.explorer.delete','api::a-propos-de-nous.a-propos-de-nous','{}','[]','2022-07-17 23:41:37.741000','2022-07-17 23:41:37.741000',NULL,NULL),(215,'plugin::content-manager.explorer.delete','api::contact.contact','{}','[]','2022-07-17 23:41:37.748000','2022-07-17 23:41:37.748000',NULL,NULL),(216,'plugin::content-manager.explorer.delete','api::faq.faq','{}','[]','2022-07-17 23:41:37.755000','2022-07-17 23:41:37.755000',NULL,NULL),(217,'plugin::content-manager.explorer.delete','api::home-page.home-page','{}','[]','2022-07-17 23:41:37.765000','2022-07-17 23:41:37.765000',NULL,NULL),(218,'plugin::content-manager.explorer.delete','api::termes-et-conditions.termes-et-conditions','{}','[]','2022-07-17 23:41:37.772000','2022-07-17 23:41:37.772000',NULL,NULL),(219,'plugin::content-manager.explorer.delete','api::vie-privee.vie-privee','{}','[]','2022-07-17 23:41:37.778000','2022-07-17 23:41:37.778000',NULL,NULL),(220,'plugin::content-manager.explorer.publish','api::a-propos-de-nous.a-propos-de-nous','{}','[]','2022-07-17 23:41:37.783000','2022-07-17 23:41:37.783000',NULL,NULL),(221,'plugin::content-manager.explorer.publish','api::contact.contact','{}','[]','2022-07-17 23:41:37.788000','2022-07-17 23:41:37.788000',NULL,NULL),(222,'plugin::content-manager.explorer.publish','api::faq.faq','{}','[]','2022-07-17 23:41:37.794000','2022-07-17 23:41:37.794000',NULL,NULL),(223,'plugin::content-manager.explorer.publish','api::home-page.home-page','{}','[]','2022-07-17 23:41:37.799000','2022-07-17 23:41:37.799000',NULL,NULL),(224,'plugin::content-manager.explorer.publish','api::termes-et-conditions.termes-et-conditions','{}','[]','2022-07-17 23:41:37.806000','2022-07-17 23:41:37.806000',NULL,NULL),(225,'plugin::content-manager.explorer.publish','api::vie-privee.vie-privee','{}','[]','2022-07-17 23:41:37.811000','2022-07-17 23:41:37.811000',NULL,NULL),(231,'plugin::content-manager.explorer.create','api::a-propos-de-nous.a-propos-de-nous','{\"fields\":[\"about_us_content_desc\",\"about_us_content_image\",\"about_us_content_title\",\"about_us_content_uptitle\",\"about_us_cover\",\"about_us_cover_subtitle\",\"about_us_cover_title\"]}','[\"admin::is-creator\"]','2022-07-18 11:50:52.168000','2022-07-18 11:50:52.168000',NULL,NULL),(232,'plugin::content-manager.explorer.read','api::a-propos-de-nous.a-propos-de-nous','{\"fields\":[\"about_us_content_desc\",\"about_us_content_image\",\"about_us_content_title\",\"about_us_content_uptitle\",\"about_us_cover\",\"about_us_cover_subtitle\",\"about_us_cover_title\"]}','[\"admin::is-creator\"]','2022-07-18 11:50:52.195000','2022-07-18 11:50:52.195000',NULL,NULL),(233,'plugin::content-manager.explorer.update','api::a-propos-de-nous.a-propos-de-nous','{\"fields\":[\"about_us_content_desc\",\"about_us_content_image\",\"about_us_content_title\",\"about_us_content_uptitle\",\"about_us_cover\",\"about_us_cover_subtitle\",\"about_us_cover_title\"]}','[\"admin::is-creator\"]','2022-07-18 11:50:52.209000','2022-07-18 11:50:52.209000',NULL,NULL),(234,'plugin::content-manager.explorer.delete','api::a-propos-de-nous.a-propos-de-nous','{}','[\"admin::is-creator\"]','2022-07-18 11:50:52.234000','2022-07-18 11:50:52.234000',NULL,NULL),(235,'plugin::content-manager.explorer.create','api::contact.contact','{\"fields\":[\"contact_address\",\"contact_address_icon\",\"contact_address_title\",\"contact_content_description\",\"contact_content_title\",\"contact_cover\",\"contact_cover_subtitle\",\"contact_cover_title\",\"contact_email\",\"contact_email_icon\",\"contact_email_title\",\"contact_phone\",\"contact_phone_icon\",\"contact_phone_title\",\"email_placeholder\",\"message_placeholder\",\"name_placeholder\",\"phone_placeholder\",\"send_message_btn_label\",\"subject_placeholder\"]}','[\"admin::is-creator\"]','2022-07-18 11:50:52.239000','2022-07-18 11:50:52.239000',NULL,NULL),(236,'plugin::content-manager.explorer.read','api::contact.contact','{\"fields\":[\"contact_address\",\"contact_address_icon\",\"contact_address_title\",\"contact_content_description\",\"contact_content_title\",\"contact_cover\",\"contact_cover_subtitle\",\"contact_cover_title\",\"contact_email\",\"contact_email_icon\",\"contact_email_title\",\"contact_phone\",\"contact_phone_icon\",\"contact_phone_title\",\"email_placeholder\",\"message_placeholder\",\"name_placeholder\",\"phone_placeholder\",\"send_message_btn_label\",\"subject_placeholder\"]}','[\"admin::is-creator\"]','2022-07-18 11:50:52.246000','2022-07-18 11:50:52.246000',NULL,NULL),(237,'plugin::content-manager.explorer.update','api::contact.contact','{\"fields\":[\"contact_address\",\"contact_address_icon\",\"contact_address_title\",\"contact_content_description\",\"contact_content_title\",\"contact_cover\",\"contact_cover_subtitle\",\"contact_cover_title\",\"contact_email\",\"contact_email_icon\",\"contact_email_title\",\"contact_phone\",\"contact_phone_icon\",\"contact_phone_title\",\"email_placeholder\",\"message_placeholder\",\"name_placeholder\",\"phone_placeholder\",\"send_message_btn_label\",\"subject_placeholder\"]}','[\"admin::is-creator\"]','2022-07-18 11:50:52.251000','2022-07-18 11:50:52.251000',NULL,NULL),(238,'plugin::content-manager.explorer.delete','api::contact.contact','{}','[\"admin::is-creator\"]','2022-07-18 11:50:52.257000','2022-07-18 11:50:52.257000',NULL,NULL),(239,'plugin::content-manager.explorer.create','api::faq.faq','{\"fields\":[\"faq_content\",\"faq_content_image\",\"faq_content_title\",\"faq_cover\",\"faq_cover_subtitle\",\"faq_cover_title\",\"questions_list\"]}','[\"admin::is-creator\"]','2022-07-18 11:50:52.270000','2022-07-18 11:50:52.270000',NULL,NULL),(240,'plugin::content-manager.explorer.read','api::faq.faq','{\"fields\":[\"faq_content\",\"faq_content_image\",\"faq_content_title\",\"faq_cover\",\"faq_cover_subtitle\",\"faq_cover_title\",\"questions_list\"]}','[\"admin::is-creator\"]','2022-07-18 11:50:52.275000','2022-07-18 11:50:52.275000',NULL,NULL),(241,'plugin::content-manager.explorer.update','api::faq.faq','{\"fields\":[\"faq_content\",\"faq_content_image\",\"faq_content_title\",\"faq_cover\",\"faq_cover_subtitle\",\"faq_cover_title\",\"questions_list\"]}','[\"admin::is-creator\"]','2022-07-18 11:50:52.282000','2022-07-18 11:50:52.282000',NULL,NULL),(242,'plugin::content-manager.explorer.delete','api::faq.faq','{}','[\"admin::is-creator\"]','2022-07-18 11:50:52.286000','2022-07-18 11:50:52.286000',NULL,NULL),(243,'plugin::content-manager.explorer.create','api::home-page.home-page','{\"fields\":[\"Carousel\",\"cta_description\",\"cta_label\",\"description\",\"exchange_rate_label\",\"exchange_rate_value\",\"reason1_description\",\"reason1_icon\",\"reason1_title\",\"reason2_description\",\"reason2_icon\",\"reason2_title\",\"reason3_description\",\"reason3_icon\",\"reason3_title\",\"reason4_description\",\"reason4_icon\",\"reason4_title\",\"recipient_label\",\"save_label\",\"save_value\",\"sender_input_label\",\"step1_description\",\"step1_icon\",\"step1_title\",\"step2_description\",\"step2_icon\",\"step2_title\",\"step3_description\",\"step3_icon\",\"step3_title\",\"steppers_description\",\"steppers_title\",\"terms_policy\",\"title\",\"transition_fee_label\",\"transition_fee_value\",\"why_us_description\",\"why_us_title\"]}','[\"admin::is-creator\"]','2022-07-18 11:50:52.291000','2022-07-18 11:50:52.291000',NULL,NULL),(244,'plugin::content-manager.explorer.read','api::home-page.home-page','{\"fields\":[\"Carousel\",\"cta_description\",\"cta_label\",\"description\",\"exchange_rate_label\",\"exchange_rate_value\",\"reason1_description\",\"reason1_icon\",\"reason1_title\",\"reason2_description\",\"reason2_icon\",\"reason2_title\",\"reason3_description\",\"reason3_icon\",\"reason3_title\",\"reason4_description\",\"reason4_icon\",\"reason4_title\",\"recipient_label\",\"save_label\",\"save_value\",\"sender_input_label\",\"step1_description\",\"step1_icon\",\"step1_title\",\"step2_description\",\"step2_icon\",\"step2_title\",\"step3_description\",\"step3_icon\",\"step3_title\",\"steppers_description\",\"steppers_title\",\"terms_policy\",\"title\",\"transition_fee_label\",\"transition_fee_value\",\"why_us_description\",\"why_us_title\"]}','[\"admin::is-creator\"]','2022-07-18 11:50:52.299000','2022-07-18 11:50:52.299000',NULL,NULL),(245,'plugin::content-manager.explorer.update','api::home-page.home-page','{\"fields\":[\"Carousel\",\"cta_description\",\"cta_label\",\"description\",\"exchange_rate_label\",\"exchange_rate_value\",\"reason1_description\",\"reason1_icon\",\"reason1_title\",\"reason2_description\",\"reason2_icon\",\"reason2_title\",\"reason3_description\",\"reason3_icon\",\"reason3_title\",\"reason4_description\",\"reason4_icon\",\"reason4_title\",\"recipient_label\",\"save_label\",\"save_value\",\"sender_input_label\",\"step1_description\",\"step1_icon\",\"step1_title\",\"step2_description\",\"step2_icon\",\"step2_title\",\"step3_description\",\"step3_icon\",\"step3_title\",\"steppers_description\",\"steppers_title\",\"terms_policy\",\"title\",\"transition_fee_label\",\"transition_fee_value\",\"why_us_description\",\"why_us_title\"]}','[\"admin::is-creator\"]','2022-07-18 11:50:52.305000','2022-07-18 11:50:52.305000',NULL,NULL),(246,'plugin::content-manager.explorer.delete','api::home-page.home-page','{}','[\"admin::is-creator\"]','2022-07-18 11:50:52.310000','2022-07-18 11:50:52.310000',NULL,NULL),(247,'plugin::content-manager.explorer.create','api::termes-et-conditions.termes-et-conditions','{\"fields\":[\"terms_content\",\"terms_cover\",\"terms_page_cover_subtitle\",\"terms_page_cover_title\"]}','[\"admin::is-creator\"]','2022-07-18 11:50:52.315000','2022-07-18 11:50:52.315000',NULL,NULL),(248,'plugin::content-manager.explorer.read','api::termes-et-conditions.termes-et-conditions','{\"fields\":[\"terms_content\",\"terms_cover\",\"terms_page_cover_subtitle\",\"terms_page_cover_title\"]}','[\"admin::is-creator\"]','2022-07-18 11:50:52.319000','2022-07-18 11:50:52.319000',NULL,NULL),(249,'plugin::content-manager.explorer.update','api::termes-et-conditions.termes-et-conditions','{\"fields\":[\"terms_content\",\"terms_cover\",\"terms_page_cover_subtitle\",\"terms_page_cover_title\"]}','[\"admin::is-creator\"]','2022-07-18 11:50:52.325000','2022-07-18 11:50:52.325000',NULL,NULL),(250,'plugin::content-manager.explorer.delete','api::termes-et-conditions.termes-et-conditions','{}','[\"admin::is-creator\"]','2022-07-18 11:50:52.330000','2022-07-18 11:50:52.330000',NULL,NULL),(255,'plugin::content-manager.explorer.create','api::vie-privee.vie-privee','{\"fields\":[\"privacy_policy_content\",\"privacy_policy_content_title\",\"privacy_policy_cover\",\"privacy_policy_cover_subtitle\",\"privacy_policy_cover_title\"]}','[\"admin::is-creator\"]','2022-07-18 11:50:52.355000','2022-07-18 11:50:52.355000',NULL,NULL),(256,'plugin::content-manager.explorer.read','api::vie-privee.vie-privee','{\"fields\":[\"privacy_policy_content\",\"privacy_policy_content_title\",\"privacy_policy_cover\",\"privacy_policy_cover_subtitle\",\"privacy_policy_cover_title\"]}','[\"admin::is-creator\"]','2022-07-18 11:50:52.359000','2022-07-18 11:50:52.359000',NULL,NULL),(257,'plugin::content-manager.explorer.update','api::vie-privee.vie-privee','{\"fields\":[\"privacy_policy_content\",\"privacy_policy_content_title\",\"privacy_policy_cover\",\"privacy_policy_cover_subtitle\",\"privacy_policy_cover_title\"]}','[\"admin::is-creator\"]','2022-07-18 11:50:52.367000','2022-07-18 11:50:52.367000',NULL,NULL),(258,'plugin::content-manager.explorer.delete','api::vie-privee.vie-privee','{}','[\"admin::is-creator\"]','2022-07-18 11:50:52.372000','2022-07-18 11:50:52.372000',NULL,NULL),(263,'plugin::content-manager.explorer.delete','api::user-transfert.user-transfert','{}','[]','2022-07-19 22:17:35.914000','2022-07-19 22:17:35.914000',NULL,NULL),(264,'plugin::content-manager.explorer.publish','api::user-transfert.user-transfert','{}','[]','2022-07-19 22:17:35.919000','2022-07-19 22:17:35.919000',NULL,NULL),(300,'plugin::content-manager.explorer.delete','api::uprovince.uprovince','{}','[]','2022-07-23 20:39:51.841000','2022-07-23 20:39:51.841000',NULL,NULL),(301,'plugin::content-manager.explorer.publish','api::uprovince.uprovince','{}','[]','2022-07-23 20:39:51.848000','2022-07-23 20:39:51.848000',NULL,NULL),(302,'plugin::content-manager.explorer.create','api::uprovince.uprovince','{\"fields\":[\"name_fr\",\"code\"]}','[]','2022-07-23 20:41:37.900000','2022-07-23 20:41:37.900000',NULL,NULL),(303,'plugin::content-manager.explorer.read','api::uprovince.uprovince','{\"fields\":[\"name_fr\",\"code\"]}','[]','2022-07-23 20:41:37.908000','2022-07-23 20:41:37.908000',NULL,NULL),(304,'plugin::content-manager.explorer.update','api::uprovince.uprovince','{\"fields\":[\"name_fr\",\"code\"]}','[]','2022-07-23 20:41:37.916000','2022-07-23 20:41:37.916000',NULL,NULL),(333,'plugin::content-manager.explorer.delete','api::occupation.occupation','{}','[]','2022-07-23 21:58:54.971000','2022-07-23 21:58:54.971000',NULL,NULL),(334,'plugin::content-manager.explorer.publish','api::occupation.occupation','{}','[]','2022-07-23 21:58:54.977000','2022-07-23 21:58:54.977000',NULL,NULL),(368,'plugin::content-manager.explorer.create','api::occupation.occupation','{\"fields\":[\"name_fr\"]}','[]','2022-07-24 02:57:14.673000','2022-07-24 02:57:14.673000',NULL,NULL),(369,'plugin::content-manager.explorer.read','api::occupation.occupation','{\"fields\":[\"name_fr\"]}','[]','2022-07-24 02:57:14.680000','2022-07-24 02:57:14.680000',NULL,NULL),(370,'plugin::content-manager.explorer.update','api::occupation.occupation','{\"fields\":[\"name_fr\"]}','[]','2022-07-24 02:57:14.685000','2022-07-24 02:57:14.685000',NULL,NULL),(380,'plugin::content-manager.explorer.delete','api::transfert-type.transfert-type','{}','[]','2022-07-28 02:24:58.717000','2022-07-28 02:24:58.717000',NULL,NULL),(381,'plugin::content-manager.explorer.publish','api::transfert-type.transfert-type','{}','[]','2022-07-28 02:24:58.722000','2022-07-28 02:24:58.722000',NULL,NULL),(382,'plugin::content-manager.explorer.create','api::transfert-type.transfert-type','{\"fields\":[\"name_fr\"]}','[]','2022-07-28 02:25:43.669000','2022-07-28 02:25:43.669000',NULL,NULL),(383,'plugin::content-manager.explorer.read','api::transfert-type.transfert-type','{\"fields\":[\"name_fr\"]}','[]','2022-07-28 02:25:43.679000','2022-07-28 02:25:43.679000',NULL,NULL),(384,'plugin::content-manager.explorer.update','api::transfert-type.transfert-type','{\"fields\":[\"name_fr\"]}','[]','2022-07-28 02:25:43.686000','2022-07-28 02:25:43.686000',NULL,NULL),(394,'plugin::content-manager.explorer.create','api::success-transfert.success-transfert','{\"fields\":[\"confirmation_message\"]}','[]','2022-07-30 11:10:21.284000','2022-07-30 11:10:21.284000',NULL,NULL),(395,'plugin::content-manager.explorer.read','api::success-transfert.success-transfert','{\"fields\":[\"confirmation_message\"]}','[]','2022-07-30 11:10:21.293000','2022-07-30 11:10:21.293000',NULL,NULL),(396,'plugin::content-manager.explorer.update','api::success-transfert.success-transfert','{\"fields\":[\"confirmation_message\"]}','[]','2022-07-30 11:10:21.298000','2022-07-30 11:10:21.298000',NULL,NULL),(397,'plugin::content-manager.explorer.delete','api::success-transfert.success-transfert','{}','[]','2022-07-30 11:10:21.304000','2022-07-30 11:10:21.304000',NULL,NULL),(398,'plugin::content-manager.explorer.publish','api::success-transfert.success-transfert','{}','[]','2022-07-30 11:10:21.311000','2022-07-30 11:10:21.311000',NULL,NULL),(399,'plugin::content-manager.explorer.create','api::contact-message.contact-message','{\"fields\":[\"subject\",\"email\",\"message\",\"reason\",\"fullname\",\"phone\"]}','[]','2022-07-30 11:18:49.267000','2022-07-30 11:18:49.267000',NULL,NULL),(400,'plugin::content-manager.explorer.read','api::contact-message.contact-message','{\"fields\":[\"subject\",\"email\",\"message\",\"reason\",\"fullname\",\"phone\"]}','[]','2022-07-30 11:18:49.277000','2022-07-30 11:18:49.277000',NULL,NULL),(401,'plugin::content-manager.explorer.update','api::contact-message.contact-message','{\"fields\":[\"subject\",\"email\",\"message\",\"reason\",\"fullname\",\"phone\"]}','[]','2022-07-30 11:18:49.282000','2022-07-30 11:18:49.282000',NULL,NULL),(402,'plugin::content-manager.explorer.delete','api::contact-message.contact-message','{}','[]','2022-07-30 11:18:49.289000','2022-07-30 11:18:49.289000',NULL,NULL),(403,'plugin::content-manager.explorer.publish','api::contact-message.contact-message','{}','[]','2022-07-30 11:18:49.294000','2022-07-30 11:18:49.294000',NULL,NULL),(407,'plugin::content-manager.explorer.create','api::a-propos-de-nous.a-propos-de-nous','{\"fields\":[\"about_us_cover_title\",\"about_us_cover\",\"about_us_cover_subtitle\",\"about_us_content_title\",\"about_us_content_desc\",\"about_us_content_uptitle\",\"about_us_content_image\"]}','[]','2022-07-31 00:34:39.180000','2022-07-31 00:34:39.180000',NULL,NULL),(408,'plugin::content-manager.explorer.read','api::a-propos-de-nous.a-propos-de-nous','{\"fields\":[\"about_us_cover_title\",\"about_us_cover\",\"about_us_cover_subtitle\",\"about_us_content_title\",\"about_us_content_desc\",\"about_us_content_uptitle\",\"about_us_content_image\"]}','[]','2022-07-31 00:34:39.190000','2022-07-31 00:34:39.190000',NULL,NULL),(409,'plugin::content-manager.explorer.update','api::a-propos-de-nous.a-propos-de-nous','{\"fields\":[\"about_us_cover_title\",\"about_us_cover\",\"about_us_cover_subtitle\",\"about_us_content_title\",\"about_us_content_desc\",\"about_us_content_uptitle\",\"about_us_content_image\"]}','[]','2022-07-31 00:34:39.197000','2022-07-31 00:34:39.197000',NULL,NULL),(410,'plugin::content-manager.explorer.create','plugin::users-permissions.user','{\"fields\":[\"username\",\"email\",\"provider\",\"password\",\"resetPasswordToken\",\"confirmationToken\",\"confirmed\",\"blocked\",\"role\",\"user_transferts\",\"address\",\"province\",\"cellphone\",\"other_phone\",\"city\",\"occupation\",\"firstname\",\"lastname\",\"photo\",\"gender\"]}','[]','2022-07-31 00:35:06.768000','2022-07-31 00:35:06.768000',NULL,NULL),(411,'plugin::content-manager.explorer.read','plugin::users-permissions.user','{\"fields\":[\"username\",\"email\",\"provider\",\"password\",\"resetPasswordToken\",\"confirmationToken\",\"confirmed\",\"blocked\",\"role\",\"user_transferts\",\"address\",\"province\",\"cellphone\",\"other_phone\",\"city\",\"occupation\",\"firstname\",\"lastname\",\"photo\",\"gender\"]}','[]','2022-07-31 00:35:06.775000','2022-07-31 00:35:06.775000',NULL,NULL),(412,'plugin::content-manager.explorer.update','plugin::users-permissions.user','{\"fields\":[\"username\",\"email\",\"provider\",\"password\",\"resetPasswordToken\",\"confirmationToken\",\"confirmed\",\"blocked\",\"role\",\"user_transferts\",\"address\",\"province\",\"cellphone\",\"other_phone\",\"city\",\"occupation\",\"firstname\",\"lastname\",\"photo\",\"gender\"]}','[]','2022-07-31 00:35:06.783000','2022-07-31 00:35:06.783000',NULL,NULL),(422,'plugin::content-manager.explorer.delete','api::send-money.send-money','{}','[]','2022-08-01 18:49:10.510000','2022-08-01 18:49:10.510000',NULL,NULL),(423,'plugin::content-manager.explorer.publish','api::send-money.send-money','{}','[]','2022-08-01 18:49:10.518000','2022-08-01 18:49:10.518000',NULL,NULL),(427,'plugin::content-manager.explorer.delete','api::admin-setting.admin-setting','{}','[]','2022-08-01 18:50:32.838000','2022-08-01 18:50:32.838000',NULL,NULL),(428,'plugin::content-manager.explorer.publish','api::admin-setting.admin-setting','{}','[]','2022-08-01 18:50:32.845000','2022-08-01 18:50:32.845000',NULL,NULL),(432,'plugin::content-manager.explorer.create','api::send-money.send-money','{\"fields\":[\"title\",\"cover\",\"subtitle\"]}','[]','2022-08-01 19:08:47.533000','2022-08-01 19:08:47.533000',NULL,NULL),(433,'plugin::content-manager.explorer.read','api::send-money.send-money','{\"fields\":[\"title\",\"cover\",\"subtitle\"]}','[]','2022-08-01 19:08:47.541000','2022-08-01 19:08:47.541000',NULL,NULL),(434,'plugin::content-manager.explorer.update','api::send-money.send-money','{\"fields\":[\"title\",\"cover\",\"subtitle\"]}','[]','2022-08-01 19:08:47.548000','2022-08-01 19:08:47.548000',NULL,NULL),(447,'plugin::content-manager.explorer.delete','api::faq-question.faq-question','{}','[]','2022-08-02 01:08:36.098000','2022-08-02 01:08:36.098000',NULL,NULL),(448,'plugin::content-manager.explorer.publish','api::faq-question.faq-question','{}','[]','2022-08-02 01:08:36.105000','2022-08-02 01:08:36.105000',NULL,NULL),(449,'plugin::content-manager.explorer.create','api::faq-question.faq-question','{\"fields\":[\"question\",\"response\"]}','[]','2022-08-02 01:25:58.604000','2022-08-02 01:25:58.604000',NULL,NULL),(450,'plugin::content-manager.explorer.read','api::faq-question.faq-question','{\"fields\":[\"question\",\"response\"]}','[]','2022-08-02 01:25:58.613000','2022-08-02 01:25:58.613000',NULL,NULL),(451,'plugin::content-manager.explorer.update','api::faq-question.faq-question','{\"fields\":[\"question\",\"response\"]}','[]','2022-08-02 01:25:58.620000','2022-08-02 01:25:58.620000',NULL,NULL),(461,'plugin::content-manager.explorer.create','api::admin-setting.admin-setting','{\"fields\":[\"exchange_rate\",\"currency\",\"default_receiver_currency\",\"default_sender_currency\",\"interac_email\",\"interac_phone\",\"max_sender_money\",\"min_sender_money\"]}','[]','2022-08-06 12:54:37.412000','2022-08-06 12:54:37.412000',NULL,NULL),(462,'plugin::content-manager.explorer.read','api::admin-setting.admin-setting','{\"fields\":[\"exchange_rate\",\"currency\",\"default_receiver_currency\",\"default_sender_currency\",\"interac_email\",\"interac_phone\",\"max_sender_money\",\"min_sender_money\"]}','[]','2022-08-06 12:54:37.420000','2022-08-06 12:54:37.420000',NULL,NULL),(463,'plugin::content-manager.explorer.update','api::admin-setting.admin-setting','{\"fields\":[\"exchange_rate\",\"currency\",\"default_receiver_currency\",\"default_sender_currency\",\"interac_email\",\"interac_phone\",\"max_sender_money\",\"min_sender_money\"]}','[]','2022-08-06 12:54:37.426000','2022-08-06 12:54:37.426000',NULL,NULL),(467,'plugin::content-manager.explorer.create','api::bank.bank','{\"fields\":[\"name\",\"active\"]}','[]','2022-08-06 14:24:25.447000','2022-08-06 14:24:25.447000',NULL,NULL),(468,'plugin::content-manager.explorer.read','api::bank.bank','{\"fields\":[\"name\",\"active\"]}','[]','2022-08-06 14:24:25.456000','2022-08-06 14:24:25.456000',NULL,NULL),(469,'plugin::content-manager.explorer.update','api::bank.bank','{\"fields\":[\"name\",\"active\"]}','[]','2022-08-06 14:24:25.466000','2022-08-06 14:24:25.466000',NULL,NULL),(470,'plugin::content-manager.explorer.delete','api::bank.bank','{}','[]','2022-08-06 14:24:25.472000','2022-08-06 14:24:25.472000',NULL,NULL),(471,'plugin::content-manager.explorer.publish','api::bank.bank','{}','[]','2022-08-06 14:24:25.478000','2022-08-06 14:24:25.478000',NULL,NULL),(484,'plugin::content-manager.explorer.create','api::user-transfert.user-transfert','{\"fields\":[\"cdate\",\"amount_to_send\",\"amount_to_receive\",\"to_name\",\"to_firstname\",\"to_email\",\"reception_proof\",\"user\",\"to_city\",\"to_address\",\"to_phone\",\"reason\",\"transfert_type\",\"to_other_phone\",\"to_middle_name\",\"status\",\"message\",\"code\",\"bank_branch\",\"account_number\",\"agency_code\",\"agency_key\",\"transfert_bank\",\"mobile_money_number\"]}','[]','2022-08-06 20:00:21.225000','2022-08-06 20:00:21.225000',NULL,NULL),(485,'plugin::content-manager.explorer.read','api::user-transfert.user-transfert','{\"fields\":[\"cdate\",\"amount_to_send\",\"amount_to_receive\",\"to_name\",\"to_firstname\",\"to_email\",\"reception_proof\",\"user\",\"to_city\",\"to_address\",\"to_phone\",\"reason\",\"transfert_type\",\"to_other_phone\",\"to_middle_name\",\"status\",\"message\",\"code\",\"bank_branch\",\"account_number\",\"agency_code\",\"agency_key\",\"transfert_bank\",\"mobile_money_number\"]}','[]','2022-08-06 20:00:21.233000','2022-08-06 20:00:21.233000',NULL,NULL),(486,'plugin::content-manager.explorer.update','api::user-transfert.user-transfert','{\"fields\":[\"cdate\",\"amount_to_send\",\"amount_to_receive\",\"to_name\",\"to_firstname\",\"to_email\",\"reception_proof\",\"user\",\"to_city\",\"to_address\",\"to_phone\",\"reason\",\"transfert_type\",\"to_other_phone\",\"to_middle_name\",\"status\",\"message\",\"code\",\"bank_branch\",\"account_number\",\"agency_code\",\"agency_key\",\"transfert_bank\",\"mobile_money_number\"]}','[]','2022-08-06 20:00:21.244000','2022-08-06 20:00:21.244000',NULL,NULL);
/*!40000 ALTER TABLE `admin_permissions` ENABLE KEYS */;
UNLOCK TABLES;

--
-- Table structure for table `admin_permissions_role_links`
--

DROP TABLE IF EXISTS `admin_permissions_role_links`;
/*!40101 SET @saved_cs_client     = @@character_set_client */;
/*!40101 SET character_set_client = utf8 */;
CREATE TABLE `admin_permissions_role_links` (
  `permission_id` int(10) unsigned DEFAULT NULL,
  `role_id` int(10) unsigned DEFAULT NULL,
  KEY `admin_permissions_role_links_fk` (`permission_id`),
  KEY `admin_permissions_role_links_inv_fk` (`role_id`),
  CONSTRAINT `admin_permissions_role_links_fk` FOREIGN KEY (`permission_id`) REFERENCES `admin_permissions` (`id`) ON DELETE CASCADE,
  CONSTRAINT `admin_permissions_role_links_inv_fk` FOREIGN KEY (`role_id`) REFERENCES `admin_roles` (`id`) ON DELETE CASCADE
) ENGINE=InnoDB DEFAULT CHARSET=utf8mb4;
/*!40101 SET character_set_client = @saved_cs_client */;

--
-- Dumping data for table `admin_permissions_role_links`
--

LOCK TABLES `admin_permissions_role_links` WRITE;
/*!40000 ALTER TABLE `admin_permissions_role_links` DISABLE KEYS */;
INSERT INTO `admin_permissions_role_links` VALUES (1,2),(2,2),(3,2),(4,2),(5,2),(6,3),(7,3),(8,3),(9,3),(10,3),(14,1),(15,1),(16,1),(17,1),(18,1),(19,1),(20,1),(21,1),(22,1),(23,1),(24,1),(25,1),(26,1),(27,1),(28,1),(29,1),(30,1),(31,1),(32,1),(33,1),(34,1),(35,1),(36,1),(37,1),(38,1),(39,1),(40,1),(41,1),(42,1),(43,1),(44,1),(45,1),(46,1),(47,1),(48,1),(49,1),(50,1),(51,1),(52,1),(53,1),(54,1),(55,1),(56,1),(57,1),(58,1),(59,1),(60,1),(188,1),(189,1),(191,1),(192,1),(193,1),(194,1),(195,1),(196,1),(197,1),(199,1),(200,1),(201,1),(202,1),(203,1),(204,1),(205,1),(207,1),(208,1),(209,1),(210,1),(211,1),(212,1),(213,1),(214,1),(215,1),(216,1),(217,1),(218,1),(219,1),(220,1),(221,1),(222,1),(223,1),(224,1),(225,1),(231,3),(232,3),(233,3),(234,3),(235,3),(236,3),(237,3),(238,3),(239,3),(240,3),(241,3),(242,3),(243,3),(244,3),(245,3),(246,3),(247,3),(248,3),(249,3),(250,3),(255,3),(256,3),(257,3),(258,3),(263,1),(264,1),(300,1),(301,1),(302,1),(303,1),(304,1),(333,1),(334,1),(368,1),(369,1),(370,1),(380,1),(381,1),(382,1),(383,1),(384,1),(394,1),(395,1),(396,1),(397,1),(398,1),(399,1),(400,1),(401,1),(402,1),(403,1),(407,1),(408,1),(409,1),(410,1),(411,1),(412,1),(422,1),(423,1),(427,1),(428,1),(432,1),(433,1),(434,1),(447,1),(448,1),(449,1),(450,1),(451,1),(461,1),(462,1),(463,1),(467,1),(468,1),(469,1),(470,1),(471,1),(484,1),(485,1),(486,1);
/*!40000 ALTER TABLE `admin_permissions_role_links` ENABLE KEYS */;
UNLOCK TABLES;

--
-- Table structure for table `admin_roles`
--

DROP TABLE IF EXISTS `admin_roles`;
/*!40101 SET @saved_cs_client     = @@character_set_client */;
/*!40101 SET character_set_client = utf8 */;
CREATE TABLE `admin_roles` (
  `id` int(10) unsigned NOT NULL AUTO_INCREMENT,
  `name` varchar(255) DEFAULT NULL,
  `code` varchar(255) DEFAULT NULL,
  `description` varchar(255) DEFAULT NULL,
  `created_at` datetime(6) DEFAULT NULL,
  `updated_at` datetime(6) DEFAULT NULL,
  `created_by_id` int(10) unsigned DEFAULT NULL,
  `updated_by_id` int(10) unsigned DEFAULT NULL,
  PRIMARY KEY (`id`),
  KEY `admin_roles_created_by_id_fk` (`created_by_id`),
  KEY `admin_roles_updated_by_id_fk` (`updated_by_id`),
  CONSTRAINT `admin_roles_created_by_id_fk` FOREIGN KEY (`created_by_id`) REFERENCES `admin_users` (`id`) ON DELETE SET NULL,
  CONSTRAINT `admin_roles_updated_by_id_fk` FOREIGN KEY (`updated_by_id`) REFERENCES `admin_users` (`id`) ON DELETE SET NULL
) ENGINE=InnoDB AUTO_INCREMENT=4 DEFAULT CHARSET=utf8mb4;
/*!40101 SET character_set_client = @saved_cs_client */;

--
-- Dumping data for table `admin_roles`
--

LOCK TABLES `admin_roles` WRITE;
/*!40000 ALTER TABLE `admin_roles` DISABLE KEYS */;
INSERT INTO `admin_roles` VALUES (1,'Super Admin','strapi-super-admin','Super Admins can access and manage all features and settings.','2022-06-27 01:19:20.924000','2022-06-27 01:19:20.924000',NULL,NULL),(2,'Editor','strapi-editor','Editors can manage and publish contents including those of other users.','2022-06-27 01:19:20.931000','2022-06-27 01:19:20.931000',NULL,NULL),(3,'Author','strapi-author','Authors can manage the content they have created.','2022-06-27 01:19:20.938000','2022-07-18 11:50:54.141000',NULL,NULL);
/*!40000 ALTER TABLE `admin_roles` ENABLE KEYS */;
UNLOCK TABLES;

--
-- Table structure for table `admin_settings`
--

DROP TABLE IF EXISTS `admin_settings`;
/*!40101 SET @saved_cs_client     = @@character_set_client */;
/*!40101 SET character_set_client = utf8 */;
CREATE TABLE `admin_settings` (
  `id` int(10) unsigned NOT NULL AUTO_INCREMENT,
  `exchange_rate` varchar(255) DEFAULT NULL,
  `created_at` datetime(6) DEFAULT NULL,
  `updated_at` datetime(6) DEFAULT NULL,
  `published_at` datetime(6) DEFAULT NULL,
  `created_by_id` int(10) unsigned DEFAULT NULL,
  `updated_by_id` int(10) unsigned DEFAULT NULL,
  `currency` varchar(255) DEFAULT NULL,
  `default_receiver_currency` varchar(255) DEFAULT NULL,
  `default_sender_currency` varchar(255) DEFAULT NULL,
  `interac_email` varchar(255) DEFAULT NULL,
  `interac_phone` varchar(255) DEFAULT NULL,
  `max_sender_money` decimal(10,2) DEFAULT NULL,
  `min_sender_money` decimal(10,2) DEFAULT NULL,
  PRIMARY KEY (`id`),
  KEY `admin_settings_created_by_id_fk` (`created_by_id`),
  KEY `admin_settings_updated_by_id_fk` (`updated_by_id`),
  CONSTRAINT `admin_settings_created_by_id_fk` FOREIGN KEY (`created_by_id`) REFERENCES `admin_users` (`id`) ON DELETE SET NULL,
  CONSTRAINT `admin_settings_updated_by_id_fk` FOREIGN KEY (`updated_by_id`) REFERENCES `admin_users` (`id`) ON DELETE SET NULL
) ENGINE=InnoDB AUTO_INCREMENT=2 DEFAULT CHARSET=utf8mb4;
/*!40101 SET character_set_client = @saved_cs_client */;

--
-- Dumping data for table `admin_settings`
--

LOCK TABLES `admin_settings` WRITE;
/*!40000 ALTER TABLE `admin_settings` DISABLE KEYS */;
INSERT INTO `admin_settings` VALUES (1,'475','2022-08-01 18:55:16.286000','2022-08-06 12:55:28.235000','2022-08-01 18:55:43.255000',1,1,'XAF','XAF','CAD','info@pacifiktransfert.com',NULL,6000.00,12.00);
/*!40000 ALTER TABLE `admin_settings` ENABLE KEYS */;
UNLOCK TABLES;

--
-- Table structure for table `admin_users`
--

DROP TABLE IF EXISTS `admin_users`;
/*!40101 SET @saved_cs_client     = @@character_set_client */;
/*!40101 SET character_set_client = utf8 */;
CREATE TABLE `admin_users` (
  `id` int(10) unsigned NOT NULL AUTO_INCREMENT,
  `firstname` varchar(255) DEFAULT NULL,
  `lastname` varchar(255) DEFAULT NULL,
  `username` varchar(255) DEFAULT NULL,
  `email` varchar(255) DEFAULT NULL,
  `password` varchar(255) DEFAULT NULL,
  `reset_password_token` varchar(255) DEFAULT NULL,
  `registration_token` varchar(255) DEFAULT NULL,
  `is_active` tinyint(1) DEFAULT NULL,
  `blocked` tinyint(1) DEFAULT NULL,
  `prefered_language` varchar(255) DEFAULT NULL,
  `created_at` datetime(6) DEFAULT NULL,
  `updated_at` datetime(6) DEFAULT NULL,
  `created_by_id` int(10) unsigned DEFAULT NULL,
  `updated_by_id` int(10) unsigned DEFAULT NULL,
  PRIMARY KEY (`id`),
  KEY `admin_users_created_by_id_fk` (`created_by_id`),
  KEY `admin_users_updated_by_id_fk` (`updated_by_id`),
  CONSTRAINT `admin_users_created_by_id_fk` FOREIGN KEY (`created_by_id`) REFERENCES `admin_users` (`id`) ON DELETE SET NULL,
  CONSTRAINT `admin_users_updated_by_id_fk` FOREIGN KEY (`updated_by_id`) REFERENCES `admin_users` (`id`) ON DELETE SET NULL
) ENGINE=InnoDB AUTO_INCREMENT=5 DEFAULT CHARSET=utf8mb4;
/*!40101 SET character_set_client = @saved_cs_client */;

--
-- Dumping data for table `admin_users`
--

LOCK TABLES `admin_users` WRITE;
/*!40000 ALTER TABLE `admin_users` DISABLE KEYS */;
INSERT INTO `admin_users` VALUES (1,'Jhonny','Alcius',NULL,'louis.jhonny@gmail.com','$2a$10$XBDQjmYf.UmkazIrxrjsFug9LcR/3973eK5Rm.iczgZFtNoU8qPza',NULL,NULL,1,0,NULL,'2022-06-27 01:52:05.868000','2022-07-16 04:37:37.946000',NULL,NULL),(3,'Wessim','Hmaied',NULL,'hmaied.wessim@gmail.com','$2a$10$ocJFTn8R91RhRLxdhgIxouv9IgKWqkU66hL9exea6hO.n84eGh3FC',NULL,'cafe9a3d40f5b873704b11e6ef5bb5edf939b3d7',1,0,NULL,'2022-07-11 22:51:32.932000','2022-07-11 22:59:27.697000',NULL,NULL),(4,'William Alex','Ndjiki','william','njuinangw@gmail.com','$2a$10$st4acrVtsEulZie5CIKL..WHei8VemcUaUAyM8jb1qRyO9d2BYLy6',NULL,'13932aefa96edb37d7ea0927f16fc154cd4797f8',1,0,NULL,'2022-07-23 15:09:04.691000','2022-07-23 15:10:49.060000',NULL,NULL);
/*!40000 ALTER TABLE `admin_users` ENABLE KEYS */;
UNLOCK TABLES;

--
-- Table structure for table `admin_users_roles_links`
--

DROP TABLE IF EXISTS `admin_users_roles_links`;
/*!40101 SET @saved_cs_client     = @@character_set_client */;
/*!40101 SET character_set_client = utf8 */;
CREATE TABLE `admin_users_roles_links` (
  `user_id` int(10) unsigned DEFAULT NULL,
  `role_id` int(10) unsigned DEFAULT NULL,
  KEY `admin_users_roles_links_fk` (`user_id`),
  KEY `admin_users_roles_links_inv_fk` (`role_id`),
  CONSTRAINT `admin_users_roles_links_fk` FOREIGN KEY (`user_id`) REFERENCES `admin_users` (`id`) ON DELETE CASCADE,
  CONSTRAINT `admin_users_roles_links_inv_fk` FOREIGN KEY (`role_id`) REFERENCES `admin_roles` (`id`) ON DELETE CASCADE
) ENGINE=InnoDB DEFAULT CHARSET=utf8mb4;
/*!40101 SET character_set_client = @saved_cs_client */;

--
-- Dumping data for table `admin_users_roles_links`
--

LOCK TABLES `admin_users_roles_links` WRITE;
/*!40000 ALTER TABLE `admin_users_roles_links` DISABLE KEYS */;
INSERT INTO `admin_users_roles_links` VALUES (3,1),(1,1),(1,2),(1,3),(4,1);
/*!40000 ALTER TABLE `admin_users_roles_links` ENABLE KEYS */;
UNLOCK TABLES;

--
-- Table structure for table `banks`
--

DROP TABLE IF EXISTS `banks`;
/*!40101 SET @saved_cs_client     = @@character_set_client */;
/*!40101 SET character_set_client = utf8 */;
CREATE TABLE `banks` (
  `id` int(10) unsigned NOT NULL AUTO_INCREMENT,
  `name` varchar(255) DEFAULT NULL,
  `active` varchar(255) DEFAULT NULL,
  `created_at` datetime(6) DEFAULT NULL,
  `updated_at` datetime(6) DEFAULT NULL,
  `published_at` datetime(6) DEFAULT NULL,
  `created_by_id` int(10) unsigned DEFAULT NULL,
  `updated_by_id` int(10) unsigned DEFAULT NULL,
  PRIMARY KEY (`id`),
  KEY `banks_created_by_id_fk` (`created_by_id`),
  KEY `banks_updated_by_id_fk` (`updated_by_id`),
  CONSTRAINT `banks_created_by_id_fk` FOREIGN KEY (`created_by_id`) REFERENCES `admin_users` (`id`) ON DELETE SET NULL,
  CONSTRAINT `banks_updated_by_id_fk` FOREIGN KEY (`updated_by_id`) REFERENCES `admin_users` (`id`) ON DELETE SET NULL
) ENGINE=InnoDB AUTO_INCREMENT=11 DEFAULT CHARSET=utf8mb4;
/*!40101 SET character_set_client = @saved_cs_client */;

--
-- Dumping data for table `banks`
--

LOCK TABLES `banks` WRITE;
/*!40000 ALTER TABLE `banks` DISABLE KEYS */;
INSERT INTO `banks` VALUES (1,'Afriland first bank','yes','2022-08-06 14:25:28.048000','2022-08-06 14:26:09.410000','2022-08-06 14:26:09.408000',1,1),(2,'Banque Atlantique','yes','2022-08-06 14:25:57.185000','2022-08-06 14:26:01.966000','2022-08-06 14:26:01.963000',1,1),(3,'BICEC','yes','2022-08-06 14:26:25.616000','2022-08-06 14:26:26.536000','2022-08-06 14:26:26.533000',1,1),(4,'CCA','yes','2022-08-06 14:26:41.052000','2022-08-06 14:27:43.114000','2022-08-06 14:27:43.112000',1,1),(5,'SCB','yes','2022-08-06 14:27:01.809000','2022-08-06 14:27:02.579000','2022-08-06 14:27:02.577000',1,1),(6,'SGBC','yes','2022-08-06 14:27:19.679000','2022-08-06 14:27:20.394000','2022-08-06 14:27:20.392000',1,1),(7,'UBA','yes','2022-08-06 14:27:31.688000','2022-08-06 14:27:32.573000','2022-08-06 14:27:32.571000',1,1),(8,'ECOBANK','yes','2022-08-06 14:28:00.963000','2022-08-06 14:28:01.671000','2022-08-06 14:28:01.669000',1,1),(9,'MC2','yes','2022-08-06 14:28:17.155000','2022-08-06 14:28:17.745000','2022-08-06 14:28:17.743000',1,1),(10,'Advans','yes','2022-08-06 14:28:26.647000','2022-08-06 14:28:32.388000','2022-08-06 14:28:32.386000',1,1);
/*!40000 ALTER TABLE `banks` ENABLE KEYS */;
UNLOCK TABLES;

--
-- Table structure for table `contact_messages`
--

DROP TABLE IF EXISTS `contact_messages`;
/*!40101 SET @saved_cs_client     = @@character_set_client */;
/*!40101 SET character_set_client = utf8 */;
CREATE TABLE `contact_messages` (
  `id` int(10) unsigned NOT NULL AUTO_INCREMENT,
  `subject` varchar(255) DEFAULT NULL,
  `email` varchar(255) DEFAULT NULL,
  `message` longtext DEFAULT NULL,
  `reason` varchar(255) DEFAULT NULL,
  `fullname` varchar(255) DEFAULT NULL,
  `phone` varchar(255) DEFAULT NULL,
  `created_at` datetime(6) DEFAULT NULL,
  `updated_at` datetime(6) DEFAULT NULL,
  `published_at` datetime(6) DEFAULT NULL,
  `created_by_id` int(10) unsigned DEFAULT NULL,
  `updated_by_id` int(10) unsigned DEFAULT NULL,
  PRIMARY KEY (`id`),
  KEY `contact_messages_created_by_id_fk` (`created_by_id`),
  KEY `contact_messages_updated_by_id_fk` (`updated_by_id`),
  CONSTRAINT `contact_messages_created_by_id_fk` FOREIGN KEY (`created_by_id`) REFERENCES `admin_users` (`id`) ON DELETE SET NULL,
  CONSTRAINT `contact_messages_updated_by_id_fk` FOREIGN KEY (`updated_by_id`) REFERENCES `admin_users` (`id`) ON DELETE SET NULL
) ENGINE=InnoDB AUTO_INCREMENT=7 DEFAULT CHARSET=utf8mb4;
/*!40101 SET character_set_client = @saved_cs_client */;

--
-- Dumping data for table `contact_messages`
--

LOCK TABLES `contact_messages` WRITE;
/*!40000 ALTER TABLE `contact_messages` DISABLE KEYS */;
INSERT INTO `contact_messages` VALUES (1,'raison','louis.jhonny@gmail.com','Juste un test',NULL,'Jhonny','5142601023','2022-07-30 23:03:46.963000','2022-07-30 23:03:46.963000','2022-07-30 23:03:46.950000',NULL,NULL),(2,'Raison du contact','Yelimayjla@gmail.com','Je suis mal pris avec votre site',NULL,'Yamiley Jean louis','5142301285','2022-07-30 23:08:51.861000','2022-07-30 23:08:51.861000','2022-07-30 23:08:51.853000',NULL,NULL),(3,'Aucune raison','louis.jhonny@gmail.com','Juste un autre test',NULL,'Valor','514232323232','2022-07-30 23:14:11.865000','2022-07-30 23:14:11.865000','2022-07-30 23:14:11.863000',NULL,NULL),(4,'raison null','melanie@mail.com','juste un autre test',NULL,'Melanie trump','5142601022','2022-07-30 23:32:27.047000','2022-07-30 23:32:27.047000','2022-07-30 23:32:27.045000',NULL,NULL),(5,'La raison ici','harry.potter@gmail.com','Un test de contact final',NULL,'Harry potter','5142601023','2022-07-30 23:34:29.810000','2022-07-30 23:34:29.810000','2022-07-30 23:34:29.808000',NULL,NULL),(6,'Juste un test','louis.jhonny@gmail.com','Message de contact test. merci d\'ignorer',NULL,'Jhonny','5142601023','2022-08-02 01:27:37.810000','2022-08-02 01:27:37.810000','2022-08-02 01:27:37.799000',NULL,NULL);
/*!40000 ALTER TABLE `contact_messages` ENABLE KEYS */;
UNLOCK TABLES;

--
-- Table structure for table `contacts`
--

DROP TABLE IF EXISTS `contacts`;
/*!40101 SET @saved_cs_client     = @@character_set_client */;
/*!40101 SET character_set_client = utf8 */;
CREATE TABLE `contacts` (
  `id` int(10) unsigned NOT NULL AUTO_INCREMENT,
  `contact_cover_title` varchar(255) DEFAULT NULL,
  `contact_cover_subtitle` varchar(255) DEFAULT NULL,
  `contact_content_title` varchar(255) DEFAULT NULL,
  `contact_address_title` varchar(255) DEFAULT NULL,
  `contact_email_title` varchar(255) DEFAULT NULL,
  `contact_phone_title` varchar(255) DEFAULT NULL,
  `contact_address` varchar(255) DEFAULT NULL,
  `contact_email` varchar(255) DEFAULT NULL,
  `contact_phone` varchar(255) DEFAULT NULL,
  `contact_content_description` longtext DEFAULT NULL,
  `name_placeholder` varchar(255) DEFAULT NULL,
  `email_placeholder` varchar(255) DEFAULT NULL,
  `phone_placeholder` varchar(255) DEFAULT NULL,
  `subject_placeholder` varchar(255) DEFAULT NULL,
  `message_placeholder` varchar(255) DEFAULT NULL,
  `send_message_btn_label` varchar(255) DEFAULT NULL,
  `created_at` datetime(6) DEFAULT NULL,
  `updated_at` datetime(6) DEFAULT NULL,
  `published_at` datetime(6) DEFAULT NULL,
  `created_by_id` int(10) unsigned DEFAULT NULL,
  `updated_by_id` int(10) unsigned DEFAULT NULL,
  PRIMARY KEY (`id`),
  KEY `contacts_created_by_id_fk` (`created_by_id`),
  KEY `contacts_updated_by_id_fk` (`updated_by_id`),
  CONSTRAINT `contacts_created_by_id_fk` FOREIGN KEY (`created_by_id`) REFERENCES `admin_users` (`id`) ON DELETE SET NULL,
  CONSTRAINT `contacts_updated_by_id_fk` FOREIGN KEY (`updated_by_id`) REFERENCES `admin_users` (`id`) ON DELETE SET NULL
) ENGINE=InnoDB AUTO_INCREMENT=2 DEFAULT CHARSET=utf8mb4;
/*!40101 SET character_set_client = @saved_cs_client */;

--
-- Dumping data for table `contacts`
--

LOCK TABLES `contacts` WRITE;
/*!40000 ALTER TABLE `contacts` DISABLE KEYS */;
INSERT INTO `contacts` VALUES (1,'Contactez-nous','Nous sommes a l\'ecoute de vos commentaires et vos idees. Contactez-nous du lundi au vendredi de 8:00 a 17:00, heure de l\'est','Drop us a message for any query','Adresse','Courriel','Support','2145 rue saint-patrique, Saint-laurent, QC','infos@pacifiktransfert.com','+14504209666','Lorem ipsum dolor sit amet, consectetur adipiscing elit, sed do eiusmod tempor incididunt ut labore et dolore magna aliqua.','Votre nom','Votre courriel','Votre numero de telephone','Raison pour laquelle vous nous contactez','Inscrivez votre message ici','Envoyer','2022-07-18 12:59:45.725000','2022-07-30 15:49:20.137000','2022-07-18 12:59:47.901000',1,3);
/*!40000 ALTER TABLE `contacts` ENABLE KEYS */;
UNLOCK TABLES;

--
-- Table structure for table `ezforms_recipient`
--

DROP TABLE IF EXISTS `ezforms_recipient`;
/*!40101 SET @saved_cs_client     = @@character_set_client */;
/*!40101 SET character_set_client = utf8 */;
CREATE TABLE `ezforms_recipient` (
  `id` int(10) unsigned NOT NULL AUTO_INCREMENT,
  `name` varchar(255) DEFAULT NULL,
  `email` varchar(255) DEFAULT NULL,
  `number` varchar(255) DEFAULT NULL,
  `created_at` datetime(6) DEFAULT NULL,
  `updated_at` datetime(6) DEFAULT NULL,
  `created_by_id` int(10) unsigned DEFAULT NULL,
  `updated_by_id` int(10) unsigned DEFAULT NULL,
  PRIMARY KEY (`id`),
  KEY `ezforms_recipient_created_by_id_fk` (`created_by_id`),
  KEY `ezforms_recipient_updated_by_id_fk` (`updated_by_id`),
  CONSTRAINT `ezforms_recipient_created_by_id_fk` FOREIGN KEY (`created_by_id`) REFERENCES `admin_users` (`id`) ON DELETE SET NULL,
  CONSTRAINT `ezforms_recipient_updated_by_id_fk` FOREIGN KEY (`updated_by_id`) REFERENCES `admin_users` (`id`) ON DELETE SET NULL
) ENGINE=InnoDB DEFAULT CHARSET=utf8mb4;
/*!40101 SET character_set_client = @saved_cs_client */;

--
-- Dumping data for table `ezforms_recipient`
--

LOCK TABLES `ezforms_recipient` WRITE;
/*!40000 ALTER TABLE `ezforms_recipient` DISABLE KEYS */;
/*!40000 ALTER TABLE `ezforms_recipient` ENABLE KEYS */;
UNLOCK TABLES;

--
-- Table structure for table `ezforms_submission`
--

DROP TABLE IF EXISTS `ezforms_submission`;
/*!40101 SET @saved_cs_client     = @@character_set_client */;
/*!40101 SET character_set_client = utf8 */;
CREATE TABLE `ezforms_submission` (
  `id` int(10) unsigned NOT NULL AUTO_INCREMENT,
  `score` varchar(255) DEFAULT NULL,
  `data` longtext CHARACTER SET utf8mb4 COLLATE utf8mb4_bin DEFAULT NULL,
  `contact_name_lbl` varchar(255) DEFAULT NULL,
  `contact_name` longtext CHARACTER SET utf8mb4 COLLATE utf8mb4_bin DEFAULT NULL,
  `contact_email_lbl` varchar(255) DEFAULT NULL,
  `contact_email` longtext CHARACTER SET utf8mb4 COLLATE utf8mb4_bin DEFAULT NULL,
  `contact_content_lbl` varchar(255) DEFAULT NULL,
  `created_at` datetime(6) DEFAULT NULL,
  `updated_at` datetime(6) DEFAULT NULL,
  `created_by_id` int(10) unsigned DEFAULT NULL,
  `updated_by_id` int(10) unsigned DEFAULT NULL,
  PRIMARY KEY (`id`),
  KEY `ezforms_submission_created_by_id_fk` (`created_by_id`),
  KEY `ezforms_submission_updated_by_id_fk` (`updated_by_id`),
  CONSTRAINT `ezforms_submission_created_by_id_fk` FOREIGN KEY (`created_by_id`) REFERENCES `admin_users` (`id`) ON DELETE SET NULL,
  CONSTRAINT `ezforms_submission_updated_by_id_fk` FOREIGN KEY (`updated_by_id`) REFERENCES `admin_users` (`id`) ON DELETE SET NULL
) ENGINE=InnoDB DEFAULT CHARSET=utf8mb4;
/*!40101 SET character_set_client = @saved_cs_client */;

--
-- Dumping data for table `ezforms_submission`
--

LOCK TABLES `ezforms_submission` WRITE;
/*!40000 ALTER TABLE `ezforms_submission` DISABLE KEYS */;
/*!40000 ALTER TABLE `ezforms_submission` ENABLE KEYS */;
UNLOCK TABLES;

--
-- Table structure for table `faq_questions`
--

DROP TABLE IF EXISTS `faq_questions`;
/*!40101 SET @saved_cs_client     = @@character_set_client */;
/*!40101 SET character_set_client = utf8 */;
CREATE TABLE `faq_questions` (
  `id` int(10) unsigned NOT NULL AUTO_INCREMENT,
  `question` varchar(255) DEFAULT NULL,
  `response` longtext DEFAULT NULL,
  `created_at` datetime(6) DEFAULT NULL,
  `updated_at` datetime(6) DEFAULT NULL,
  `published_at` datetime(6) DEFAULT NULL,
  `created_by_id` int(10) unsigned DEFAULT NULL,
  `updated_by_id` int(10) unsigned DEFAULT NULL,
  PRIMARY KEY (`id`),
  KEY `faq_questions_created_by_id_fk` (`created_by_id`),
  KEY `faq_questions_updated_by_id_fk` (`updated_by_id`),
  CONSTRAINT `faq_questions_created_by_id_fk` FOREIGN KEY (`created_by_id`) REFERENCES `admin_users` (`id`) ON DELETE SET NULL,
  CONSTRAINT `faq_questions_updated_by_id_fk` FOREIGN KEY (`updated_by_id`) REFERENCES `admin_users` (`id`) ON DELETE SET NULL
) ENGINE=InnoDB AUTO_INCREMENT=5 DEFAULT CHARSET=utf8mb4;
/*!40101 SET character_set_client = @saved_cs_client */;

--
-- Dumping data for table `faq_questions`
--

LOCK TABLES `faq_questions` WRITE;
/*!40000 ALTER TABLE `faq_questions` DISABLE KEYS */;
INSERT INTO `faq_questions` VALUES (1,'Combien de temps faut-il pour envoyer de l\'argent à la maison?','Les virements bancaires directs seront généralement crédités sur le compte bancaire du destinataire dans les 2 jours ouvrables bancaires suivant l\'envoi de l\'argent, sous réserve de restrictions.','2022-08-02 01:19:54.537000','2022-08-02 01:19:56.117000','2022-08-02 01:19:56.114000',1,1),(2,'Quel taux utilisez-vous?','Nous utilisons les tarifs midmarket','2022-08-02 01:20:19.143000','2022-08-02 01:20:22.506000','2022-08-02 01:20:22.504000',1,1),(3,'Y a-t-il des frais cachés?','Non, nous sommes là pour aider la communauté et nous ne prévoyons pas de facturer nos clients','2022-08-02 01:20:42.117000','2022-08-02 01:20:43.002000','2022-08-02 01:20:43.000000',1,1),(4,'Quelles banques couvrez-vous?','Nous déposons de l\'argent dans toutes les grandes banques camerounaises.','2022-08-02 01:21:01.498000','2022-08-02 01:21:02.461000','2022-08-02 01:21:02.459000',1,1);
/*!40000 ALTER TABLE `faq_questions` ENABLE KEYS */;
UNLOCK TABLES;

--
-- Table structure for table `faqs`
--

DROP TABLE IF EXISTS `faqs`;
/*!40101 SET @saved_cs_client     = @@character_set_client */;
/*!40101 SET character_set_client = utf8 */;
CREATE TABLE `faqs` (
  `id` int(10) unsigned NOT NULL AUTO_INCREMENT,
  `faq_cover_title` varchar(255) DEFAULT NULL,
  `faq_cover_subtitle` varchar(255) DEFAULT NULL,
  `faq_content_title` varchar(255) DEFAULT NULL,
  `faq_content` longtext DEFAULT NULL,
  `questions_list` longtext CHARACTER SET utf8mb4 COLLATE utf8mb4_bin DEFAULT NULL,
  `created_at` datetime(6) DEFAULT NULL,
  `updated_at` datetime(6) DEFAULT NULL,
  `published_at` datetime(6) DEFAULT NULL,
  `created_by_id` int(10) unsigned DEFAULT NULL,
  `updated_by_id` int(10) unsigned DEFAULT NULL,
  PRIMARY KEY (`id`),
  KEY `faqs_created_by_id_fk` (`created_by_id`),
  KEY `faqs_updated_by_id_fk` (`updated_by_id`),
  CONSTRAINT `faqs_created_by_id_fk` FOREIGN KEY (`created_by_id`) REFERENCES `admin_users` (`id`) ON DELETE SET NULL,
  CONSTRAINT `faqs_updated_by_id_fk` FOREIGN KEY (`updated_by_id`) REFERENCES `admin_users` (`id`) ON DELETE SET NULL
) ENGINE=InnoDB AUTO_INCREMENT=2 DEFAULT CHARSET=utf8mb4;
/*!40101 SET character_set_client = @saved_cs_client */;

--
-- Dumping data for table `faqs`
--

LOCK TABLES `faqs` WRITE;
/*!40000 ALTER TABLE `faqs` DISABLE KEYS */;
INSERT INTO `faqs` VALUES (1,'FAQ','Les questions les plus frequemment posees par d\'autres clients','Questions & reponses','Lorem ipsum dolor sit amet, consectetur adipiscing elit, sed do eiusmod tempor incididunt ut labore et dolore magna aliqua.\n\nThere are many variations of passages of Lorem Ipsum available, but the majority have suffered alteration in some form, by injected humour, or randomised words.','{\"questions\":[{\"question\":\"Combien de temps faut-il pour envoyer de l\'argent à la maison?\",\"response\":\"Les virements bancaires directs seront généralement crédités sur le compte bancaire du destinataire dans les 2 jours ouvrables bancaires suivant l\'envoi de l\'argent, sous réserve de restrictions.\"},{\"question\":\"Quel taux utilisez-vous?\",\"response\":\"Nous utilisons les tarifs midmarket\"},{\"question\":\"Y a-t-il des frais cachés?\",\"response\":\"Non, nous sommes là pour aider la communauté et nous ne prévoyons pas de facturer nos clients\"},{\"question\":\"Quelles banques couvrez-vous?\",\"response\":\"Nous déposons de l\'argent dans toutes les grandes banques camerounaises.\"}]}','2022-07-18 13:39:19.390000','2022-07-30 15:45:58.433000','2022-07-18 13:39:21.502000',1,3);
/*!40000 ALTER TABLE `faqs` ENABLE KEYS */;
UNLOCK TABLES;

--
-- Table structure for table `files`
--

DROP TABLE IF EXISTS `files`;
/*!40101 SET @saved_cs_client     = @@character_set_client */;
/*!40101 SET character_set_client = utf8 */;
CREATE TABLE `files` (
  `id` int(10) unsigned NOT NULL AUTO_INCREMENT,
  `name` varchar(255) DEFAULT NULL,
  `alternative_text` varchar(255) DEFAULT NULL,
  `caption` varchar(255) DEFAULT NULL,
  `width` int(11) DEFAULT NULL,
  `height` int(11) DEFAULT NULL,
  `formats` longtext CHARACTER SET utf8mb4 COLLATE utf8mb4_bin DEFAULT NULL,
  `hash` varchar(255) DEFAULT NULL,
  `ext` varchar(255) DEFAULT NULL,
  `mime` varchar(255) DEFAULT NULL,
  `size` decimal(10,2) DEFAULT NULL,
  `url` varchar(255) DEFAULT NULL,
  `preview_url` varchar(255) DEFAULT NULL,
  `provider` varchar(255) DEFAULT NULL,
  `provider_metadata` longtext CHARACTER SET utf8mb4 COLLATE utf8mb4_bin DEFAULT NULL,
  `created_at` datetime(6) DEFAULT NULL,
  `updated_at` datetime(6) DEFAULT NULL,
  `created_by_id` int(10) unsigned DEFAULT NULL,
  `updated_by_id` int(10) unsigned DEFAULT NULL,
  PRIMARY KEY (`id`),
  KEY `files_created_by_id_fk` (`created_by_id`),
  KEY `files_updated_by_id_fk` (`updated_by_id`),
  CONSTRAINT `files_created_by_id_fk` FOREIGN KEY (`created_by_id`) REFERENCES `admin_users` (`id`) ON DELETE SET NULL,
  CONSTRAINT `files_updated_by_id_fk` FOREIGN KEY (`updated_by_id`) REFERENCES `admin_users` (`id`) ON DELETE SET NULL
) ENGINE=InnoDB AUTO_INCREMENT=13 DEFAULT CHARSET=utf8mb4;
/*!40101 SET character_set_client = @saved_cs_client */;

--
-- Dumping data for table `files`
--

LOCK TABLES `files` WRITE;
/*!40000 ALTER TABLE `files` DISABLE KEYS */;
INSERT INTO `files` VALUES (1,'how-it-work1.png','how-it-work1.png','how-it-work1.png',210,200,'{\"thumbnail\":{\"name\":\"thumbnail_how-it-work1.png\",\"hash\":\"thumbnail_how_it_work1_fb385edc16\",\"ext\":\".png\",\"mime\":\"image/png\",\"path\":null,\"width\":164,\"height\":156,\"size\":25.34,\"url\":\"/uploads/thumbnail_how_it_work1_fb385edc16.png\"}}','how_it_work1_fb385edc16','.png','image/png',4.89,'/uploads/how_it_work1_fb385edc16.png',NULL,'local',NULL,'2022-07-16 16:16:10.603000','2022-07-16 16:16:10.603000',3,3),(2,'how-it-work2.png','how-it-work2.png','how-it-work2.png',210,200,'{\"thumbnail\":{\"name\":\"thumbnail_how-it-work2.png\",\"hash\":\"thumbnail_how_it_work2_c20e3be66d\",\"ext\":\".png\",\"mime\":\"image/png\",\"path\":null,\"width\":164,\"height\":156,\"size\":27.28,\"url\":\"/uploads/thumbnail_how_it_work2_c20e3be66d.png\"}}','how_it_work2_c20e3be66d','.png','image/png',5.71,'/uploads/how_it_work2_c20e3be66d.png',NULL,'local',NULL,'2022-07-16 16:16:30.621000','2022-07-16 16:16:30.621000',3,3),(3,'how-it-work3.png','how-it-work3.png','how-it-work3.png',210,200,'{\"thumbnail\":{\"name\":\"thumbnail_how-it-work3.png\",\"hash\":\"thumbnail_how_it_work3_fea1227bbe\",\"ext\":\".png\",\"mime\":\"image/png\",\"path\":null,\"width\":164,\"height\":156,\"size\":27.61,\"url\":\"/uploads/thumbnail_how_it_work3_fea1227bbe.png\"}}','how_it_work3_fea1227bbe','.png','image/png',5.78,'/uploads/how_it_work3_fea1227bbe.png',NULL,'local',NULL,'2022-07-16 16:16:48.922000','2022-07-16 16:16:48.922000',3,3),(4,'easy-to-use.svg','easy-to-use.svg','easy-to-use.svg',NULL,NULL,NULL,'easy_to_use_a06d441583','.svg','image/svg+xml',5.57,'/uploads/easy_to_use_a06d441583.svg',NULL,'local',NULL,'2022-07-16 17:23:21.958000','2022-07-16 17:23:21.958000',3,3),(5,'free-shipping.svg','free-shipping.svg','free-shipping.svg',NULL,NULL,NULL,'free_shipping_82deff0a02','.svg','image/svg+xml',2.58,'/uploads/free_shipping_82deff0a02.svg',NULL,'local',NULL,'2022-07-16 17:23:34.341000','2022-07-16 17:23:34.341000',3,3),(6,'security.svg','security.svg','security.svg',NULL,NULL,NULL,'security_20f9e2c907','.svg','image/svg+xml',11.33,'/uploads/security_20f9e2c907.svg',NULL,'local',NULL,'2022-07-16 17:23:53.732000','2022-07-16 17:23:53.732000',3,3),(7,'fast-payment.svg','fast-payment.svg','fast-payment.svg',NULL,NULL,NULL,'fast_payment_8f0e875e46','.svg','image/svg+xml',1.38,'/uploads/fast_payment_8f0e875e46.svg',NULL,'local',NULL,'2022-07-16 17:24:06.715000','2022-07-16 17:24:06.715000',3,3),(8,'about-img1.jpg','about-img1.jpg','about-img1.jpg',775,620,'{\"thumbnail\":{\"name\":\"thumbnail_about-img1.jpg\",\"hash\":\"thumbnail_about_img1_579cdd3dcb\",\"ext\":\".jpg\",\"mime\":\"image/jpeg\",\"path\":null,\"width\":195,\"height\":156,\"size\":7.54,\"url\":\"/uploads/thumbnail_about_img1_579cdd3dcb.jpg\"},\"medium\":{\"name\":\"medium_about-img1.jpg\",\"hash\":\"medium_about_img1_579cdd3dcb\",\"ext\":\".jpg\",\"mime\":\"image/jpeg\",\"path\":null,\"width\":750,\"height\":600,\"size\":59.39,\"url\":\"/uploads/medium_about_img1_579cdd3dcb.jpg\"},\"small\":{\"name\":\"small_about-img1.jpg\",\"hash\":\"small_about_img1_579cdd3dcb\",\"ext\":\".jpg\",\"mime\":\"image/jpeg\",\"path\":null,\"width\":500,\"height\":400,\"size\":30.9,\"url\":\"/uploads/small_about_img1_579cdd3dcb.jpg\"}}','about_img1_579cdd3dcb','.jpg','image/jpeg',63.65,'/uploads/about_img1_579cdd3dcb.jpg',NULL,'local',NULL,'2022-07-17 15:07:52.879000','2022-07-17 15:07:52.879000',3,3),(9,'faq.png','faq.png','faq.png',1208,660,'{\"thumbnail\":{\"name\":\"thumbnail_faq.png\",\"hash\":\"thumbnail_faq_48702f32ed\",\"ext\":\".png\",\"mime\":\"image/png\",\"path\":null,\"width\":245,\"height\":134,\"size\":43.23,\"url\":\"/uploads/thumbnail_faq_48702f32ed.png\"},\"large\":{\"name\":\"large_faq.png\",\"hash\":\"large_faq_48702f32ed\",\"ext\":\".png\",\"mime\":\"image/png\",\"path\":null,\"width\":1000,\"height\":546,\"size\":281.02,\"url\":\"/uploads/large_faq_48702f32ed.png\"},\"medium\":{\"name\":\"medium_faq.png\",\"hash\":\"medium_faq_48702f32ed\",\"ext\":\".png\",\"mime\":\"image/png\",\"path\":null,\"width\":750,\"height\":410,\"size\":192.95,\"url\":\"/uploads/medium_faq_48702f32ed.png\"},\"small\":{\"name\":\"small_faq.png\",\"hash\":\"small_faq_48702f32ed\",\"ext\":\".png\",\"mime\":\"image/png\",\"path\":null,\"width\":500,\"height\":273,\"size\":113.49,\"url\":\"/uploads/small_faq_48702f32ed.png\"}}','faq_48702f32ed','.png','image/png',45.77,'/uploads/faq_48702f32ed.png',NULL,'local',NULL,'2022-07-17 15:53:23.105000','2022-07-17 15:53:23.105000',3,3),(10,'Jhonny Alcius.jfif','Jhonny Alcius.jfif','Jhonny Alcius.jfif',335,392,'{\"thumbnail\":{\"name\":\"thumbnail_Jhonny Alcius.jfif\",\"hash\":\"thumbnail_Jhonny_Alcius_b5ebe653f0\",\"ext\":\".jfif\",\"mime\":\"image/jpeg\",\"path\":null,\"width\":133,\"height\":156,\"size\":5.44,\"url\":\"/uploads/thumbnail_Jhonny_Alcius_b5ebe653f0.jfif\"}}','Jhonny_Alcius_b5ebe653f0','.jfif','image/jpeg',19.49,'/uploads/Jhonny_Alcius_b5ebe653f0.jfif',NULL,'local',NULL,'2022-07-27 02:26:13.618000','2022-07-27 02:28:08.161000',1,1),(11,'main-banner2.jpg','main-banner2.jpg','main-banner2.jpg',1600,750,'{\"thumbnail\":{\"name\":\"thumbnail_main-banner2.jpg\",\"hash\":\"thumbnail_main_banner2_60b7effd9f\",\"ext\":\".jpg\",\"mime\":\"image/jpeg\",\"path\":null,\"width\":245,\"height\":115,\"size\":5.32,\"url\":\"/uploads/thumbnail_main_banner2_60b7effd9f.jpg\"},\"large\":{\"name\":\"large_main-banner2.jpg\",\"hash\":\"large_main_banner2_60b7effd9f\",\"ext\":\".jpg\",\"mime\":\"image/jpeg\",\"path\":null,\"width\":1000,\"height\":469,\"size\":39.91,\"url\":\"/uploads/large_main_banner2_60b7effd9f.jpg\"},\"medium\":{\"name\":\"medium_main-banner2.jpg\",\"hash\":\"medium_main_banner2_60b7effd9f\",\"ext\":\".jpg\",\"mime\":\"image/jpeg\",\"path\":null,\"width\":750,\"height\":352,\"size\":25.5,\"url\":\"/uploads/medium_main_banner2_60b7effd9f.jpg\"},\"small\":{\"name\":\"small_main-banner2.jpg\",\"hash\":\"small_main_banner2_60b7effd9f\",\"ext\":\".jpg\",\"mime\":\"image/jpeg\",\"path\":null,\"width\":500,\"height\":234,\"size\":14.32,\"url\":\"/uploads/small_main_banner2_60b7effd9f.jpg\"}}','main_banner2_60b7effd9f','.jpg','image/jpeg',78.31,'/uploads/main_banner2_60b7effd9f.jpg',NULL,'local',NULL,'2022-07-30 15:45:00.504000','2022-07-30 15:45:00.504000',3,3),(12,'Capture_pompage_express.JPG','Capture_pompage_express.JPG','Capture_pompage_express.JPG',1093,841,'{\"thumbnail\":{\"name\":\"thumbnail_Capture_pompage_express.JPG\",\"hash\":\"thumbnail_Capture_pompage_express_419393c175\",\"ext\":\".JPG\",\"mime\":\"image/jpeg\",\"path\":null,\"width\":203,\"height\":156,\"size\":3.6,\"url\":\"/uploads/thumbnail_Capture_pompage_express_419393c175.JPG\"},\"large\":{\"name\":\"large_Capture_pompage_express.JPG\",\"hash\":\"large_Capture_pompage_express_419393c175\",\"ext\":\".JPG\",\"mime\":\"image/jpeg\",\"path\":null,\"width\":1000,\"height\":769,\"size\":38.97,\"url\":\"/uploads/large_Capture_pompage_express_419393c175.JPG\"},\"medium\":{\"name\":\"medium_Capture_pompage_express.JPG\",\"hash\":\"medium_Capture_pompage_express_419393c175\",\"ext\":\".JPG\",\"mime\":\"image/jpeg\",\"path\":null,\"width\":750,\"height\":577,\"size\":26.92,\"url\":\"/uploads/medium_Capture_pompage_express_419393c175.JPG\"},\"small\":{\"name\":\"small_Capture_pompage_express.JPG\",\"hash\":\"small_Capture_pompage_express_419393c175\",\"ext\":\".JPG\",\"mime\":\"image/jpeg\",\"path\":null,\"width\":500,\"height\":385,\"size\":15.22,\"url\":\"/uploads/small_Capture_pompage_express_419393c175.JPG\"}}','Capture_pompage_express_419393c175','.JPG','image/jpeg',44.04,'/uploads/Capture_pompage_express_419393c175.JPG',NULL,'local',NULL,'2022-08-01 01:59:26.730000','2022-08-01 01:59:26.730000',1,1);
/*!40000 ALTER TABLE `files` ENABLE KEYS */;
UNLOCK TABLES;

--
-- Table structure for table `files_related_morphs`
--

DROP TABLE IF EXISTS `files_related_morphs`;
/*!40101 SET @saved_cs_client     = @@character_set_client */;
/*!40101 SET character_set_client = utf8 */;
CREATE TABLE `files_related_morphs` (
  `file_id` int(10) unsigned DEFAULT NULL,
  `related_id` int(10) unsigned DEFAULT NULL,
  `related_type` varchar(255) DEFAULT NULL,
  `field` varchar(255) DEFAULT NULL,
  `order` int(10) unsigned DEFAULT NULL,
  KEY `files_related_morphs_fk` (`file_id`),
  CONSTRAINT `files_related_morphs_fk` FOREIGN KEY (`file_id`) REFERENCES `files` (`id`) ON DELETE CASCADE
) ENGINE=InnoDB DEFAULT CHARSET=utf8mb4;
/*!40101 SET character_set_client = @saved_cs_client */;

--
-- Dumping data for table `files_related_morphs`
--

LOCK TABLES `files_related_morphs` WRITE;
/*!40000 ALTER TABLE `files_related_morphs` DISABLE KEYS */;
INSERT INTO `files_related_morphs` VALUES (11,1,'api::faq.faq','faq_cover',1),(9,1,'api::faq.faq','faq_content_image',1),(11,1,'api::contact.contact','contact_cover',1),(11,1,'api::a-propos-de-nous.a-propos-de-nous','about_us_cover',1),(8,1,'api::a-propos-de-nous.a-propos-de-nous','about_us_content_image',1),(11,1,'api::vie-privee.vie-privee','privacy_policy_cover',1),(12,8,'api::user-transfert.user-transfert','reception_proof',1),(11,1,'api::send-money.send-money','cover',1),(12,32,'api::user-transfert.user-transfert','reception_proof',1),(11,1,'api::home-page.home-page','Carousel',1),(4,1,'api::home-page.home-page','reason1_icon',1),(5,1,'api::home-page.home-page','reason2_icon',1),(6,1,'api::home-page.home-page','reason3_icon',1),(7,1,'api::home-page.home-page','reason4_icon',1),(1,1,'api::home-page.home-page','step1_icon',1),(2,1,'api::home-page.home-page','step2_icon',1),(3,1,'api::home-page.home-page','step3_icon',1),(11,1,'api::termes-et-conditions.termes-et-conditions','terms_cover',1);
/*!40000 ALTER TABLE `files_related_morphs` ENABLE KEYS */;
UNLOCK TABLES;

--
-- Table structure for table `home_pages`
--

DROP TABLE IF EXISTS `home_pages`;
/*!40101 SET @saved_cs_client     = @@character_set_client */;
/*!40101 SET character_set_client = utf8 */;
CREATE TABLE `home_pages` (
  `id` int(10) unsigned NOT NULL AUTO_INCREMENT,
  `title` varchar(255) DEFAULT NULL,
  `why_us_title` varchar(255) DEFAULT NULL,
  `why_us_description` longtext DEFAULT NULL,
  `reason_1_title` varchar(255) DEFAULT NULL,
  `reason_1_description` longtext DEFAULT NULL,
  `reason_2_title` varchar(255) DEFAULT NULL,
  `reason_2_description` longtext DEFAULT NULL,
  `reason_3_title` varchar(255) DEFAULT NULL,
  `reason_3_description` longtext DEFAULT NULL,
  `reason_4_title` varchar(255) DEFAULT NULL,
  `reason_4_description` longtext DEFAULT NULL,
  `steppers_title` varchar(255) DEFAULT NULL,
  `steppers_description` longtext DEFAULT NULL,
  `step_1_title` varchar(255) DEFAULT NULL,
  `step_1_description` longtext DEFAULT NULL,
  `step_2_title` varchar(255) DEFAULT NULL,
  `step_2_description` longtext DEFAULT NULL,
  `step_3_title` varchar(255) DEFAULT NULL,
  `step_3_description` longtext DEFAULT NULL,
  `description` longtext DEFAULT NULL,
  `sender_input_label` varchar(255) DEFAULT NULL,
  `transition_fee_value` varchar(255) DEFAULT NULL,
  `transition_fee_label` varchar(255) DEFAULT NULL,
  `recipient_label` varchar(255) DEFAULT NULL,
  `save_label` varchar(255) DEFAULT NULL,
  `save_value` varchar(255) DEFAULT NULL,
  `cta_label` varchar(255) DEFAULT NULL,
  `cta_description` varchar(255) DEFAULT NULL,
  `terms_policy` varchar(255) DEFAULT NULL,
  `exchange_rate_value` double DEFAULT NULL,
  `exchange_rate_label` varchar(255) DEFAULT NULL,
  `created_at` datetime(6) DEFAULT NULL,
  `updated_at` datetime(6) DEFAULT NULL,
  `published_at` datetime(6) DEFAULT NULL,
  `created_by_id` int(10) unsigned DEFAULT NULL,
  `updated_by_id` int(10) unsigned DEFAULT NULL,
  PRIMARY KEY (`id`),
  KEY `home_pages_created_by_id_fk` (`created_by_id`),
  KEY `home_pages_updated_by_id_fk` (`updated_by_id`),
  CONSTRAINT `home_pages_created_by_id_fk` FOREIGN KEY (`created_by_id`) REFERENCES `admin_users` (`id`) ON DELETE SET NULL,
  CONSTRAINT `home_pages_updated_by_id_fk` FOREIGN KEY (`updated_by_id`) REFERENCES `admin_users` (`id`) ON DELETE SET NULL
) ENGINE=InnoDB AUTO_INCREMENT=2 DEFAULT CHARSET=utf8mb4;
/*!40101 SET character_set_client = @saved_cs_client */;

--
-- Dumping data for table `home_pages`
--

LOCK TABLES `home_pages` WRITE;
/*!40000 ALTER TABLE `home_pages` DISABLE KEYS */;
INSERT INTO `home_pages` VALUES (1,'Envoyez de l\'argent pour ce qui compte à ZÉRO frais !','Pourquoi utiliser notre service?','4 raisons pour lesquelles vous devez utiliser notre service.','Facile d\'utilisation','test','Utilisation gratuite','Lorem ipsum dolor sit amet, consectetur adipiscing elit, sed do eiusmod tempor incididunt ut labore et dolore magna aliqua. Ut tortor pretium viverra suspendisse potenti nullam ac tortor vitae','Securitaire','Tortor at risus viverra adipiscing at in. Diam quis enim lobortis scelerisque fermentum dui faucibus in. A erat nam at lectus urna duis convallis convallis. At imperdiet dui accumsan sit amet nulla','Traitement rapide','Ullamcorper sit amet risus nullam eget felis. Amet facilisis magna etiam tempor orci eu lobortis','Le service qu\'il vous faut en 3 etapes','Quam lacus suspendisse faucibus interdum. Parturient montes nascetur ridiculus mus mauris. Pellentesque pulvinar pellentesque habitant morbi tristique senectus et netus et. Sodales ut eu sem integer vitae. Nunc faucibus a pellentesque sit amet porttitor eget dolor morbi. ','S\'inscrire','Lorem ipsum dolor sit amet, consectetur adipiscing elit, sed do eiusmod tempor incididunt ut labore et dolore magna aliqua','Remplir le formulaire d\'envoi','Nulla pharetra diam sit amet. Dui nunc mattis enim ut tellus. Nec ullamcorper sit amet risus nullam eget felis eget. Dignissim sodales ut eu sem integer vitae justo','Confirmation de reception','Morbi tincidunt augue interdum velit euismod in pellentesque massa placerat. Nullam ac tortor vitae purus.','Transférez de l\'argent à vos amis et votre famille, payez les frais de scolarité ou prenez en charge les frais médicaux sans frais de transfert.','Vous envoyez du Canada',NULL,NULL,'Le destinataire reçoit','','','continuer','','Termes et conditions',475,'Taux de change CAD / XAF','2022-07-18 12:05:16.065000','2022-08-03 03:55:10.825000','2022-07-18 12:29:04.221000',1,4);
/*!40000 ALTER TABLE `home_pages` ENABLE KEYS */;
UNLOCK TABLES;

--
-- Table structure for table `i18n_locale`
--

DROP TABLE IF EXISTS `i18n_locale`;
/*!40101 SET @saved_cs_client     = @@character_set_client */;
/*!40101 SET character_set_client = utf8 */;
CREATE TABLE `i18n_locale` (
  `id` int(10) unsigned NOT NULL AUTO_INCREMENT,
  `name` varchar(255) DEFAULT NULL,
  `code` varchar(255) DEFAULT NULL,
  `created_at` datetime(6) DEFAULT NULL,
  `updated_at` datetime(6) DEFAULT NULL,
  `created_by_id` int(10) unsigned DEFAULT NULL,
  `updated_by_id` int(10) unsigned DEFAULT NULL,
  PRIMARY KEY (`id`),
  KEY `i18n_locale_created_by_id_fk` (`created_by_id`),
  KEY `i18n_locale_updated_by_id_fk` (`updated_by_id`),
  CONSTRAINT `i18n_locale_created_by_id_fk` FOREIGN KEY (`created_by_id`) REFERENCES `admin_users` (`id`) ON DELETE SET NULL,
  CONSTRAINT `i18n_locale_updated_by_id_fk` FOREIGN KEY (`updated_by_id`) REFERENCES `admin_users` (`id`) ON DELETE SET NULL
) ENGINE=InnoDB AUTO_INCREMENT=2 DEFAULT CHARSET=utf8mb4;
/*!40101 SET character_set_client = @saved_cs_client */;

--
-- Dumping data for table `i18n_locale`
--

LOCK TABLES `i18n_locale` WRITE;
/*!40000 ALTER TABLE `i18n_locale` DISABLE KEYS */;
INSERT INTO `i18n_locale` VALUES (1,'English (en)','en','2022-06-27 01:19:20.868000','2022-06-27 01:19:20.868000',NULL,NULL);
/*!40000 ALTER TABLE `i18n_locale` ENABLE KEYS */;
UNLOCK TABLES;

--
-- Table structure for table `occupations`
--

DROP TABLE IF EXISTS `occupations`;
/*!40101 SET @saved_cs_client     = @@character_set_client */;
/*!40101 SET character_set_client = utf8 */;
CREATE TABLE `occupations` (
  `id` int(10) unsigned NOT NULL AUTO_INCREMENT,
  `created_at` datetime(6) DEFAULT NULL,
  `updated_at` datetime(6) DEFAULT NULL,
  `published_at` datetime(6) DEFAULT NULL,
  `created_by_id` int(10) unsigned DEFAULT NULL,
  `updated_by_id` int(10) unsigned DEFAULT NULL,
  `name_fr` varchar(255) DEFAULT NULL,
  PRIMARY KEY (`id`),
  KEY `occupations_created_by_id_fk` (`created_by_id`),
  KEY `occupations_updated_by_id_fk` (`updated_by_id`),
  CONSTRAINT `occupations_created_by_id_fk` FOREIGN KEY (`created_by_id`) REFERENCES `admin_users` (`id`) ON DELETE SET NULL,
  CONSTRAINT `occupations_updated_by_id_fk` FOREIGN KEY (`updated_by_id`) REFERENCES `admin_users` (`id`) ON DELETE SET NULL
) ENGINE=InnoDB AUTO_INCREMENT=25 DEFAULT CHARSET=utf8mb4;
/*!40101 SET character_set_client = @saved_cs_client */;

--
-- Dumping data for table `occupations`
--

LOCK TABLES `occupations` WRITE;
/*!40000 ALTER TABLE `occupations` DISABLE KEYS */;
INSERT INTO `occupations` VALUES (1,'2022-07-23 22:01:50.546000','2022-07-24 02:03:22.348000','2022-07-24 02:00:27.089000',1,1,'Administrations publiques'),(2,'2022-07-23 22:01:59.451000','2022-07-24 02:03:30.629000','2022-07-24 02:00:33.478000',1,1,'Agriculture, foresterie, pêche et chasse'),(3,'2022-07-23 22:02:07.530000','2022-07-24 02:03:38.464000','2022-07-24 02:00:38.270000',1,1,'Arts, spectacles et loisirs'),(4,'2022-07-23 22:02:17.855000','2022-07-24 02:04:56.832000','2022-07-24 02:00:44.125000',1,1,'Autres services (sauf les administrations publiques)'),(5,'2022-07-23 22:02:26.779000','2022-07-24 02:05:05.999000','2022-07-24 02:00:50.038000',1,1,'Commerce de détail'),(6,'2022-07-23 22:02:34.726000','2022-07-24 02:05:15.671000','2022-07-24 02:00:54.732000',1,1,'Commerce de gros'),(7,'2022-07-23 22:02:42.484000','2022-07-24 02:05:27.397000','2022-07-24 02:00:59.822000',1,1,'Construction'),(9,'2022-07-23 22:03:11.308000','2022-07-24 02:05:37.733000','2022-07-24 02:01:05.812000',1,1,'Extraction minière, exploitation en carrière, et extraction de pétrole et de gaz'),(10,'2022-07-23 22:03:22.458000','2022-07-24 02:05:49.170000','2022-07-24 02:01:10.661000',1,1,'Finance et assurances'),(11,'2022-07-23 22:03:33.460000','2022-07-24 02:06:02.083000','2022-07-24 02:01:15.115000',1,1,'Fabrication'),(12,'2022-07-23 22:03:43.908000','2022-07-24 02:06:20.650000','2022-07-24 02:01:22.245000',1,1,'Gestion de sociétés et d’entreprises'),(13,'2022-07-23 22:03:59.907000','2022-07-24 02:06:34.820000','2022-07-24 02:01:31.429000',1,1,'Hébergement et services de restauration'),(14,'2022-07-23 22:04:07.571000','2022-07-24 02:06:52.338000','2022-07-24 02:01:42.864000',1,1,'Industrie de l’information et industrie culturelle'),(15,'2022-07-23 22:04:21.123000','2022-07-24 02:07:13.265000','2022-07-24 02:07:13.260000',1,1,'Services administratifs, services de soutien, services de gestion des déchets et services d’assainissement'),(16,'2022-07-23 22:04:40.713000','2022-07-23 22:04:40.713000',NULL,1,1,NULL),(17,'2022-07-23 22:04:51.286000','2022-07-23 22:04:51.286000',NULL,1,1,NULL),(18,'2022-07-23 22:05:02.456000','2022-07-23 22:05:02.456000',NULL,1,1,NULL),(19,'2022-07-23 22:05:13.839000','2022-07-23 22:05:13.839000',NULL,1,1,NULL),(21,'2022-07-23 22:06:06.360000','2022-07-23 22:06:06.360000',NULL,1,1,NULL),(22,'2022-07-23 22:06:17.443000','2022-07-23 22:06:17.443000',NULL,1,1,NULL),(23,'2022-07-23 22:06:26.457000','2022-07-23 22:06:26.457000',NULL,1,1,NULL),(24,'2022-07-23 22:06:34.274000','2022-07-23 22:06:34.274000',NULL,1,1,NULL);
/*!40000 ALTER TABLE `occupations` ENABLE KEYS */;
UNLOCK TABLES;

--
-- Table structure for table `send_monies`
--

DROP TABLE IF EXISTS `send_monies`;
/*!40101 SET @saved_cs_client     = @@character_set_client */;
/*!40101 SET character_set_client = utf8 */;
CREATE TABLE `send_monies` (
  `id` int(10) unsigned NOT NULL AUTO_INCREMENT,
  `title` varchar(255) DEFAULT NULL,
  `subtitle` varchar(255) DEFAULT NULL,
  `created_at` datetime(6) DEFAULT NULL,
  `updated_at` datetime(6) DEFAULT NULL,
  `published_at` datetime(6) DEFAULT NULL,
  `created_by_id` int(10) unsigned DEFAULT NULL,
  `updated_by_id` int(10) unsigned DEFAULT NULL,
  PRIMARY KEY (`id`),
  KEY `send_monies_created_by_id_fk` (`created_by_id`),
  KEY `send_monies_updated_by_id_fk` (`updated_by_id`),
  CONSTRAINT `send_monies_created_by_id_fk` FOREIGN KEY (`created_by_id`) REFERENCES `admin_users` (`id`) ON DELETE SET NULL,
  CONSTRAINT `send_monies_updated_by_id_fk` FOREIGN KEY (`updated_by_id`) REFERENCES `admin_users` (`id`) ON DELETE SET NULL
) ENGINE=InnoDB AUTO_INCREMENT=2 DEFAULT CHARSET=utf8mb4;
/*!40101 SET character_set_client = @saved_cs_client */;

--
-- Dumping data for table `send_monies`
--

LOCK TABLES `send_monies` WRITE;
/*!40000 ALTER TABLE `send_monies` DISABLE KEYS */;
INSERT INTO `send_monies` VALUES (1,'Envoyer de l\'argent','Remplir le formulaire d\'envoi ci-dessous. C\'est facile et rapide!','2022-08-01 19:03:57.927000','2022-08-01 19:08:23.795000','2022-08-01 19:07:17.650000',1,1);
/*!40000 ALTER TABLE `send_monies` ENABLE KEYS */;
UNLOCK TABLES;

--
-- Table structure for table `strapi_api_tokens`
--

DROP TABLE IF EXISTS `strapi_api_tokens`;
/*!40101 SET @saved_cs_client     = @@character_set_client */;
/*!40101 SET character_set_client = utf8 */;
CREATE TABLE `strapi_api_tokens` (
  `id` int(10) unsigned NOT NULL AUTO_INCREMENT,
  `name` varchar(255) DEFAULT NULL,
  `description` varchar(255) DEFAULT NULL,
  `type` varchar(255) DEFAULT NULL,
  `access_key` varchar(255) DEFAULT NULL,
  `created_at` datetime(6) DEFAULT NULL,
  `updated_at` datetime(6) DEFAULT NULL,
  `created_by_id` int(10) unsigned DEFAULT NULL,
  `updated_by_id` int(10) unsigned DEFAULT NULL,
  PRIMARY KEY (`id`),
  KEY `strapi_api_tokens_created_by_id_fk` (`created_by_id`),
  KEY `strapi_api_tokens_updated_by_id_fk` (`updated_by_id`),
  CONSTRAINT `strapi_api_tokens_created_by_id_fk` FOREIGN KEY (`created_by_id`) REFERENCES `admin_users` (`id`) ON DELETE SET NULL,
  CONSTRAINT `strapi_api_tokens_updated_by_id_fk` FOREIGN KEY (`updated_by_id`) REFERENCES `admin_users` (`id`) ON DELETE SET NULL
) ENGINE=InnoDB AUTO_INCREMENT=3 DEFAULT CHARSET=utf8mb4;
/*!40101 SET character_set_client = @saved_cs_client */;

--
-- Dumping data for table `strapi_api_tokens`
--

LOCK TABLES `strapi_api_tokens` WRITE;
/*!40000 ALTER TABLE `strapi_api_tokens` DISABLE KEYS */;
INSERT INTO `strapi_api_tokens` VALUES (1,'viewpages','View visitor\'s pages','read-only','e964fdad14a5638c30994b7da12c477e2ac84a0227fe7932a67b12f97b14cab47ea6e450afe2c93ee0490214adaff80ce8eff0c5cae747994e24435d3f5fe11e','2022-07-03 16:42:45.829000','2022-07-03 16:42:45.829000',NULL,NULL),(2,'post-to-collection-type','Access some specific api outside of user area','full-access','1b6c10f26a7ca2b19b420d036478e6163a6c216bf33521c9189054cab7d3a74adcb9d743d0d75d53b36e41a14bcdee86798b4d47ca7af679f38a580e305f5807','2022-07-30 22:54:07.974000','2022-07-30 22:54:41.459000',NULL,NULL);
/*!40000 ALTER TABLE `strapi_api_tokens` ENABLE KEYS */;
UNLOCK TABLES;

--
-- Table structure for table `strapi_core_store_settings`
--

DROP TABLE IF EXISTS `strapi_core_store_settings`;
/*!40101 SET @saved_cs_client     = @@character_set_client */;
/*!40101 SET character_set_client = utf8 */;
CREATE TABLE `strapi_core_store_settings` (
  `id` int(10) unsigned NOT NULL AUTO_INCREMENT,
  `key` varchar(255) DEFAULT NULL,
  `value` longtext DEFAULT NULL,
  `type` varchar(255) DEFAULT NULL,
  `environment` varchar(255) DEFAULT NULL,
  `tag` varchar(255) DEFAULT NULL,
  PRIMARY KEY (`id`)
) ENGINE=InnoDB AUTO_INCREMENT=50 DEFAULT CHARSET=utf8mb4;
/*!40101 SET character_set_client = @saved_cs_client */;

--
-- Dumping data for table `strapi_core_store_settings`
--

LOCK TABLES `strapi_core_store_settings` WRITE;
/*!40000 ALTER TABLE `strapi_core_store_settings` DISABLE KEYS */;
INSERT INTO `strapi_core_store_settings` VALUES (1,'strapi_content_types_schema','{\"admin::permission\":{\"collectionName\":\"admin_permissions\",\"info\":{\"name\":\"Permission\",\"description\":\"\",\"singularName\":\"permission\",\"pluralName\":\"permissions\",\"displayName\":\"Permission\"},\"options\":{},\"pluginOptions\":{\"content-manager\":{\"visible\":false},\"content-type-builder\":{\"visible\":false}},\"attributes\":{\"action\":{\"type\":\"string\",\"minLength\":1,\"configurable\":false,\"required\":true},\"subject\":{\"type\":\"string\",\"minLength\":1,\"configurable\":false,\"required\":false},\"properties\":{\"type\":\"json\",\"configurable\":false,\"required\":false,\"default\":{}},\"conditions\":{\"type\":\"json\",\"configurable\":false,\"required\":false,\"default\":[]},\"role\":{\"configurable\":false,\"type\":\"relation\",\"relation\":\"manyToOne\",\"inversedBy\":\"permissions\",\"target\":\"admin::role\"},\"createdAt\":{\"type\":\"datetime\"},\"updatedAt\":{\"type\":\"datetime\"},\"createdBy\":{\"type\":\"relation\",\"relation\":\"oneToOne\",\"target\":\"admin::user\",\"configurable\":false,\"writable\":false,\"visible\":false,\"useJoinTable\":false,\"private\":true},\"updatedBy\":{\"type\":\"relation\",\"relation\":\"oneToOne\",\"target\":\"admin::user\",\"configurable\":false,\"writable\":false,\"visible\":false,\"useJoinTable\":false,\"private\":true}},\"kind\":\"collectionType\",\"__schema__\":{\"collectionName\":\"admin_permissions\",\"info\":{\"name\":\"Permission\",\"description\":\"\",\"singularName\":\"permission\",\"pluralName\":\"permissions\",\"displayName\":\"Permission\"},\"options\":{},\"pluginOptions\":{\"content-manager\":{\"visible\":false},\"content-type-builder\":{\"visible\":false}},\"attributes\":{\"action\":{\"type\":\"string\",\"minLength\":1,\"configurable\":false,\"required\":true},\"subject\":{\"type\":\"string\",\"minLength\":1,\"configurable\":false,\"required\":false},\"properties\":{\"type\":\"json\",\"configurable\":false,\"required\":false,\"default\":{}},\"conditions\":{\"type\":\"json\",\"configurable\":false,\"required\":false,\"default\":[]},\"role\":{\"configurable\":false,\"type\":\"relation\",\"relation\":\"manyToOne\",\"inversedBy\":\"permissions\",\"target\":\"admin::role\"}},\"kind\":\"collectionType\"},\"modelType\":\"contentType\",\"modelName\":\"permission\",\"connection\":\"default\",\"uid\":\"admin::permission\",\"plugin\":\"admin\",\"globalId\":\"AdminPermission\"},\"admin::user\":{\"collectionName\":\"admin_users\",\"info\":{\"name\":\"User\",\"description\":\"\",\"singularName\":\"user\",\"pluralName\":\"users\",\"displayName\":\"User\"},\"pluginOptions\":{\"content-manager\":{\"visible\":false},\"content-type-builder\":{\"visible\":false}},\"attributes\":{\"firstname\":{\"type\":\"string\",\"unique\":false,\"minLength\":1,\"configurable\":false,\"required\":false},\"lastname\":{\"type\":\"string\",\"unique\":false,\"minLength\":1,\"configurable\":false,\"required\":false},\"username\":{\"type\":\"string\",\"unique\":false,\"configurable\":false,\"required\":false},\"email\":{\"type\":\"email\",\"minLength\":6,\"configurable\":false,\"required\":true,\"unique\":true,\"private\":true},\"password\":{\"type\":\"password\",\"minLength\":6,\"configurable\":false,\"required\":false,\"private\":true},\"resetPasswordToken\":{\"type\":\"string\",\"configurable\":false,\"private\":true},\"registrationToken\":{\"type\":\"string\",\"configurable\":false,\"private\":true},\"isActive\":{\"type\":\"boolean\",\"default\":false,\"configurable\":false,\"private\":true},\"roles\":{\"configurable\":false,\"private\":true,\"type\":\"relation\",\"relation\":\"manyToMany\",\"inversedBy\":\"users\",\"target\":\"admin::role\",\"collectionName\":\"strapi_users_roles\"},\"blocked\":{\"type\":\"boolean\",\"default\":false,\"configurable\":false,\"private\":true},\"preferedLanguage\":{\"type\":\"string\",\"configurable\":false,\"required\":false},\"createdAt\":{\"type\":\"datetime\"},\"updatedAt\":{\"type\":\"datetime\"},\"createdBy\":{\"type\":\"relation\",\"relation\":\"oneToOne\",\"target\":\"admin::user\",\"configurable\":false,\"writable\":false,\"visible\":false,\"useJoinTable\":false,\"private\":true},\"updatedBy\":{\"type\":\"relation\",\"relation\":\"oneToOne\",\"target\":\"admin::user\",\"configurable\":false,\"writable\":false,\"visible\":false,\"useJoinTable\":false,\"private\":true}},\"kind\":\"collectionType\",\"__schema__\":{\"collectionName\":\"admin_users\",\"info\":{\"name\":\"User\",\"description\":\"\",\"singularName\":\"user\",\"pluralName\":\"users\",\"displayName\":\"User\"},\"pluginOptions\":{\"content-manager\":{\"visible\":false},\"content-type-builder\":{\"visible\":false}},\"attributes\":{\"firstname\":{\"type\":\"string\",\"unique\":false,\"minLength\":1,\"configurable\":false,\"required\":false},\"lastname\":{\"type\":\"string\",\"unique\":false,\"minLength\":1,\"configurable\":false,\"required\":false},\"username\":{\"type\":\"string\",\"unique\":false,\"configurable\":false,\"required\":false},\"email\":{\"type\":\"email\",\"minLength\":6,\"configurable\":false,\"required\":true,\"unique\":true,\"private\":true},\"password\":{\"type\":\"password\",\"minLength\":6,\"configurable\":false,\"required\":false,\"private\":true},\"resetPasswordToken\":{\"type\":\"string\",\"configurable\":false,\"private\":true},\"registrationToken\":{\"type\":\"string\",\"configurable\":false,\"private\":true},\"isActive\":{\"type\":\"boolean\",\"default\":false,\"configurable\":false,\"private\":true},\"roles\":{\"configurable\":false,\"private\":true,\"type\":\"relation\",\"relation\":\"manyToMany\",\"inversedBy\":\"users\",\"target\":\"admin::role\",\"collectionName\":\"strapi_users_roles\"},\"blocked\":{\"type\":\"boolean\",\"default\":false,\"configurable\":false,\"private\":true},\"preferedLanguage\":{\"type\":\"string\",\"configurable\":false,\"required\":false}},\"kind\":\"collectionType\"},\"modelType\":\"contentType\",\"modelName\":\"user\",\"connection\":\"default\",\"uid\":\"admin::user\",\"plugin\":\"admin\",\"globalId\":\"AdminUser\"},\"admin::role\":{\"collectionName\":\"admin_roles\",\"info\":{\"name\":\"Role\",\"description\":\"\",\"singularName\":\"role\",\"pluralName\":\"roles\",\"displayName\":\"Role\"},\"options\":{},\"pluginOptions\":{\"content-manager\":{\"visible\":false},\"content-type-builder\":{\"visible\":false}},\"attributes\":{\"name\":{\"type\":\"string\",\"minLength\":1,\"unique\":true,\"configurable\":false,\"required\":true},\"code\":{\"type\":\"string\",\"minLength\":1,\"unique\":true,\"configurable\":false,\"required\":true},\"description\":{\"type\":\"string\",\"configurable\":false},\"users\":{\"configurable\":false,\"type\":\"relation\",\"relation\":\"manyToMany\",\"mappedBy\":\"roles\",\"target\":\"admin::user\"},\"permissions\":{\"configurable\":false,\"type\":\"relation\",\"relation\":\"oneToMany\",\"mappedBy\":\"role\",\"target\":\"admin::permission\"},\"createdAt\":{\"type\":\"datetime\"},\"updatedAt\":{\"type\":\"datetime\"},\"createdBy\":{\"type\":\"relation\",\"relation\":\"oneToOne\",\"target\":\"admin::user\",\"configurable\":false,\"writable\":false,\"visible\":false,\"useJoinTable\":false,\"private\":true},\"updatedBy\":{\"type\":\"relation\",\"relation\":\"oneToOne\",\"target\":\"admin::user\",\"configurable\":false,\"writable\":false,\"visible\":false,\"useJoinTable\":false,\"private\":true}},\"kind\":\"collectionType\",\"__schema__\":{\"collectionName\":\"admin_roles\",\"info\":{\"name\":\"Role\",\"description\":\"\",\"singularName\":\"role\",\"pluralName\":\"roles\",\"displayName\":\"Role\"},\"options\":{},\"pluginOptions\":{\"content-manager\":{\"visible\":false},\"content-type-builder\":{\"visible\":false}},\"attributes\":{\"name\":{\"type\":\"string\",\"minLength\":1,\"unique\":true,\"configurable\":false,\"required\":true},\"code\":{\"type\":\"string\",\"minLength\":1,\"unique\":true,\"configurable\":false,\"required\":true},\"description\":{\"type\":\"string\",\"configurable\":false},\"users\":{\"configurable\":false,\"type\":\"relation\",\"relation\":\"manyToMany\",\"mappedBy\":\"roles\",\"target\":\"admin::user\"},\"permissions\":{\"configurable\":false,\"type\":\"relation\",\"relation\":\"oneToMany\",\"mappedBy\":\"role\",\"target\":\"admin::permission\"}},\"kind\":\"collectionType\"},\"modelType\":\"contentType\",\"modelName\":\"role\",\"connection\":\"default\",\"uid\":\"admin::role\",\"plugin\":\"admin\",\"globalId\":\"AdminRole\"},\"admin::api-token\":{\"collectionName\":\"strapi_api_tokens\",\"info\":{\"name\":\"Api Token\",\"singularName\":\"api-token\",\"pluralName\":\"api-tokens\",\"displayName\":\"Api Token\",\"description\":\"\"},\"options\":{},\"pluginOptions\":{\"content-manager\":{\"visible\":false},\"content-type-builder\":{\"visible\":false}},\"attributes\":{\"name\":{\"type\":\"string\",\"minLength\":1,\"configurable\":false,\"required\":true},\"description\":{\"type\":\"string\",\"minLength\":1,\"configurable\":false,\"required\":false,\"default\":\"\"},\"type\":{\"type\":\"enumeration\",\"enum\":[\"read-only\",\"full-access\"],\"configurable\":false,\"required\":false,\"default\":\"read-only\"},\"accessKey\":{\"type\":\"string\",\"minLength\":1,\"configurable\":false,\"required\":true},\"createdAt\":{\"type\":\"datetime\"},\"updatedAt\":{\"type\":\"datetime\"},\"createdBy\":{\"type\":\"relation\",\"relation\":\"oneToOne\",\"target\":\"admin::user\",\"configurable\":false,\"writable\":false,\"visible\":false,\"useJoinTable\":false,\"private\":true},\"updatedBy\":{\"type\":\"relation\",\"relation\":\"oneToOne\",\"target\":\"admin::user\",\"configurable\":false,\"writable\":false,\"visible\":false,\"useJoinTable\":false,\"private\":true}},\"kind\":\"collectionType\",\"__schema__\":{\"collectionName\":\"strapi_api_tokens\",\"info\":{\"name\":\"Api Token\",\"singularName\":\"api-token\",\"pluralName\":\"api-tokens\",\"displayName\":\"Api Token\",\"description\":\"\"},\"options\":{},\"pluginOptions\":{\"content-manager\":{\"visible\":false},\"content-type-builder\":{\"visible\":false}},\"attributes\":{\"name\":{\"type\":\"string\",\"minLength\":1,\"configurable\":false,\"required\":true},\"description\":{\"type\":\"string\",\"minLength\":1,\"configurable\":false,\"required\":false,\"default\":\"\"},\"type\":{\"type\":\"enumeration\",\"enum\":[\"read-only\",\"full-access\"],\"configurable\":false,\"required\":false,\"default\":\"read-only\"},\"accessKey\":{\"type\":\"string\",\"minLength\":1,\"configurable\":false,\"required\":true}},\"kind\":\"collectionType\"},\"modelType\":\"contentType\",\"modelName\":\"api-token\",\"connection\":\"default\",\"uid\":\"admin::api-token\",\"plugin\":\"admin\",\"globalId\":\"AdminApiToken\"},\"plugin::upload.file\":{\"collectionName\":\"files\",\"info\":{\"singularName\":\"file\",\"pluralName\":\"files\",\"displayName\":\"File\",\"description\":\"\"},\"options\":{},\"pluginOptions\":{\"content-manager\":{\"visible\":false},\"content-type-builder\":{\"visible\":false}},\"attributes\":{\"name\":{\"type\":\"string\",\"configurable\":false,\"required\":true},\"alternativeText\":{\"type\":\"string\",\"configurable\":false},\"caption\":{\"type\":\"string\",\"configurable\":false},\"width\":{\"type\":\"integer\",\"configurable\":false},\"height\":{\"type\":\"integer\",\"configurable\":false},\"formats\":{\"type\":\"json\",\"configurable\":false},\"hash\":{\"type\":\"string\",\"configurable\":false,\"required\":true},\"ext\":{\"type\":\"string\",\"configurable\":false},\"mime\":{\"type\":\"string\",\"configurable\":false,\"required\":true},\"size\":{\"type\":\"decimal\",\"configurable\":false,\"required\":true},\"url\":{\"type\":\"string\",\"configurable\":false,\"required\":true},\"previewUrl\":{\"type\":\"string\",\"configurable\":false},\"provider\":{\"type\":\"string\",\"configurable\":false,\"required\":true},\"provider_metadata\":{\"type\":\"json\",\"configurable\":false},\"related\":{\"type\":\"relation\",\"relation\":\"morphToMany\",\"configurable\":false},\"createdAt\":{\"type\":\"datetime\"},\"updatedAt\":{\"type\":\"datetime\"},\"createdBy\":{\"type\":\"relation\",\"relation\":\"oneToOne\",\"target\":\"admin::user\",\"configurable\":false,\"writable\":false,\"visible\":false,\"useJoinTable\":false,\"private\":true},\"updatedBy\":{\"type\":\"relation\",\"relation\":\"oneToOne\",\"target\":\"admin::user\",\"configurable\":false,\"writable\":false,\"visible\":false,\"useJoinTable\":false,\"private\":true}},\"kind\":\"collectionType\",\"__schema__\":{\"collectionName\":\"files\",\"info\":{\"singularName\":\"file\",\"pluralName\":\"files\",\"displayName\":\"File\",\"description\":\"\"},\"options\":{},\"pluginOptions\":{\"content-manager\":{\"visible\":false},\"content-type-builder\":{\"visible\":false}},\"attributes\":{\"name\":{\"type\":\"string\",\"configurable\":false,\"required\":true},\"alternativeText\":{\"type\":\"string\",\"configurable\":false},\"caption\":{\"type\":\"string\",\"configurable\":false},\"width\":{\"type\":\"integer\",\"configurable\":false},\"height\":{\"type\":\"integer\",\"configurable\":false},\"formats\":{\"type\":\"json\",\"configurable\":false},\"hash\":{\"type\":\"string\",\"configurable\":false,\"required\":true},\"ext\":{\"type\":\"string\",\"configurable\":false},\"mime\":{\"type\":\"string\",\"configurable\":false,\"required\":true},\"size\":{\"type\":\"decimal\",\"configurable\":false,\"required\":true},\"url\":{\"type\":\"string\",\"configurable\":false,\"required\":true},\"previewUrl\":{\"type\":\"string\",\"configurable\":false},\"provider\":{\"type\":\"string\",\"configurable\":false,\"required\":true},\"provider_metadata\":{\"type\":\"json\",\"configurable\":false},\"related\":{\"type\":\"relation\",\"relation\":\"morphToMany\",\"configurable\":false}},\"kind\":\"collectionType\"},\"modelType\":\"contentType\",\"modelName\":\"file\",\"connection\":\"default\",\"uid\":\"plugin::upload.file\",\"plugin\":\"upload\",\"globalId\":\"UploadFile\"},\"plugin::i18n.locale\":{\"info\":{\"singularName\":\"locale\",\"pluralName\":\"locales\",\"collectionName\":\"locales\",\"displayName\":\"Locale\",\"description\":\"\"},\"options\":{\"draftAndPublish\":false},\"pluginOptions\":{\"content-manager\":{\"visible\":false},\"content-type-builder\":{\"visible\":false}},\"attributes\":{\"name\":{\"type\":\"string\",\"min\":1,\"max\":50,\"configurable\":false},\"code\":{\"type\":\"string\",\"unique\":true,\"configurable\":false},\"createdAt\":{\"type\":\"datetime\"},\"updatedAt\":{\"type\":\"datetime\"},\"createdBy\":{\"type\":\"relation\",\"relation\":\"oneToOne\",\"target\":\"admin::user\",\"configurable\":false,\"writable\":false,\"visible\":false,\"useJoinTable\":false,\"private\":true},\"updatedBy\":{\"type\":\"relation\",\"relation\":\"oneToOne\",\"target\":\"admin::user\",\"configurable\":false,\"writable\":false,\"visible\":false,\"useJoinTable\":false,\"private\":true}},\"kind\":\"collectionType\",\"__schema__\":{\"info\":{\"singularName\":\"locale\",\"pluralName\":\"locales\",\"collectionName\":\"locales\",\"displayName\":\"Locale\",\"description\":\"\"},\"options\":{\"draftAndPublish\":false},\"pluginOptions\":{\"content-manager\":{\"visible\":false},\"content-type-builder\":{\"visible\":false}},\"attributes\":{\"name\":{\"type\":\"string\",\"min\":1,\"max\":50,\"configurable\":false},\"code\":{\"type\":\"string\",\"unique\":true,\"configurable\":false}},\"kind\":\"collectionType\"},\"modelType\":\"contentType\",\"modelName\":\"locale\",\"connection\":\"default\",\"uid\":\"plugin::i18n.locale\",\"plugin\":\"i18n\",\"collectionName\":\"i18n_locale\",\"globalId\":\"I18NLocale\"},\"plugin::users-permissions.permission\":{\"collectionName\":\"up_permissions\",\"info\":{\"name\":\"permission\",\"description\":\"\",\"singularName\":\"permission\",\"pluralName\":\"permissions\",\"displayName\":\"Permission\"},\"pluginOptions\":{\"content-manager\":{\"visible\":false},\"content-type-builder\":{\"visible\":false}},\"attributes\":{\"action\":{\"type\":\"string\",\"required\":true,\"configurable\":false},\"role\":{\"type\":\"relation\",\"relation\":\"manyToOne\",\"target\":\"plugin::users-permissions.role\",\"inversedBy\":\"permissions\",\"configurable\":false},\"createdAt\":{\"type\":\"datetime\"},\"updatedAt\":{\"type\":\"datetime\"},\"createdBy\":{\"type\":\"relation\",\"relation\":\"oneToOne\",\"target\":\"admin::user\",\"configurable\":false,\"writable\":false,\"visible\":false,\"useJoinTable\":false,\"private\":true},\"updatedBy\":{\"type\":\"relation\",\"relation\":\"oneToOne\",\"target\":\"admin::user\",\"configurable\":false,\"writable\":false,\"visible\":false,\"useJoinTable\":false,\"private\":true}},\"kind\":\"collectionType\",\"__schema__\":{\"collectionName\":\"up_permissions\",\"info\":{\"name\":\"permission\",\"description\":\"\",\"singularName\":\"permission\",\"pluralName\":\"permissions\",\"displayName\":\"Permission\"},\"pluginOptions\":{\"content-manager\":{\"visible\":false},\"content-type-builder\":{\"visible\":false}},\"attributes\":{\"action\":{\"type\":\"string\",\"required\":true,\"configurable\":false},\"role\":{\"type\":\"relation\",\"relation\":\"manyToOne\",\"target\":\"plugin::users-permissions.role\",\"inversedBy\":\"permissions\",\"configurable\":false}},\"kind\":\"collectionType\"},\"modelType\":\"contentType\",\"modelName\":\"permission\",\"connection\":\"default\",\"uid\":\"plugin::users-permissions.permission\",\"plugin\":\"users-permissions\",\"globalId\":\"UsersPermissionsPermission\"},\"plugin::users-permissions.role\":{\"collectionName\":\"up_roles\",\"info\":{\"name\":\"role\",\"description\":\"\",\"singularName\":\"role\",\"pluralName\":\"roles\",\"displayName\":\"Role\"},\"pluginOptions\":{\"content-manager\":{\"visible\":false},\"content-type-builder\":{\"visible\":false}},\"attributes\":{\"name\":{\"type\":\"string\",\"minLength\":3,\"required\":true,\"configurable\":false},\"description\":{\"type\":\"string\",\"configurable\":false},\"type\":{\"type\":\"string\",\"unique\":true,\"configurable\":false},\"permissions\":{\"type\":\"relation\",\"relation\":\"oneToMany\",\"target\":\"plugin::users-permissions.permission\",\"mappedBy\":\"role\",\"configurable\":false},\"users\":{\"type\":\"relation\",\"relation\":\"oneToMany\",\"target\":\"plugin::users-permissions.user\",\"mappedBy\":\"role\",\"configurable\":false},\"createdAt\":{\"type\":\"datetime\"},\"updatedAt\":{\"type\":\"datetime\"},\"createdBy\":{\"type\":\"relation\",\"relation\":\"oneToOne\",\"target\":\"admin::user\",\"configurable\":false,\"writable\":false,\"visible\":false,\"useJoinTable\":false,\"private\":true},\"updatedBy\":{\"type\":\"relation\",\"relation\":\"oneToOne\",\"target\":\"admin::user\",\"configurable\":false,\"writable\":false,\"visible\":false,\"useJoinTable\":false,\"private\":true}},\"kind\":\"collectionType\",\"__schema__\":{\"collectionName\":\"up_roles\",\"info\":{\"name\":\"role\",\"description\":\"\",\"singularName\":\"role\",\"pluralName\":\"roles\",\"displayName\":\"Role\"},\"pluginOptions\":{\"content-manager\":{\"visible\":false},\"content-type-builder\":{\"visible\":false}},\"attributes\":{\"name\":{\"type\":\"string\",\"minLength\":3,\"required\":true,\"configurable\":false},\"description\":{\"type\":\"string\",\"configurable\":false},\"type\":{\"type\":\"string\",\"unique\":true,\"configurable\":false},\"permissions\":{\"type\":\"relation\",\"relation\":\"oneToMany\",\"target\":\"plugin::users-permissions.permission\",\"mappedBy\":\"role\",\"configurable\":false},\"users\":{\"type\":\"relation\",\"relation\":\"oneToMany\",\"target\":\"plugin::users-permissions.user\",\"mappedBy\":\"role\",\"configurable\":false}},\"kind\":\"collectionType\"},\"modelType\":\"contentType\",\"modelName\":\"role\",\"connection\":\"default\",\"uid\":\"plugin::users-permissions.role\",\"plugin\":\"users-permissions\",\"globalId\":\"UsersPermissionsRole\"},\"plugin::users-permissions.user\":{\"collectionName\":\"up_users\",\"info\":{\"name\":\"user\",\"description\":\"\",\"singularName\":\"user\",\"pluralName\":\"users\",\"displayName\":\"User\"},\"options\":{\"draftAndPublish\":false,\"timestamps\":true},\"attributes\":{\"username\":{\"type\":\"string\",\"minLength\":3,\"unique\":true,\"configurable\":false,\"required\":true},\"email\":{\"type\":\"email\",\"minLength\":6,\"configurable\":false,\"required\":true},\"provider\":{\"type\":\"string\",\"configurable\":false},\"password\":{\"type\":\"password\",\"minLength\":6,\"configurable\":false,\"private\":true},\"resetPasswordToken\":{\"type\":\"string\",\"configurable\":false,\"private\":true},\"confirmationToken\":{\"type\":\"string\",\"configurable\":false,\"private\":true},\"confirmed\":{\"type\":\"boolean\",\"default\":false,\"configurable\":false},\"blocked\":{\"type\":\"boolean\",\"default\":false,\"configurable\":false},\"role\":{\"type\":\"relation\",\"relation\":\"manyToOne\",\"target\":\"plugin::users-permissions.role\",\"inversedBy\":\"users\",\"configurable\":false},\"user_transferts\":{\"type\":\"relation\",\"relation\":\"oneToMany\",\"target\":\"api::user-transfert.user-transfert\",\"mappedBy\":\"user\"},\"address\":{\"type\":\"string\"},\"province\":{\"type\":\"relation\",\"relation\":\"oneToOne\",\"target\":\"api::uprovince.uprovince\"},\"cellphone\":{\"type\":\"string\"},\"other_phone\":{\"type\":\"string\"},\"city\":{\"type\":\"string\"},\"occupation\":{\"type\":\"relation\",\"relation\":\"oneToOne\",\"target\":\"api::occupation.occupation\"},\"firstname\":{\"type\":\"string\"},\"lastname\":{\"type\":\"string\"},\"photo\":{\"type\":\"media\",\"multiple\":false,\"required\":false,\"allowedTypes\":[\"images\"]},\"gender\":{\"type\":\"enumeration\",\"enum\":[\"M\",\"F\"]},\"createdAt\":{\"type\":\"datetime\"},\"updatedAt\":{\"type\":\"datetime\"},\"createdBy\":{\"type\":\"relation\",\"relation\":\"oneToOne\",\"target\":\"admin::user\",\"configurable\":false,\"writable\":false,\"visible\":false,\"useJoinTable\":false,\"private\":true},\"updatedBy\":{\"type\":\"relation\",\"relation\":\"oneToOne\",\"target\":\"admin::user\",\"configurable\":false,\"writable\":false,\"visible\":false,\"useJoinTable\":false,\"private\":true}},\"config\":{\"attributes\":{\"resetPasswordToken\":{\"hidden\":true},\"confirmationToken\":{\"hidden\":true},\"provider\":{\"hidden\":true}}},\"kind\":\"collectionType\",\"__filename__\":\"schema.json\",\"__schema__\":{\"collectionName\":\"up_users\",\"info\":{\"name\":\"user\",\"description\":\"\",\"singularName\":\"user\",\"pluralName\":\"users\",\"displayName\":\"User\"},\"options\":{\"draftAndPublish\":false,\"timestamps\":true},\"attributes\":{\"username\":{\"type\":\"string\",\"minLength\":3,\"unique\":true,\"configurable\":false,\"required\":true},\"email\":{\"type\":\"email\",\"minLength\":6,\"configurable\":false,\"required\":true},\"provider\":{\"type\":\"string\",\"configurable\":false},\"password\":{\"type\":\"password\",\"minLength\":6,\"configurable\":false,\"private\":true},\"resetPasswordToken\":{\"type\":\"string\",\"configurable\":false,\"private\":true},\"confirmationToken\":{\"type\":\"string\",\"configurable\":false,\"private\":true},\"confirmed\":{\"type\":\"boolean\",\"default\":false,\"configurable\":false},\"blocked\":{\"type\":\"boolean\",\"default\":false,\"configurable\":false},\"role\":{\"type\":\"relation\",\"relation\":\"manyToOne\",\"target\":\"plugin::users-permissions.role\",\"inversedBy\":\"users\",\"configurable\":false},\"user_transferts\":{\"type\":\"relation\",\"relation\":\"oneToMany\",\"target\":\"api::user-transfert.user-transfert\",\"mappedBy\":\"user\"},\"address\":{\"type\":\"string\"},\"province\":{\"type\":\"relation\",\"relation\":\"oneToOne\",\"target\":\"api::uprovince.uprovince\"},\"cellphone\":{\"type\":\"string\"},\"other_phone\":{\"type\":\"string\"},\"city\":{\"type\":\"string\"},\"occupation\":{\"type\":\"relation\",\"relation\":\"oneToOne\",\"target\":\"api::occupation.occupation\"},\"firstname\":{\"type\":\"string\"},\"lastname\":{\"type\":\"string\"},\"photo\":{\"type\":\"media\",\"multiple\":false,\"required\":false,\"allowedTypes\":[\"images\"]},\"gender\":{\"type\":\"enumeration\",\"enum\":[\"M\",\"F\"]}},\"kind\":\"collectionType\"},\"modelType\":\"contentType\",\"modelName\":\"user\",\"connection\":\"default\",\"uid\":\"plugin::users-permissions.user\",\"plugin\":\"users-permissions\",\"globalId\":\"UsersPermissionsUser\"},\"plugin::ezforms.submission\":{\"info\":{\"tableName\":\"submission\",\"singularName\":\"submission\",\"pluralName\":\"submissions\",\"displayName\":\"Form Submissions\",\"description\":\"A Place for all your form submissions\",\"kind\":\"collectionType\"},\"options\":{\"draftAndPublish\":false},\"pluginOptions\":{\"content-manager\":{\"visible\":true},\"content-type-builder\":{\"visible\":false}},\"attributes\":{\"score\":{\"type\":\"string\",\"min\":1,\"max\":50,\"configurable\":false},\"data\":{\"type\":\"json\",\"configurable\":false},\"contact_name_lbl\":{\"type\":\"string\"},\"contact_name\":{\"type\":\"json\"},\"contact_email_lbl\":{\"type\":\"string\"},\"contact_email\":{\"type\":\"json\"},\"contact_content_lbl\":{\"type\":\"string\"},\"createdAt\":{\"type\":\"datetime\"},\"updatedAt\":{\"type\":\"datetime\"},\"createdBy\":{\"type\":\"relation\",\"relation\":\"oneToOne\",\"target\":\"admin::user\",\"configurable\":false,\"writable\":false,\"visible\":false,\"useJoinTable\":false,\"private\":true},\"updatedBy\":{\"type\":\"relation\",\"relation\":\"oneToOne\",\"target\":\"admin::user\",\"configurable\":false,\"writable\":false,\"visible\":false,\"useJoinTable\":false,\"private\":true}},\"kind\":\"collectionType\",\"__filename__\":\"schema.json\",\"__schema__\":{\"info\":{\"tableName\":\"submission\",\"singularName\":\"submission\",\"pluralName\":\"submissions\",\"displayName\":\"Form Submissions\",\"description\":\"A Place for all your form submissions\",\"kind\":\"collectionType\"},\"options\":{\"draftAndPublish\":false},\"pluginOptions\":{\"content-manager\":{\"visible\":true},\"content-type-builder\":{\"visible\":false}},\"attributes\":{\"score\":{\"type\":\"string\",\"min\":1,\"max\":50,\"configurable\":false},\"data\":{\"type\":\"json\",\"configurable\":false},\"contact_name_lbl\":{\"type\":\"string\"},\"contact_name\":{\"type\":\"json\"},\"contact_email_lbl\":{\"type\":\"string\"},\"contact_email\":{\"type\":\"json\"},\"contact_content_lbl\":{\"type\":\"string\"}},\"kind\":\"collectionType\"},\"modelType\":\"contentType\",\"modelName\":\"submission\",\"connection\":\"default\",\"uid\":\"plugin::ezforms.submission\",\"plugin\":\"ezforms\",\"collectionName\":\"ezforms_submission\",\"globalId\":\"EzformsSubmission\"},\"plugin::ezforms.recipient\":{\"info\":{\"tableName\":\"recipients\",\"singularName\":\"recipient\",\"pluralName\":\"recipients\",\"displayName\":\"Notification Recipients\",\"description\":\"List of Notification Recipients\",\"kind\":\"collectionType\"},\"options\":{\"draftAndPublish\":false},\"pluginOptions\":{\"content-manager\":{\"visible\":true},\"content-type-builder\":{\"visible\":false}},\"attributes\":{\"name\":{\"type\":\"string\",\"min\":1,\"max\":50,\"configurable\":false},\"email\":{\"type\":\"string\",\"min\":1,\"max\":50,\"configurable\":false},\"number\":{\"type\":\"string\",\"min\":1,\"max\":50,\"configurable\":false},\"createdAt\":{\"type\":\"datetime\"},\"updatedAt\":{\"type\":\"datetime\"},\"createdBy\":{\"type\":\"relation\",\"relation\":\"oneToOne\",\"target\":\"admin::user\",\"configurable\":false,\"writable\":false,\"visible\":false,\"useJoinTable\":false,\"private\":true},\"updatedBy\":{\"type\":\"relation\",\"relation\":\"oneToOne\",\"target\":\"admin::user\",\"configurable\":false,\"writable\":false,\"visible\":false,\"useJoinTable\":false,\"private\":true}},\"kind\":\"collectionType\",\"__schema__\":{\"info\":{\"tableName\":\"recipients\",\"singularName\":\"recipient\",\"pluralName\":\"recipients\",\"displayName\":\"Notification Recipients\",\"description\":\"List of Notification Recipients\",\"kind\":\"collectionType\"},\"options\":{\"draftAndPublish\":false},\"pluginOptions\":{\"content-manager\":{\"visible\":true},\"content-type-builder\":{\"visible\":false}},\"attributes\":{\"name\":{\"type\":\"string\",\"min\":1,\"max\":50,\"configurable\":false},\"email\":{\"type\":\"string\",\"min\":1,\"max\":50,\"configurable\":false},\"number\":{\"type\":\"string\",\"min\":1,\"max\":50,\"configurable\":false}},\"kind\":\"collectionType\"},\"modelType\":\"contentType\",\"modelName\":\"recipient\",\"connection\":\"default\",\"uid\":\"plugin::ezforms.recipient\",\"plugin\":\"ezforms\",\"collectionName\":\"ezforms_recipient\",\"globalId\":\"EzformsRecipient\"},\"api::a-propos-de-nous.a-propos-de-nous\":{\"kind\":\"singleType\",\"collectionName\":\"a_propos\",\"info\":{\"singularName\":\"a-propos-de-nous\",\"pluralName\":\"a-propos\",\"displayName\":\"a propos de nous\",\"description\":\"\"},\"options\":{\"draftAndPublish\":true},\"pluginOptions\":{},\"attributes\":{\"about_us_cover_title\":{\"type\":\"string\"},\"about_us_cover\":{\"type\":\"media\",\"multiple\":false,\"required\":false,\"allowedTypes\":[\"images\",\"files\",\"videos\",\"audios\"]},\"about_us_cover_subtitle\":{\"type\":\"string\"},\"about_us_content_title\":{\"type\":\"string\"},\"about_us_content_desc\":{\"type\":\"richtext\"},\"about_us_content_uptitle\":{\"type\":\"string\"},\"about_us_content_image\":{\"type\":\"media\",\"multiple\":false,\"required\":false,\"allowedTypes\":[\"images\",\"files\",\"videos\",\"audios\"]},\"createdAt\":{\"type\":\"datetime\"},\"updatedAt\":{\"type\":\"datetime\"},\"publishedAt\":{\"type\":\"datetime\",\"configurable\":false,\"writable\":true,\"visible\":false},\"createdBy\":{\"type\":\"relation\",\"relation\":\"oneToOne\",\"target\":\"admin::user\",\"configurable\":false,\"writable\":false,\"visible\":false,\"useJoinTable\":false,\"private\":true},\"updatedBy\":{\"type\":\"relation\",\"relation\":\"oneToOne\",\"target\":\"admin::user\",\"configurable\":false,\"writable\":false,\"visible\":false,\"useJoinTable\":false,\"private\":true}},\"__schema__\":{\"collectionName\":\"a_propos\",\"info\":{\"singularName\":\"a-propos-de-nous\",\"pluralName\":\"a-propos\",\"displayName\":\"a propos de nous\",\"description\":\"\"},\"options\":{\"draftAndPublish\":true},\"pluginOptions\":{},\"attributes\":{\"about_us_cover_title\":{\"type\":\"string\"},\"about_us_cover\":{\"type\":\"media\",\"multiple\":false,\"required\":false,\"allowedTypes\":[\"images\",\"files\",\"videos\",\"audios\"]},\"about_us_cover_subtitle\":{\"type\":\"string\"},\"about_us_content_title\":{\"type\":\"string\"},\"about_us_content_desc\":{\"type\":\"richtext\"},\"about_us_content_uptitle\":{\"type\":\"string\"},\"about_us_content_image\":{\"type\":\"media\",\"multiple\":false,\"required\":false,\"allowedTypes\":[\"images\",\"files\",\"videos\",\"audios\"]}},\"kind\":\"singleType\"},\"modelType\":\"contentType\",\"modelName\":\"a-propos-de-nous\",\"connection\":\"default\",\"uid\":\"api::a-propos-de-nous.a-propos-de-nous\",\"apiName\":\"a-propos-de-nous\",\"globalId\":\"AProposDeNous\",\"actions\":{},\"lifecycles\":{}},\"api::admin-setting.admin-setting\":{\"kind\":\"collectionType\",\"collectionName\":\"admin_settings\",\"info\":{\"singularName\":\"admin-setting\",\"pluralName\":\"admin-settings\",\"displayName\":\"admin_setting\",\"description\":\"\"},\"options\":{\"draftAndPublish\":true},\"pluginOptions\":{},\"attributes\":{\"exchange_rate\":{\"type\":\"string\",\"regex\":\"^[0-9]*$\"},\"currency\":{\"type\":\"enumeration\",\"enum\":[\"CAD\",\"XAF\",\"EUR\"]},\"default_receiver_currency\":{\"type\":\"string\"},\"default_sender_currency\":{\"type\":\"string\"},\"interac_email\":{\"type\":\"string\"},\"interac_phone\":{\"type\":\"string\"},\"max_sender_money\":{\"type\":\"decimal\"},\"min_sender_money\":{\"type\":\"decimal\"},\"createdAt\":{\"type\":\"datetime\"},\"updatedAt\":{\"type\":\"datetime\"},\"publishedAt\":{\"type\":\"datetime\",\"configurable\":false,\"writable\":true,\"visible\":false},\"createdBy\":{\"type\":\"relation\",\"relation\":\"oneToOne\",\"target\":\"admin::user\",\"configurable\":false,\"writable\":false,\"visible\":false,\"useJoinTable\":false,\"private\":true},\"updatedBy\":{\"type\":\"relation\",\"relation\":\"oneToOne\",\"target\":\"admin::user\",\"configurable\":false,\"writable\":false,\"visible\":false,\"useJoinTable\":false,\"private\":true}},\"__schema__\":{\"collectionName\":\"admin_settings\",\"info\":{\"singularName\":\"admin-setting\",\"pluralName\":\"admin-settings\",\"displayName\":\"admin_setting\",\"description\":\"\"},\"options\":{\"draftAndPublish\":true},\"pluginOptions\":{},\"attributes\":{\"exchange_rate\":{\"type\":\"string\",\"regex\":\"^[0-9]*$\"},\"currency\":{\"type\":\"enumeration\",\"enum\":[\"CAD\",\"XAF\",\"EUR\"]},\"default_receiver_currency\":{\"type\":\"string\"},\"default_sender_currency\":{\"type\":\"string\"},\"interac_email\":{\"type\":\"string\"},\"interac_phone\":{\"type\":\"string\"},\"max_sender_money\":{\"type\":\"decimal\"},\"min_sender_money\":{\"type\":\"decimal\"}},\"kind\":\"collectionType\"},\"modelType\":\"contentType\",\"modelName\":\"admin-setting\",\"connection\":\"default\",\"uid\":\"api::admin-setting.admin-setting\",\"apiName\":\"admin-setting\",\"globalId\":\"AdminSetting\",\"actions\":{},\"lifecycles\":{}},\"api::bank.bank\":{\"kind\":\"collectionType\",\"collectionName\":\"banks\",\"info\":{\"singularName\":\"bank\",\"pluralName\":\"banks\",\"displayName\":\"banks\",\"description\":\"\"},\"options\":{\"draftAndPublish\":true},\"pluginOptions\":{},\"attributes\":{\"name\":{\"type\":\"string\"},\"active\":{\"type\":\"enumeration\",\"enum\":[\"yes\",\"no\"],\"default\":\"yes\"},\"createdAt\":{\"type\":\"datetime\"},\"updatedAt\":{\"type\":\"datetime\"},\"publishedAt\":{\"type\":\"datetime\",\"configurable\":false,\"writable\":true,\"visible\":false},\"createdBy\":{\"type\":\"relation\",\"relation\":\"oneToOne\",\"target\":\"admin::user\",\"configurable\":false,\"writable\":false,\"visible\":false,\"useJoinTable\":false,\"private\":true},\"updatedBy\":{\"type\":\"relation\",\"relation\":\"oneToOne\",\"target\":\"admin::user\",\"configurable\":false,\"writable\":false,\"visible\":false,\"useJoinTable\":false,\"private\":true}},\"__schema__\":{\"collectionName\":\"banks\",\"info\":{\"singularName\":\"bank\",\"pluralName\":\"banks\",\"displayName\":\"banks\",\"description\":\"\"},\"options\":{\"draftAndPublish\":true},\"pluginOptions\":{},\"attributes\":{\"name\":{\"type\":\"string\"},\"active\":{\"type\":\"enumeration\",\"enum\":[\"yes\",\"no\"],\"default\":\"yes\"}},\"kind\":\"collectionType\"},\"modelType\":\"contentType\",\"modelName\":\"bank\",\"connection\":\"default\",\"uid\":\"api::bank.bank\",\"apiName\":\"bank\",\"globalId\":\"Bank\",\"actions\":{},\"lifecycles\":{}},\"api::contact.contact\":{\"kind\":\"singleType\",\"collectionName\":\"contacts\",\"info\":{\"singularName\":\"contact\",\"pluralName\":\"contacts\",\"displayName\":\"Contact\",\"description\":\"\"},\"options\":{\"draftAndPublish\":true},\"pluginOptions\":{},\"attributes\":{\"contact_cover_title\":{\"type\":\"string\"},\"contact_cover\":{\"type\":\"media\",\"multiple\":false,\"required\":false,\"allowedTypes\":[\"images\",\"files\",\"videos\",\"audios\"]},\"contact_cover_subtitle\":{\"type\":\"string\"},\"contact_content_title\":{\"type\":\"string\"},\"contact_address_title\":{\"type\":\"string\"},\"contact_email_title\":{\"type\":\"string\"},\"contact_phone_title\":{\"type\":\"string\"},\"contact_address_icon\":{\"type\":\"media\",\"multiple\":false,\"required\":false,\"allowedTypes\":[\"images\",\"files\",\"videos\",\"audios\"]},\"contact_email_icon\":{\"type\":\"media\",\"multiple\":false,\"required\":false,\"allowedTypes\":[\"images\",\"files\",\"videos\",\"audios\"]},\"contact_phone_icon\":{\"type\":\"media\",\"multiple\":false,\"required\":false,\"allowedTypes\":[\"images\",\"files\",\"videos\",\"audios\"]},\"contact_address\":{\"type\":\"string\"},\"contact_email\":{\"type\":\"string\"},\"contact_phone\":{\"type\":\"string\"},\"contact_content_description\":{\"type\":\"text\"},\"name_placeholder\":{\"type\":\"string\"},\"email_placeholder\":{\"type\":\"string\"},\"phone_placeholder\":{\"type\":\"string\"},\"subject_placeholder\":{\"type\":\"string\"},\"message_placeholder\":{\"type\":\"string\"},\"send_message_btn_label\":{\"type\":\"string\"},\"createdAt\":{\"type\":\"datetime\"},\"updatedAt\":{\"type\":\"datetime\"},\"publishedAt\":{\"type\":\"datetime\",\"configurable\":false,\"writable\":true,\"visible\":false},\"createdBy\":{\"type\":\"relation\",\"relation\":\"oneToOne\",\"target\":\"admin::user\",\"configurable\":false,\"writable\":false,\"visible\":false,\"useJoinTable\":false,\"private\":true},\"updatedBy\":{\"type\":\"relation\",\"relation\":\"oneToOne\",\"target\":\"admin::user\",\"configurable\":false,\"writable\":false,\"visible\":false,\"useJoinTable\":false,\"private\":true}},\"__schema__\":{\"collectionName\":\"contacts\",\"info\":{\"singularName\":\"contact\",\"pluralName\":\"contacts\",\"displayName\":\"Contact\",\"description\":\"\"},\"options\":{\"draftAndPublish\":true},\"pluginOptions\":{},\"attributes\":{\"contact_cover_title\":{\"type\":\"string\"},\"contact_cover\":{\"type\":\"media\",\"multiple\":false,\"required\":false,\"allowedTypes\":[\"images\",\"files\",\"videos\",\"audios\"]},\"contact_cover_subtitle\":{\"type\":\"string\"},\"contact_content_title\":{\"type\":\"string\"},\"contact_address_title\":{\"type\":\"string\"},\"contact_email_title\":{\"type\":\"string\"},\"contact_phone_title\":{\"type\":\"string\"},\"contact_address_icon\":{\"type\":\"media\",\"multiple\":false,\"required\":false,\"allowedTypes\":[\"images\",\"files\",\"videos\",\"audios\"]},\"contact_email_icon\":{\"type\":\"media\",\"multiple\":false,\"required\":false,\"allowedTypes\":[\"images\",\"files\",\"videos\",\"audios\"]},\"contact_phone_icon\":{\"type\":\"media\",\"multiple\":false,\"required\":false,\"allowedTypes\":[\"images\",\"files\",\"videos\",\"audios\"]},\"contact_address\":{\"type\":\"string\"},\"contact_email\":{\"type\":\"string\"},\"contact_phone\":{\"type\":\"string\"},\"contact_content_description\":{\"type\":\"text\"},\"name_placeholder\":{\"type\":\"string\"},\"email_placeholder\":{\"type\":\"string\"},\"phone_placeholder\":{\"type\":\"string\"},\"subject_placeholder\":{\"type\":\"string\"},\"message_placeholder\":{\"type\":\"string\"},\"send_message_btn_label\":{\"type\":\"string\"}},\"kind\":\"singleType\"},\"modelType\":\"contentType\",\"modelName\":\"contact\",\"connection\":\"default\",\"uid\":\"api::contact.contact\",\"apiName\":\"contact\",\"globalId\":\"Contact\",\"actions\":{},\"lifecycles\":{}},\"api::contact-message.contact-message\":{\"kind\":\"collectionType\",\"collectionName\":\"contact_messages\",\"info\":{\"singularName\":\"contact-message\",\"pluralName\":\"contact-messages\",\"displayName\":\"Contact message\",\"description\":\"\"},\"options\":{\"draftAndPublish\":true},\"pluginOptions\":{},\"attributes\":{\"subject\":{\"type\":\"string\",\"required\":true},\"email\":{\"type\":\"email\",\"required\":true},\"message\":{\"type\":\"text\",\"required\":true},\"reason\":{\"type\":\"string\"},\"fullname\":{\"type\":\"string\",\"required\":true},\"phone\":{\"type\":\"string\"},\"createdAt\":{\"type\":\"datetime\"},\"updatedAt\":{\"type\":\"datetime\"},\"publishedAt\":{\"type\":\"datetime\",\"configurable\":false,\"writable\":true,\"visible\":false},\"createdBy\":{\"type\":\"relation\",\"relation\":\"oneToOne\",\"target\":\"admin::user\",\"configurable\":false,\"writable\":false,\"visible\":false,\"useJoinTable\":false,\"private\":true},\"updatedBy\":{\"type\":\"relation\",\"relation\":\"oneToOne\",\"target\":\"admin::user\",\"configurable\":false,\"writable\":false,\"visible\":false,\"useJoinTable\":false,\"private\":true}},\"__schema__\":{\"collectionName\":\"contact_messages\",\"info\":{\"singularName\":\"contact-message\",\"pluralName\":\"contact-messages\",\"displayName\":\"Contact message\",\"description\":\"\"},\"options\":{\"draftAndPublish\":true},\"pluginOptions\":{},\"attributes\":{\"subject\":{\"type\":\"string\",\"required\":true},\"email\":{\"type\":\"email\",\"required\":true},\"message\":{\"type\":\"text\",\"required\":true},\"reason\":{\"type\":\"string\"},\"fullname\":{\"type\":\"string\",\"required\":true},\"phone\":{\"type\":\"string\"}},\"kind\":\"collectionType\"},\"modelType\":\"contentType\",\"modelName\":\"contact-message\",\"connection\":\"default\",\"uid\":\"api::contact-message.contact-message\",\"apiName\":\"contact-message\",\"globalId\":\"ContactMessage\",\"actions\":{},\"lifecycles\":{}},\"api::faq.faq\":{\"kind\":\"singleType\",\"collectionName\":\"faqs\",\"info\":{\"singularName\":\"faq\",\"pluralName\":\"faqs\",\"displayName\":\"FAQ\",\"description\":\"\"},\"options\":{\"draftAndPublish\":true},\"pluginOptions\":{},\"attributes\":{\"faq_cover_title\":{\"type\":\"string\"},\"faq_cover_subtitle\":{\"type\":\"string\"},\"faq_content_title\":{\"type\":\"string\"},\"faq_content\":{\"type\":\"richtext\"},\"faq_cover\":{\"type\":\"media\",\"multiple\":false,\"required\":false,\"allowedTypes\":[\"images\",\"files\",\"videos\",\"audios\"]},\"questions_list\":{\"type\":\"json\"},\"faq_content_image\":{\"allowedTypes\":[\"images\",\"files\",\"videos\",\"audios\"],\"type\":\"media\",\"multiple\":false},\"createdAt\":{\"type\":\"datetime\"},\"updatedAt\":{\"type\":\"datetime\"},\"publishedAt\":{\"type\":\"datetime\",\"configurable\":false,\"writable\":true,\"visible\":false},\"createdBy\":{\"type\":\"relation\",\"relation\":\"oneToOne\",\"target\":\"admin::user\",\"configurable\":false,\"writable\":false,\"visible\":false,\"useJoinTable\":false,\"private\":true},\"updatedBy\":{\"type\":\"relation\",\"relation\":\"oneToOne\",\"target\":\"admin::user\",\"configurable\":false,\"writable\":false,\"visible\":false,\"useJoinTable\":false,\"private\":true}},\"__schema__\":{\"collectionName\":\"faqs\",\"info\":{\"singularName\":\"faq\",\"pluralName\":\"faqs\",\"displayName\":\"FAQ\",\"description\":\"\"},\"options\":{\"draftAndPublish\":true},\"pluginOptions\":{},\"attributes\":{\"faq_cover_title\":{\"type\":\"string\"},\"faq_cover_subtitle\":{\"type\":\"string\"},\"faq_content_title\":{\"type\":\"string\"},\"faq_content\":{\"type\":\"richtext\"},\"faq_cover\":{\"type\":\"media\",\"multiple\":false,\"required\":false,\"allowedTypes\":[\"images\",\"files\",\"videos\",\"audios\"]},\"questions_list\":{\"type\":\"json\"},\"faq_content_image\":{\"allowedTypes\":[\"images\",\"files\",\"videos\",\"audios\"],\"type\":\"media\",\"multiple\":false}},\"kind\":\"singleType\"},\"modelType\":\"contentType\",\"modelName\":\"faq\",\"connection\":\"default\",\"uid\":\"api::faq.faq\",\"apiName\":\"faq\",\"globalId\":\"Faq\",\"actions\":{},\"lifecycles\":{}},\"api::faq-question.faq-question\":{\"kind\":\"collectionType\",\"collectionName\":\"faq_questions\",\"info\":{\"singularName\":\"faq-question\",\"pluralName\":\"faq-questions\",\"displayName\":\"Faq questions\",\"description\":\"\"},\"options\":{\"draftAndPublish\":true},\"pluginOptions\":{},\"attributes\":{\"question\":{\"type\":\"string\"},\"response\":{\"type\":\"text\"},\"createdAt\":{\"type\":\"datetime\"},\"updatedAt\":{\"type\":\"datetime\"},\"publishedAt\":{\"type\":\"datetime\",\"configurable\":false,\"writable\":true,\"visible\":false},\"createdBy\":{\"type\":\"relation\",\"relation\":\"oneToOne\",\"target\":\"admin::user\",\"configurable\":false,\"writable\":false,\"visible\":false,\"useJoinTable\":false,\"private\":true},\"updatedBy\":{\"type\":\"relation\",\"relation\":\"oneToOne\",\"target\":\"admin::user\",\"configurable\":false,\"writable\":false,\"visible\":false,\"useJoinTable\":false,\"private\":true}},\"__schema__\":{\"collectionName\":\"faq_questions\",\"info\":{\"singularName\":\"faq-question\",\"pluralName\":\"faq-questions\",\"displayName\":\"Faq questions\",\"description\":\"\"},\"options\":{\"draftAndPublish\":true},\"pluginOptions\":{},\"attributes\":{\"question\":{\"type\":\"string\"},\"response\":{\"type\":\"text\"}},\"kind\":\"collectionType\"},\"modelType\":\"contentType\",\"modelName\":\"faq-question\",\"connection\":\"default\",\"uid\":\"api::faq-question.faq-question\",\"apiName\":\"faq-question\",\"globalId\":\"FaqQuestion\",\"actions\":{},\"lifecycles\":{}},\"api::home-page.home-page\":{\"kind\":\"singleType\",\"collectionName\":\"home_pages\",\"info\":{\"singularName\":\"home-page\",\"pluralName\":\"home-pages\",\"displayName\":\"Acceuil\",\"description\":\"\"},\"options\":{\"draftAndPublish\":true},\"pluginOptions\":{},\"attributes\":{\"title\":{\"type\":\"string\"},\"Carousel\":{\"type\":\"media\",\"multiple\":true,\"required\":false,\"allowedTypes\":[\"images\",\"files\",\"videos\",\"audios\"]},\"why_us_title\":{\"type\":\"string\"},\"why_us_description\":{\"type\":\"text\"},\"reason1_title\":{\"type\":\"string\"},\"reason1_description\":{\"type\":\"text\"},\"reason1_icon\":{\"type\":\"media\",\"multiple\":false,\"required\":false,\"allowedTypes\":[\"images\",\"files\",\"videos\",\"audios\"]},\"reason2_title\":{\"type\":\"string\"},\"reason2_description\":{\"type\":\"text\"},\"reason2_icon\":{\"type\":\"media\",\"multiple\":false,\"required\":false,\"allowedTypes\":[\"images\",\"files\",\"videos\",\"audios\"]},\"reason3_title\":{\"type\":\"string\"},\"reason3_description\":{\"type\":\"text\"},\"reason3_icon\":{\"type\":\"media\",\"multiple\":false,\"required\":false,\"allowedTypes\":[\"images\",\"files\",\"videos\",\"audios\"]},\"reason4_title\":{\"type\":\"string\"},\"reason4_description\":{\"type\":\"text\"},\"reason4_icon\":{\"type\":\"media\",\"multiple\":false,\"required\":false,\"allowedTypes\":[\"images\",\"files\",\"videos\",\"audios\"]},\"steppers_title\":{\"type\":\"string\"},\"steppers_description\":{\"type\":\"text\"},\"step1_title\":{\"type\":\"string\"},\"step1_description\":{\"type\":\"text\"},\"step1_icon\":{\"type\":\"media\",\"multiple\":false,\"required\":false,\"allowedTypes\":[\"images\",\"files\",\"videos\",\"audios\"]},\"step2_title\":{\"type\":\"string\"},\"step2_description\":{\"type\":\"text\"},\"step2_icon\":{\"type\":\"media\",\"multiple\":false,\"required\":false,\"allowedTypes\":[\"images\",\"files\",\"videos\",\"audios\"]},\"step3_title\":{\"type\":\"string\"},\"step3_description\":{\"type\":\"text\"},\"step3_icon\":{\"type\":\"media\",\"multiple\":false,\"required\":false,\"allowedTypes\":[\"images\",\"files\",\"videos\",\"audios\"]},\"description\":{\"type\":\"text\"},\"sender_input_label\":{\"type\":\"string\"},\"transition_fee_value\":{\"type\":\"string\"},\"transition_fee_label\":{\"type\":\"string\"},\"recipient_label\":{\"type\":\"string\"},\"save_label\":{\"type\":\"string\"},\"save_value\":{\"type\":\"string\"},\"cta_label\":{\"type\":\"string\"},\"cta_description\":{\"type\":\"string\"},\"terms_policy\":{\"type\":\"string\"},\"exchange_rate_value\":{\"type\":\"float\"},\"exchange_rate_label\":{\"type\":\"string\"},\"createdAt\":{\"type\":\"datetime\"},\"updatedAt\":{\"type\":\"datetime\"},\"publishedAt\":{\"type\":\"datetime\",\"configurable\":false,\"writable\":true,\"visible\":false},\"createdBy\":{\"type\":\"relation\",\"relation\":\"oneToOne\",\"target\":\"admin::user\",\"configurable\":false,\"writable\":false,\"visible\":false,\"useJoinTable\":false,\"private\":true},\"updatedBy\":{\"type\":\"relation\",\"relation\":\"oneToOne\",\"target\":\"admin::user\",\"configurable\":false,\"writable\":false,\"visible\":false,\"useJoinTable\":false,\"private\":true}},\"__schema__\":{\"collectionName\":\"home_pages\",\"info\":{\"singularName\":\"home-page\",\"pluralName\":\"home-pages\",\"displayName\":\"Acceuil\",\"description\":\"\"},\"options\":{\"draftAndPublish\":true},\"pluginOptions\":{},\"attributes\":{\"title\":{\"type\":\"string\"},\"Carousel\":{\"type\":\"media\",\"multiple\":true,\"required\":false,\"allowedTypes\":[\"images\",\"files\",\"videos\",\"audios\"]},\"why_us_title\":{\"type\":\"string\"},\"why_us_description\":{\"type\":\"text\"},\"reason1_title\":{\"type\":\"string\"},\"reason1_description\":{\"type\":\"text\"},\"reason1_icon\":{\"type\":\"media\",\"multiple\":false,\"required\":false,\"allowedTypes\":[\"images\",\"files\",\"videos\",\"audios\"]},\"reason2_title\":{\"type\":\"string\"},\"reason2_description\":{\"type\":\"text\"},\"reason2_icon\":{\"type\":\"media\",\"multiple\":false,\"required\":false,\"allowedTypes\":[\"images\",\"files\",\"videos\",\"audios\"]},\"reason3_title\":{\"type\":\"string\"},\"reason3_description\":{\"type\":\"text\"},\"reason3_icon\":{\"type\":\"media\",\"multiple\":false,\"required\":false,\"allowedTypes\":[\"images\",\"files\",\"videos\",\"audios\"]},\"reason4_title\":{\"type\":\"string\"},\"reason4_description\":{\"type\":\"text\"},\"reason4_icon\":{\"type\":\"media\",\"multiple\":false,\"required\":false,\"allowedTypes\":[\"images\",\"files\",\"videos\",\"audios\"]},\"steppers_title\":{\"type\":\"string\"},\"steppers_description\":{\"type\":\"text\"},\"step1_title\":{\"type\":\"string\"},\"step1_description\":{\"type\":\"text\"},\"step1_icon\":{\"type\":\"media\",\"multiple\":false,\"required\":false,\"allowedTypes\":[\"images\",\"files\",\"videos\",\"audios\"]},\"step2_title\":{\"type\":\"string\"},\"step2_description\":{\"type\":\"text\"},\"step2_icon\":{\"type\":\"media\",\"multiple\":false,\"required\":false,\"allowedTypes\":[\"images\",\"files\",\"videos\",\"audios\"]},\"step3_title\":{\"type\":\"string\"},\"step3_description\":{\"type\":\"text\"},\"step3_icon\":{\"type\":\"media\",\"multiple\":false,\"required\":false,\"allowedTypes\":[\"images\",\"files\",\"videos\",\"audios\"]},\"description\":{\"type\":\"text\"},\"sender_input_label\":{\"type\":\"string\"},\"transition_fee_value\":{\"type\":\"string\"},\"transition_fee_label\":{\"type\":\"string\"},\"recipient_label\":{\"type\":\"string\"},\"save_label\":{\"type\":\"string\"},\"save_value\":{\"type\":\"string\"},\"cta_label\":{\"type\":\"string\"},\"cta_description\":{\"type\":\"string\"},\"terms_policy\":{\"type\":\"string\"},\"exchange_rate_value\":{\"type\":\"float\"},\"exchange_rate_label\":{\"type\":\"string\"}},\"kind\":\"singleType\"},\"modelType\":\"contentType\",\"modelName\":\"home-page\",\"connection\":\"default\",\"uid\":\"api::home-page.home-page\",\"apiName\":\"home-page\",\"globalId\":\"HomePage\",\"actions\":{},\"lifecycles\":{}},\"api::occupation.occupation\":{\"kind\":\"collectionType\",\"collectionName\":\"occupations\",\"info\":{\"singularName\":\"occupation\",\"pluralName\":\"occupations\",\"displayName\":\"Occupation\",\"description\":\"\"},\"options\":{\"draftAndPublish\":true},\"pluginOptions\":{},\"attributes\":{\"name_fr\":{\"type\":\"enumeration\",\"enum\":[\"Administrations publiques\",\"Agriculture, foresterie, pêche et chasse\",\"Arts, spectacles et loisirs\",\"Autres services (sauf les administrations publiques)\",\"Commerce de détail\",\"Commerce de gros\",\"Construction\",\"Extraction minière, exploitation en carrière, et extraction de pétrole et de gaz\",\"Fabrication\",\"Finance et assurances\",\"Gestion de sociétés et d’entreprises\",\"Hébergement et services de restauration\",\"Industrie de l’information et industrie culturelle\",\"Services administratifs, services de soutien, services de gestion des déchets et services d’assainissement\",\"Services d’enseignement\",\"Services de restauration et débit de boisson\",\"Services immobiliers et services de location et de location à bail\",\"Services professionnels, scientifiques et techniques\",\"Services publics\",\"Soins de santé et assistance sociale\",\"Transport et entreposage\",\"Transport par camion\"]},\"createdAt\":{\"type\":\"datetime\"},\"updatedAt\":{\"type\":\"datetime\"},\"publishedAt\":{\"type\":\"datetime\",\"configurable\":false,\"writable\":true,\"visible\":false},\"createdBy\":{\"type\":\"relation\",\"relation\":\"oneToOne\",\"target\":\"admin::user\",\"configurable\":false,\"writable\":false,\"visible\":false,\"useJoinTable\":false,\"private\":true},\"updatedBy\":{\"type\":\"relation\",\"relation\":\"oneToOne\",\"target\":\"admin::user\",\"configurable\":false,\"writable\":false,\"visible\":false,\"useJoinTable\":false,\"private\":true}},\"__schema__\":{\"collectionName\":\"occupations\",\"info\":{\"singularName\":\"occupation\",\"pluralName\":\"occupations\",\"displayName\":\"Occupation\",\"description\":\"\"},\"options\":{\"draftAndPublish\":true},\"pluginOptions\":{},\"attributes\":{\"name_fr\":{\"type\":\"enumeration\",\"enum\":[\"Administrations publiques\",\"Agriculture, foresterie, pêche et chasse\",\"Arts, spectacles et loisirs\",\"Autres services (sauf les administrations publiques)\",\"Commerce de détail\",\"Commerce de gros\",\"Construction\",\"Extraction minière, exploitation en carrière, et extraction de pétrole et de gaz\",\"Fabrication\",\"Finance et assurances\",\"Gestion de sociétés et d’entreprises\",\"Hébergement et services de restauration\",\"Industrie de l’information et industrie culturelle\",\"Services administratifs, services de soutien, services de gestion des déchets et services d’assainissement\",\"Services d’enseignement\",\"Services de restauration et débit de boisson\",\"Services immobiliers et services de location et de location à bail\",\"Services professionnels, scientifiques et techniques\",\"Services publics\",\"Soins de santé et assistance sociale\",\"Transport et entreposage\",\"Transport par camion\"]}},\"kind\":\"collectionType\"},\"modelType\":\"contentType\",\"modelName\":\"occupation\",\"connection\":\"default\",\"uid\":\"api::occupation.occupation\",\"apiName\":\"occupation\",\"globalId\":\"Occupation\",\"actions\":{},\"lifecycles\":{}},\"api::send-money.send-money\":{\"kind\":\"singleType\",\"collectionName\":\"send_monies\",\"info\":{\"singularName\":\"send-money\",\"pluralName\":\"send-monies\",\"displayName\":\"Send money\",\"description\":\"\"},\"options\":{\"draftAndPublish\":true},\"pluginOptions\":{},\"attributes\":{\"title\":{\"type\":\"string\"},\"cover\":{\"type\":\"media\",\"multiple\":false,\"required\":false,\"allowedTypes\":[\"images\"]},\"subtitle\":{\"type\":\"string\"},\"createdAt\":{\"type\":\"datetime\"},\"updatedAt\":{\"type\":\"datetime\"},\"publishedAt\":{\"type\":\"datetime\",\"configurable\":false,\"writable\":true,\"visible\":false},\"createdBy\":{\"type\":\"relation\",\"relation\":\"oneToOne\",\"target\":\"admin::user\",\"configurable\":false,\"writable\":false,\"visible\":false,\"useJoinTable\":false,\"private\":true},\"updatedBy\":{\"type\":\"relation\",\"relation\":\"oneToOne\",\"target\":\"admin::user\",\"configurable\":false,\"writable\":false,\"visible\":false,\"useJoinTable\":false,\"private\":true}},\"__schema__\":{\"collectionName\":\"send_monies\",\"info\":{\"singularName\":\"send-money\",\"pluralName\":\"send-monies\",\"displayName\":\"Send money\",\"description\":\"\"},\"options\":{\"draftAndPublish\":true},\"pluginOptions\":{},\"attributes\":{\"title\":{\"type\":\"string\"},\"cover\":{\"type\":\"media\",\"multiple\":false,\"required\":false,\"allowedTypes\":[\"images\"]},\"subtitle\":{\"type\":\"string\"}},\"kind\":\"singleType\"},\"modelType\":\"contentType\",\"modelName\":\"send-money\",\"connection\":\"default\",\"uid\":\"api::send-money.send-money\",\"apiName\":\"send-money\",\"globalId\":\"SendMoney\",\"actions\":{},\"lifecycles\":{}},\"api::success-transfert.success-transfert\":{\"kind\":\"singleType\",\"collectionName\":\"success_transferts\",\"info\":{\"singularName\":\"success-transfert\",\"pluralName\":\"success-transferts\",\"displayName\":\"Success transfert\"},\"options\":{\"draftAndPublish\":true},\"pluginOptions\":{},\"attributes\":{\"confirmation_message\":{\"type\":\"text\"},\"createdAt\":{\"type\":\"datetime\"},\"updatedAt\":{\"type\":\"datetime\"},\"publishedAt\":{\"type\":\"datetime\",\"configurable\":false,\"writable\":true,\"visible\":false},\"createdBy\":{\"type\":\"relation\",\"relation\":\"oneToOne\",\"target\":\"admin::user\",\"configurable\":false,\"writable\":false,\"visible\":false,\"useJoinTable\":false,\"private\":true},\"updatedBy\":{\"type\":\"relation\",\"relation\":\"oneToOne\",\"target\":\"admin::user\",\"configurable\":false,\"writable\":false,\"visible\":false,\"useJoinTable\":false,\"private\":true}},\"__schema__\":{\"collectionName\":\"success_transferts\",\"info\":{\"singularName\":\"success-transfert\",\"pluralName\":\"success-transferts\",\"displayName\":\"Success transfert\"},\"options\":{\"draftAndPublish\":true},\"pluginOptions\":{},\"attributes\":{\"confirmation_message\":{\"type\":\"text\"}},\"kind\":\"singleType\"},\"modelType\":\"contentType\",\"modelName\":\"success-transfert\",\"connection\":\"default\",\"uid\":\"api::success-transfert.success-transfert\",\"apiName\":\"success-transfert\",\"globalId\":\"SuccessTransfert\",\"actions\":{},\"lifecycles\":{}},\"api::termes-et-conditions.termes-et-conditions\":{\"kind\":\"singleType\",\"collectionName\":\"termes_conditions\",\"info\":{\"singularName\":\"termes-et-conditions\",\"pluralName\":\"termes-conditions\",\"displayName\":\"Termes et conditions\",\"description\":\"\"},\"options\":{\"draftAndPublish\":true},\"pluginOptions\":{},\"attributes\":{\"terms_page_cover_title\":{\"type\":\"string\"},\"terms_cover\":{\"type\":\"media\",\"multiple\":false,\"required\":false,\"allowedTypes\":[\"images\",\"files\",\"videos\",\"audios\"]},\"terms_page_cover_subtitle\":{\"type\":\"string\"},\"terms_content\":{\"type\":\"richtext\"},\"createdAt\":{\"type\":\"datetime\"},\"updatedAt\":{\"type\":\"datetime\"},\"publishedAt\":{\"type\":\"datetime\",\"configurable\":false,\"writable\":true,\"visible\":false},\"createdBy\":{\"type\":\"relation\",\"relation\":\"oneToOne\",\"target\":\"admin::user\",\"configurable\":false,\"writable\":false,\"visible\":false,\"useJoinTable\":false,\"private\":true},\"updatedBy\":{\"type\":\"relation\",\"relation\":\"oneToOne\",\"target\":\"admin::user\",\"configurable\":false,\"writable\":false,\"visible\":false,\"useJoinTable\":false,\"private\":true}},\"__schema__\":{\"collectionName\":\"termes_conditions\",\"info\":{\"singularName\":\"termes-et-conditions\",\"pluralName\":\"termes-conditions\",\"displayName\":\"Termes et conditions\",\"description\":\"\"},\"options\":{\"draftAndPublish\":true},\"pluginOptions\":{},\"attributes\":{\"terms_page_cover_title\":{\"type\":\"string\"},\"terms_cover\":{\"type\":\"media\",\"multiple\":false,\"required\":false,\"allowedTypes\":[\"images\",\"files\",\"videos\",\"audios\"]},\"terms_page_cover_subtitle\":{\"type\":\"string\"},\"terms_content\":{\"type\":\"richtext\"}},\"kind\":\"singleType\"},\"modelType\":\"contentType\",\"modelName\":\"termes-et-conditions\",\"connection\":\"default\",\"uid\":\"api::termes-et-conditions.termes-et-conditions\",\"apiName\":\"termes-et-conditions\",\"globalId\":\"TermesEtConditions\",\"actions\":{},\"lifecycles\":{}},\"api::transfert-type.transfert-type\":{\"kind\":\"collectionType\",\"collectionName\":\"transfert_types\",\"info\":{\"singularName\":\"transfert-type\",\"pluralName\":\"transfert-types\",\"displayName\":\"transfert_type\",\"description\":\"\"},\"options\":{\"draftAndPublish\":true},\"pluginOptions\":{},\"attributes\":{\"name_fr\":{\"type\":\"string\"},\"createdAt\":{\"type\":\"datetime\"},\"updatedAt\":{\"type\":\"datetime\"},\"publishedAt\":{\"type\":\"datetime\",\"configurable\":false,\"writable\":true,\"visible\":false},\"createdBy\":{\"type\":\"relation\",\"relation\":\"oneToOne\",\"target\":\"admin::user\",\"configurable\":false,\"writable\":false,\"visible\":false,\"useJoinTable\":false,\"private\":true},\"updatedBy\":{\"type\":\"relation\",\"relation\":\"oneToOne\",\"target\":\"admin::user\",\"configurable\":false,\"writable\":false,\"visible\":false,\"useJoinTable\":false,\"private\":true}},\"__schema__\":{\"collectionName\":\"transfert_types\",\"info\":{\"singularName\":\"transfert-type\",\"pluralName\":\"transfert-types\",\"displayName\":\"transfert_type\",\"description\":\"\"},\"options\":{\"draftAndPublish\":true},\"pluginOptions\":{},\"attributes\":{\"name_fr\":{\"type\":\"string\"}},\"kind\":\"collectionType\"},\"modelType\":\"contentType\",\"modelName\":\"transfert-type\",\"connection\":\"default\",\"uid\":\"api::transfert-type.transfert-type\",\"apiName\":\"transfert-type\",\"globalId\":\"TransfertType\",\"actions\":{},\"lifecycles\":{}},\"api::uprovince.uprovince\":{\"kind\":\"collectionType\",\"collectionName\":\"uprovinces\",\"info\":{\"singularName\":\"uprovince\",\"pluralName\":\"uprovinces\",\"displayName\":\"Province\",\"description\":\"\"},\"options\":{\"draftAndPublish\":true},\"pluginOptions\":{},\"attributes\":{\"name_fr\":{\"type\":\"string\"},\"code\":{\"type\":\"string\"},\"createdAt\":{\"type\":\"datetime\"},\"updatedAt\":{\"type\":\"datetime\"},\"publishedAt\":{\"type\":\"datetime\",\"configurable\":false,\"writable\":true,\"visible\":false},\"createdBy\":{\"type\":\"relation\",\"relation\":\"oneToOne\",\"target\":\"admin::user\",\"configurable\":false,\"writable\":false,\"visible\":false,\"useJoinTable\":false,\"private\":true},\"updatedBy\":{\"type\":\"relation\",\"relation\":\"oneToOne\",\"target\":\"admin::user\",\"configurable\":false,\"writable\":false,\"visible\":false,\"useJoinTable\":false,\"private\":true}},\"__schema__\":{\"collectionName\":\"uprovinces\",\"info\":{\"singularName\":\"uprovince\",\"pluralName\":\"uprovinces\",\"displayName\":\"Province\",\"description\":\"\"},\"options\":{\"draftAndPublish\":true},\"pluginOptions\":{},\"attributes\":{\"name_fr\":{\"type\":\"string\"},\"code\":{\"type\":\"string\"}},\"kind\":\"collectionType\"},\"modelType\":\"contentType\",\"modelName\":\"uprovince\",\"connection\":\"default\",\"uid\":\"api::uprovince.uprovince\",\"apiName\":\"uprovince\",\"globalId\":\"Uprovince\",\"actions\":{},\"lifecycles\":{}},\"api::user-transfert.user-transfert\":{\"kind\":\"collectionType\",\"collectionName\":\"user_transferts\",\"info\":{\"singularName\":\"user-transfert\",\"pluralName\":\"user-transferts\",\"displayName\":\"user_transfert\",\"description\":\"\"},\"options\":{\"draftAndPublish\":true},\"pluginOptions\":{},\"attributes\":{\"cdate\":{\"type\":\"datetime\",\"unique\":true,\"private\":true},\"amount_to_send\":{\"type\":\"decimal\",\"required\":true},\"amount_to_receive\":{\"type\":\"decimal\",\"required\":true},\"to_name\":{\"type\":\"string\",\"required\":true},\"to_firstname\":{\"type\":\"string\",\"required\":true},\"to_email\":{\"type\":\"email\",\"required\":true},\"reception_proof\":{\"type\":\"media\",\"multiple\":false,\"required\":false,\"allowedTypes\":[\"images\",\"files\",\"videos\",\"audios\"]},\"user\":{\"type\":\"relation\",\"relation\":\"manyToOne\",\"target\":\"plugin::users-permissions.user\",\"inversedBy\":\"user_transferts\"},\"to_city\":{\"type\":\"string\"},\"to_address\":{\"type\":\"string\"},\"to_phone\":{\"type\":\"string\"},\"reason\":{\"type\":\"string\"},\"transfert_type\":{\"type\":\"relation\",\"relation\":\"oneToOne\",\"target\":\"api::transfert-type.transfert-type\"},\"to_other_phone\":{\"type\":\"string\"},\"to_middle_name\":{\"type\":\"string\"},\"status\":{\"type\":\"enumeration\",\"enum\":[\"En traitement\",\"Completer\",\"Action requise\",\"Annuler\"],\"default\":\"En traitement\"},\"message\":{\"type\":\"text\",\"maxLength\":300,\"minLength\":20},\"code\":{\"type\":\"string\"},\"bank_branch\":{\"type\":\"string\"},\"account_number\":{\"type\":\"string\"},\"agency_code\":{\"type\":\"string\"},\"agency_key\":{\"type\":\"string\"},\"transfert_bank\":{\"type\":\"relation\",\"relation\":\"oneToOne\",\"target\":\"api::bank.bank\"},\"mobile_money_number\":{\"type\":\"string\"},\"createdAt\":{\"type\":\"datetime\"},\"updatedAt\":{\"type\":\"datetime\"},\"publishedAt\":{\"type\":\"datetime\",\"configurable\":false,\"writable\":true,\"visible\":false},\"createdBy\":{\"type\":\"relation\",\"relation\":\"oneToOne\",\"target\":\"admin::user\",\"configurable\":false,\"writable\":false,\"visible\":false,\"useJoinTable\":false,\"private\":true},\"updatedBy\":{\"type\":\"relation\",\"relation\":\"oneToOne\",\"target\":\"admin::user\",\"configurable\":false,\"writable\":false,\"visible\":false,\"useJoinTable\":false,\"private\":true}},\"__schema__\":{\"collectionName\":\"user_transferts\",\"info\":{\"singularName\":\"user-transfert\",\"pluralName\":\"user-transferts\",\"displayName\":\"user_transfert\",\"description\":\"\"},\"options\":{\"draftAndPublish\":true},\"pluginOptions\":{},\"attributes\":{\"cdate\":{\"type\":\"datetime\",\"unique\":true,\"private\":true},\"amount_to_send\":{\"type\":\"decimal\",\"required\":true},\"amount_to_receive\":{\"type\":\"decimal\",\"required\":true},\"to_name\":{\"type\":\"string\",\"required\":true},\"to_firstname\":{\"type\":\"string\",\"required\":true},\"to_email\":{\"type\":\"email\",\"required\":true},\"reception_proof\":{\"type\":\"media\",\"multiple\":false,\"required\":false,\"allowedTypes\":[\"images\",\"files\",\"videos\",\"audios\"]},\"user\":{\"type\":\"relation\",\"relation\":\"manyToOne\",\"target\":\"plugin::users-permissions.user\",\"inversedBy\":\"user_transferts\"},\"to_city\":{\"type\":\"string\"},\"to_address\":{\"type\":\"string\"},\"to_phone\":{\"type\":\"string\"},\"reason\":{\"type\":\"string\"},\"transfert_type\":{\"type\":\"relation\",\"relation\":\"oneToOne\",\"target\":\"api::transfert-type.transfert-type\"},\"to_other_phone\":{\"type\":\"string\"},\"to_middle_name\":{\"type\":\"string\"},\"status\":{\"type\":\"enumeration\",\"enum\":[\"En traitement\",\"Completer\",\"Action requise\",\"Annuler\"],\"default\":\"En traitement\"},\"message\":{\"type\":\"text\",\"maxLength\":300,\"minLength\":20},\"code\":{\"type\":\"string\"},\"bank_branch\":{\"type\":\"string\"},\"account_number\":{\"type\":\"string\"},\"agency_code\":{\"type\":\"string\"},\"agency_key\":{\"type\":\"string\"},\"transfert_bank\":{\"type\":\"relation\",\"relation\":\"oneToOne\",\"target\":\"api::bank.bank\"},\"mobile_money_number\":{\"type\":\"string\"}},\"kind\":\"collectionType\"},\"modelType\":\"contentType\",\"modelName\":\"user-transfert\",\"connection\":\"default\",\"uid\":\"api::user-transfert.user-transfert\",\"apiName\":\"user-transfert\",\"globalId\":\"UserTransfert\",\"actions\":{},\"lifecycles\":{}},\"api::vie-privee.vie-privee\":{\"kind\":\"singleType\",\"collectionName\":\"vie_privees\",\"info\":{\"singularName\":\"vie-privee\",\"pluralName\":\"vie-privees\",\"displayName\":\"Vie privee\",\"description\":\"\"},\"options\":{\"draftAndPublish\":true},\"pluginOptions\":{},\"attributes\":{\"privacy_policy_cover_title\":{\"type\":\"string\"},\"privacy_policy_cover_subtitle\":{\"type\":\"string\"},\"privacy_policy_content_title\":{\"type\":\"string\"},\"privacy_policy_content\":{\"type\":\"richtext\"},\"privacy_policy_cover\":{\"allowedTypes\":[\"images\",\"files\",\"videos\",\"audios\"],\"type\":\"media\",\"multiple\":false},\"createdAt\":{\"type\":\"datetime\"},\"updatedAt\":{\"type\":\"datetime\"},\"publishedAt\":{\"type\":\"datetime\",\"configurable\":false,\"writable\":true,\"visible\":false},\"createdBy\":{\"type\":\"relation\",\"relation\":\"oneToOne\",\"target\":\"admin::user\",\"configurable\":false,\"writable\":false,\"visible\":false,\"useJoinTable\":false,\"private\":true},\"updatedBy\":{\"type\":\"relation\",\"relation\":\"oneToOne\",\"target\":\"admin::user\",\"configurable\":false,\"writable\":false,\"visible\":false,\"useJoinTable\":false,\"private\":true}},\"__schema__\":{\"collectionName\":\"vie_privees\",\"info\":{\"singularName\":\"vie-privee\",\"pluralName\":\"vie-privees\",\"displayName\":\"Vie privee\",\"description\":\"\"},\"options\":{\"draftAndPublish\":true},\"pluginOptions\":{},\"attributes\":{\"privacy_policy_cover_title\":{\"type\":\"string\"},\"privacy_policy_cover_subtitle\":{\"type\":\"string\"},\"privacy_policy_content_title\":{\"type\":\"string\"},\"privacy_policy_content\":{\"type\":\"richtext\"},\"privacy_policy_cover\":{\"allowedTypes\":[\"images\",\"files\",\"videos\",\"audios\"],\"type\":\"media\",\"multiple\":false}},\"kind\":\"singleType\"},\"modelType\":\"contentType\",\"modelName\":\"vie-privee\",\"connection\":\"default\",\"uid\":\"api::vie-privee.vie-privee\",\"apiName\":\"vie-privee\",\"globalId\":\"ViePrivee\",\"actions\":{},\"lifecycles\":{}}}','object',NULL,NULL),(2,'plugin_content_manager_configuration_content_types::admin::permission','{\"uid\":\"admin::permission\",\"settings\":{\"bulkable\":true,\"filterable\":true,\"searchable\":true,\"pageSize\":10,\"mainField\":\"action\",\"defaultSortBy\":\"action\",\"defaultSortOrder\":\"ASC\"},\"metadatas\":{\"id\":{\"edit\":{},\"list\":{\"label\":\"id\",\"searchable\":true,\"sortable\":true}},\"action\":{\"edit\":{\"label\":\"action\",\"description\":\"\",\"placeholder\":\"\",\"visible\":true,\"editable\":true},\"list\":{\"label\":\"action\",\"searchable\":true,\"sortable\":true}},\"subject\":{\"edit\":{\"label\":\"subject\",\"description\":\"\",\"placeholder\":\"\",\"visible\":true,\"editable\":true},\"list\":{\"label\":\"subject\",\"searchable\":true,\"sortable\":true}},\"properties\":{\"edit\":{\"label\":\"properties\",\"description\":\"\",\"placeholder\":\"\",\"visible\":true,\"editable\":true},\"list\":{\"label\":\"properties\",\"searchable\":false,\"sortable\":false}},\"conditions\":{\"edit\":{\"label\":\"conditions\",\"description\":\"\",\"placeholder\":\"\",\"visible\":true,\"editable\":true},\"list\":{\"label\":\"conditions\",\"searchable\":false,\"sortable\":false}},\"role\":{\"edit\":{\"label\":\"role\",\"description\":\"\",\"placeholder\":\"\",\"visible\":true,\"editable\":true,\"mainField\":\"name\"},\"list\":{\"label\":\"role\",\"searchable\":true,\"sortable\":true}},\"createdAt\":{\"edit\":{\"label\":\"createdAt\",\"description\":\"\",\"placeholder\":\"\",\"visible\":false,\"editable\":true},\"list\":{\"label\":\"createdAt\",\"searchable\":true,\"sortable\":true}},\"updatedAt\":{\"edit\":{\"label\":\"updatedAt\",\"description\":\"\",\"placeholder\":\"\",\"visible\":false,\"editable\":true},\"list\":{\"label\":\"updatedAt\",\"searchable\":true,\"sortable\":true}}},\"layouts\":{\"list\":[\"id\",\"action\",\"subject\",\"role\"],\"editRelations\":[\"role\"],\"edit\":[[{\"name\":\"action\",\"size\":6},{\"name\":\"subject\",\"size\":6}],[{\"name\":\"properties\",\"size\":12}],[{\"name\":\"conditions\",\"size\":12}]]}}','object',NULL,NULL),(3,'plugin_content_manager_configuration_content_types::admin::user','{\"uid\":\"admin::user\",\"settings\":{\"bulkable\":true,\"filterable\":true,\"searchable\":true,\"pageSize\":10,\"mainField\":\"firstname\",\"defaultSortBy\":\"firstname\",\"defaultSortOrder\":\"ASC\"},\"metadatas\":{\"id\":{\"edit\":{},\"list\":{\"label\":\"id\",\"searchable\":true,\"sortable\":true}},\"firstname\":{\"edit\":{\"label\":\"firstname\",\"description\":\"\",\"placeholder\":\"\",\"visible\":true,\"editable\":true},\"list\":{\"label\":\"firstname\",\"searchable\":true,\"sortable\":true}},\"lastname\":{\"edit\":{\"label\":\"lastname\",\"description\":\"\",\"placeholder\":\"\",\"visible\":true,\"editable\":true},\"list\":{\"label\":\"lastname\",\"searchable\":true,\"sortable\":true}},\"username\":{\"edit\":{\"label\":\"username\",\"description\":\"\",\"placeholder\":\"\",\"visible\":true,\"editable\":true},\"list\":{\"label\":\"username\",\"searchable\":true,\"sortable\":true}},\"email\":{\"edit\":{\"label\":\"email\",\"description\":\"\",\"placeholder\":\"\",\"visible\":true,\"editable\":true},\"list\":{\"label\":\"email\",\"searchable\":true,\"sortable\":true}},\"password\":{\"edit\":{\"label\":\"password\",\"description\":\"\",\"placeholder\":\"\",\"visible\":true,\"editable\":true},\"list\":{\"label\":\"password\",\"searchable\":true,\"sortable\":true}},\"resetPasswordToken\":{\"edit\":{\"label\":\"resetPasswordToken\",\"description\":\"\",\"placeholder\":\"\",\"visible\":true,\"editable\":true},\"list\":{\"label\":\"resetPasswordToken\",\"searchable\":true,\"sortable\":true}},\"registrationToken\":{\"edit\":{\"label\":\"registrationToken\",\"description\":\"\",\"placeholder\":\"\",\"visible\":true,\"editable\":true},\"list\":{\"label\":\"registrationToken\",\"searchable\":true,\"sortable\":true}},\"isActive\":{\"edit\":{\"label\":\"isActive\",\"description\":\"\",\"placeholder\":\"\",\"visible\":true,\"editable\":true},\"list\":{\"label\":\"isActive\",\"searchable\":true,\"sortable\":true}},\"roles\":{\"edit\":{\"label\":\"roles\",\"description\":\"\",\"placeholder\":\"\",\"visible\":true,\"editable\":true,\"mainField\":\"name\"},\"list\":{\"label\":\"roles\",\"searchable\":false,\"sortable\":false}},\"blocked\":{\"edit\":{\"label\":\"blocked\",\"description\":\"\",\"placeholder\":\"\",\"visible\":true,\"editable\":true},\"list\":{\"label\":\"blocked\",\"searchable\":true,\"sortable\":true}},\"preferedLanguage\":{\"edit\":{\"label\":\"preferedLanguage\",\"description\":\"\",\"placeholder\":\"\",\"visible\":true,\"editable\":true},\"list\":{\"label\":\"preferedLanguage\",\"searchable\":true,\"sortable\":true}},\"createdAt\":{\"edit\":{\"label\":\"createdAt\",\"description\":\"\",\"placeholder\":\"\",\"visible\":false,\"editable\":true},\"list\":{\"label\":\"createdAt\",\"searchable\":true,\"sortable\":true}},\"updatedAt\":{\"edit\":{\"label\":\"updatedAt\",\"description\":\"\",\"placeholder\":\"\",\"visible\":false,\"editable\":true},\"list\":{\"label\":\"updatedAt\",\"searchable\":true,\"sortable\":true}}},\"layouts\":{\"list\":[\"id\",\"firstname\",\"lastname\",\"username\"],\"editRelations\":[\"roles\"],\"edit\":[[{\"name\":\"firstname\",\"size\":6},{\"name\":\"lastname\",\"size\":6}],[{\"name\":\"username\",\"size\":6},{\"name\":\"email\",\"size\":6}],[{\"name\":\"password\",\"size\":6},{\"name\":\"resetPasswordToken\",\"size\":6}],[{\"name\":\"registrationToken\",\"size\":6},{\"name\":\"isActive\",\"size\":4}],[{\"name\":\"blocked\",\"size\":4},{\"name\":\"preferedLanguage\",\"size\":6}]]}}','object',NULL,NULL),(4,'plugin_content_manager_configuration_content_types::admin::role','{\"uid\":\"admin::role\",\"settings\":{\"bulkable\":true,\"filterable\":true,\"searchable\":true,\"pageSize\":10,\"mainField\":\"name\",\"defaultSortBy\":\"name\",\"defaultSortOrder\":\"ASC\"},\"metadatas\":{\"id\":{\"edit\":{},\"list\":{\"label\":\"id\",\"searchable\":true,\"sortable\":true}},\"name\":{\"edit\":{\"label\":\"name\",\"description\":\"\",\"placeholder\":\"\",\"visible\":true,\"editable\":true},\"list\":{\"label\":\"name\",\"searchable\":true,\"sortable\":true}},\"code\":{\"edit\":{\"label\":\"code\",\"description\":\"\",\"placeholder\":\"\",\"visible\":true,\"editable\":true},\"list\":{\"label\":\"code\",\"searchable\":true,\"sortable\":true}},\"description\":{\"edit\":{\"label\":\"description\",\"description\":\"\",\"placeholder\":\"\",\"visible\":true,\"editable\":true},\"list\":{\"label\":\"description\",\"searchable\":true,\"sortable\":true}},\"users\":{\"edit\":{\"label\":\"users\",\"description\":\"\",\"placeholder\":\"\",\"visible\":true,\"editable\":true,\"mainField\":\"firstname\"},\"list\":{\"label\":\"users\",\"searchable\":false,\"sortable\":false}},\"permissions\":{\"edit\":{\"label\":\"permissions\",\"description\":\"\",\"placeholder\":\"\",\"visible\":true,\"editable\":true,\"mainField\":\"action\"},\"list\":{\"label\":\"permissions\",\"searchable\":false,\"sortable\":false}},\"createdAt\":{\"edit\":{\"label\":\"createdAt\",\"description\":\"\",\"placeholder\":\"\",\"visible\":false,\"editable\":true},\"list\":{\"label\":\"createdAt\",\"searchable\":true,\"sortable\":true}},\"updatedAt\":{\"edit\":{\"label\":\"updatedAt\",\"description\":\"\",\"placeholder\":\"\",\"visible\":false,\"editable\":true},\"list\":{\"label\":\"updatedAt\",\"searchable\":true,\"sortable\":true}}},\"layouts\":{\"list\":[\"id\",\"name\",\"code\",\"description\"],\"editRelations\":[\"users\",\"permissions\"],\"edit\":[[{\"name\":\"name\",\"size\":6},{\"name\":\"code\",\"size\":6}],[{\"name\":\"description\",\"size\":6}]]}}','object',NULL,NULL),(5,'plugin_content_manager_configuration_content_types::admin::api-token','{\"uid\":\"admin::api-token\",\"settings\":{\"bulkable\":true,\"filterable\":true,\"searchable\":true,\"pageSize\":10,\"mainField\":\"name\",\"defaultSortBy\":\"name\",\"defaultSortOrder\":\"ASC\"},\"metadatas\":{\"id\":{\"edit\":{},\"list\":{\"label\":\"id\",\"searchable\":true,\"sortable\":true}},\"name\":{\"edit\":{\"label\":\"name\",\"description\":\"\",\"placeholder\":\"\",\"visible\":true,\"editable\":true},\"list\":{\"label\":\"name\",\"searchable\":true,\"sortable\":true}},\"description\":{\"edit\":{\"label\":\"description\",\"description\":\"\",\"placeholder\":\"\",\"visible\":true,\"editable\":true},\"list\":{\"label\":\"description\",\"searchable\":true,\"sortable\":true}},\"type\":{\"edit\":{\"label\":\"type\",\"description\":\"\",\"placeholder\":\"\",\"visible\":true,\"editable\":true},\"list\":{\"label\":\"type\",\"searchable\":true,\"sortable\":true}},\"accessKey\":{\"edit\":{\"label\":\"accessKey\",\"description\":\"\",\"placeholder\":\"\",\"visible\":true,\"editable\":true},\"list\":{\"label\":\"accessKey\",\"searchable\":true,\"sortable\":true}},\"createdAt\":{\"edit\":{\"label\":\"createdAt\",\"description\":\"\",\"placeholder\":\"\",\"visible\":false,\"editable\":true},\"list\":{\"label\":\"createdAt\",\"searchable\":true,\"sortable\":true}},\"updatedAt\":{\"edit\":{\"label\":\"updatedAt\",\"description\":\"\",\"placeholder\":\"\",\"visible\":false,\"editable\":true},\"list\":{\"label\":\"updatedAt\",\"searchable\":true,\"sortable\":true}}},\"layouts\":{\"list\":[\"id\",\"name\",\"description\",\"type\"],\"editRelations\":[],\"edit\":[[{\"name\":\"name\",\"size\":6},{\"name\":\"description\",\"size\":6}],[{\"name\":\"type\",\"size\":6},{\"name\":\"accessKey\",\"size\":6}]]}}','object',NULL,NULL),(6,'plugin_content_manager_configuration_content_types::plugin::upload.file','{\"uid\":\"plugin::upload.file\",\"settings\":{\"bulkable\":true,\"filterable\":true,\"searchable\":true,\"pageSize\":10,\"mainField\":\"name\",\"defaultSortBy\":\"name\",\"defaultSortOrder\":\"ASC\"},\"metadatas\":{\"id\":{\"edit\":{},\"list\":{\"label\":\"id\",\"searchable\":true,\"sortable\":true}},\"name\":{\"edit\":{\"label\":\"name\",\"description\":\"\",\"placeholder\":\"\",\"visible\":true,\"editable\":true},\"list\":{\"label\":\"name\",\"searchable\":true,\"sortable\":true}},\"alternativeText\":{\"edit\":{\"label\":\"alternativeText\",\"description\":\"\",\"placeholder\":\"\",\"visible\":true,\"editable\":true},\"list\":{\"label\":\"alternativeText\",\"searchable\":true,\"sortable\":true}},\"caption\":{\"edit\":{\"label\":\"caption\",\"description\":\"\",\"placeholder\":\"\",\"visible\":true,\"editable\":true},\"list\":{\"label\":\"caption\",\"searchable\":true,\"sortable\":true}},\"width\":{\"edit\":{\"label\":\"width\",\"description\":\"\",\"placeholder\":\"\",\"visible\":true,\"editable\":true},\"list\":{\"label\":\"width\",\"searchable\":true,\"sortable\":true}},\"height\":{\"edit\":{\"label\":\"height\",\"description\":\"\",\"placeholder\":\"\",\"visible\":true,\"editable\":true},\"list\":{\"label\":\"height\",\"searchable\":true,\"sortable\":true}},\"formats\":{\"edit\":{\"label\":\"formats\",\"description\":\"\",\"placeholder\":\"\",\"visible\":true,\"editable\":true},\"list\":{\"label\":\"formats\",\"searchable\":false,\"sortable\":false}},\"hash\":{\"edit\":{\"label\":\"hash\",\"description\":\"\",\"placeholder\":\"\",\"visible\":true,\"editable\":true},\"list\":{\"label\":\"hash\",\"searchable\":true,\"sortable\":true}},\"ext\":{\"edit\":{\"label\":\"ext\",\"description\":\"\",\"placeholder\":\"\",\"visible\":true,\"editable\":true},\"list\":{\"label\":\"ext\",\"searchable\":true,\"sortable\":true}},\"mime\":{\"edit\":{\"label\":\"mime\",\"description\":\"\",\"placeholder\":\"\",\"visible\":true,\"editable\":true},\"list\":{\"label\":\"mime\",\"searchable\":true,\"sortable\":true}},\"size\":{\"edit\":{\"label\":\"size\",\"description\":\"\",\"placeholder\":\"\",\"visible\":true,\"editable\":true},\"list\":{\"label\":\"size\",\"searchable\":true,\"sortable\":true}},\"url\":{\"edit\":{\"label\":\"url\",\"description\":\"\",\"placeholder\":\"\",\"visible\":true,\"editable\":true},\"list\":{\"label\":\"url\",\"searchable\":true,\"sortable\":true}},\"previewUrl\":{\"edit\":{\"label\":\"previewUrl\",\"description\":\"\",\"placeholder\":\"\",\"visible\":true,\"editable\":true},\"list\":{\"label\":\"previewUrl\",\"searchable\":true,\"sortable\":true}},\"provider\":{\"edit\":{\"label\":\"provider\",\"description\":\"\",\"placeholder\":\"\",\"visible\":true,\"editable\":true},\"list\":{\"label\":\"provider\",\"searchable\":true,\"sortable\":true}},\"provider_metadata\":{\"edit\":{\"label\":\"provider_metadata\",\"description\":\"\",\"placeholder\":\"\",\"visible\":true,\"editable\":true},\"list\":{\"label\":\"provider_metadata\",\"searchable\":false,\"sortable\":false}},\"createdAt\":{\"edit\":{\"label\":\"createdAt\",\"description\":\"\",\"placeholder\":\"\",\"visible\":false,\"editable\":true},\"list\":{\"label\":\"createdAt\",\"searchable\":true,\"sortable\":true}},\"updatedAt\":{\"edit\":{\"label\":\"updatedAt\",\"description\":\"\",\"placeholder\":\"\",\"visible\":false,\"editable\":true},\"list\":{\"label\":\"updatedAt\",\"searchable\":true,\"sortable\":true}}},\"layouts\":{\"list\":[\"id\",\"name\",\"alternativeText\",\"caption\"],\"editRelations\":[],\"edit\":[[{\"name\":\"name\",\"size\":6},{\"name\":\"alternativeText\",\"size\":6}],[{\"name\":\"caption\",\"size\":6},{\"name\":\"width\",\"size\":4}],[{\"name\":\"height\",\"size\":4}],[{\"name\":\"formats\",\"size\":12}],[{\"name\":\"hash\",\"size\":6},{\"name\":\"ext\",\"size\":6}],[{\"name\":\"mime\",\"size\":6},{\"name\":\"size\",\"size\":4}],[{\"name\":\"url\",\"size\":6},{\"name\":\"previewUrl\",\"size\":6}],[{\"name\":\"provider\",\"size\":6}],[{\"name\":\"provider_metadata\",\"size\":12}]]}}','object',NULL,NULL),(7,'plugin_content_manager_configuration_content_types::plugin::users-permissions.permission','{\"uid\":\"plugin::users-permissions.permission\",\"settings\":{\"bulkable\":true,\"filterable\":true,\"searchable\":true,\"pageSize\":10,\"mainField\":\"action\",\"defaultSortBy\":\"action\",\"defaultSortOrder\":\"ASC\"},\"metadatas\":{\"id\":{\"edit\":{},\"list\":{\"label\":\"id\",\"searchable\":true,\"sortable\":true}},\"action\":{\"edit\":{\"label\":\"action\",\"description\":\"\",\"placeholder\":\"\",\"visible\":true,\"editable\":true},\"list\":{\"label\":\"action\",\"searchable\":true,\"sortable\":true}},\"role\":{\"edit\":{\"label\":\"role\",\"description\":\"\",\"placeholder\":\"\",\"visible\":true,\"editable\":true,\"mainField\":\"name\"},\"list\":{\"label\":\"role\",\"searchable\":true,\"sortable\":true}},\"createdAt\":{\"edit\":{\"label\":\"createdAt\",\"description\":\"\",\"placeholder\":\"\",\"visible\":false,\"editable\":true},\"list\":{\"label\":\"createdAt\",\"searchable\":true,\"sortable\":true}},\"updatedAt\":{\"edit\":{\"label\":\"updatedAt\",\"description\":\"\",\"placeholder\":\"\",\"visible\":false,\"editable\":true},\"list\":{\"label\":\"updatedAt\",\"searchable\":true,\"sortable\":true}}},\"layouts\":{\"list\":[\"id\",\"action\",\"role\",\"createdAt\"],\"editRelations\":[\"role\"],\"edit\":[[{\"name\":\"action\",\"size\":6}]]}}','object',NULL,NULL),(8,'plugin_content_manager_configuration_content_types::plugin::users-permissions.role','{\"uid\":\"plugin::users-permissions.role\",\"settings\":{\"bulkable\":true,\"filterable\":true,\"searchable\":true,\"pageSize\":10,\"mainField\":\"name\",\"defaultSortBy\":\"name\",\"defaultSortOrder\":\"ASC\"},\"metadatas\":{\"id\":{\"edit\":{},\"list\":{\"label\":\"id\",\"searchable\":true,\"sortable\":true}},\"name\":{\"edit\":{\"label\":\"name\",\"description\":\"\",\"placeholder\":\"\",\"visible\":true,\"editable\":true},\"list\":{\"label\":\"name\",\"searchable\":true,\"sortable\":true}},\"description\":{\"edit\":{\"label\":\"description\",\"description\":\"\",\"placeholder\":\"\",\"visible\":true,\"editable\":true},\"list\":{\"label\":\"description\",\"searchable\":true,\"sortable\":true}},\"type\":{\"edit\":{\"label\":\"type\",\"description\":\"\",\"placeholder\":\"\",\"visible\":true,\"editable\":true},\"list\":{\"label\":\"type\",\"searchable\":true,\"sortable\":true}},\"permissions\":{\"edit\":{\"label\":\"permissions\",\"description\":\"\",\"placeholder\":\"\",\"visible\":true,\"editable\":true,\"mainField\":\"action\"},\"list\":{\"label\":\"permissions\",\"searchable\":false,\"sortable\":false}},\"users\":{\"edit\":{\"label\":\"users\",\"description\":\"\",\"placeholder\":\"\",\"visible\":true,\"editable\":true,\"mainField\":\"username\"},\"list\":{\"label\":\"users\",\"searchable\":false,\"sortable\":false}},\"createdAt\":{\"edit\":{\"label\":\"createdAt\",\"description\":\"\",\"placeholder\":\"\",\"visible\":false,\"editable\":true},\"list\":{\"label\":\"createdAt\",\"searchable\":true,\"sortable\":true}},\"updatedAt\":{\"edit\":{\"label\":\"updatedAt\",\"description\":\"\",\"placeholder\":\"\",\"visible\":false,\"editable\":true},\"list\":{\"label\":\"updatedAt\",\"searchable\":true,\"sortable\":true}}},\"layouts\":{\"list\":[\"id\",\"name\",\"description\",\"type\"],\"editRelations\":[\"permissions\",\"users\"],\"edit\":[[{\"name\":\"name\",\"size\":6},{\"name\":\"description\",\"size\":6}],[{\"name\":\"type\",\"size\":6}]]}}','object',NULL,NULL),(9,'plugin_content_manager_configuration_content_types::plugin::users-permissions.user','{\"uid\":\"plugin::users-permissions.user\",\"settings\":{\"bulkable\":true,\"filterable\":true,\"searchable\":true,\"pageSize\":10,\"mainField\":\"username\",\"defaultSortBy\":\"username\",\"defaultSortOrder\":\"ASC\"},\"metadatas\":{\"id\":{\"edit\":{},\"list\":{\"label\":\"id\",\"searchable\":true,\"sortable\":true}},\"username\":{\"edit\":{\"label\":\"username\",\"description\":\"\",\"placeholder\":\"\",\"visible\":true,\"editable\":true},\"list\":{\"label\":\"username\",\"searchable\":true,\"sortable\":true}},\"email\":{\"edit\":{\"label\":\"email\",\"description\":\"\",\"placeholder\":\"\",\"visible\":true,\"editable\":true},\"list\":{\"label\":\"email\",\"searchable\":true,\"sortable\":true}},\"provider\":{\"edit\":{\"label\":\"provider\",\"description\":\"\",\"placeholder\":\"\",\"visible\":false,\"editable\":true},\"list\":{\"label\":\"provider\",\"searchable\":true,\"sortable\":true}},\"password\":{\"edit\":{\"label\":\"password\",\"description\":\"\",\"placeholder\":\"\",\"visible\":true,\"editable\":true},\"list\":{\"label\":\"password\",\"searchable\":true,\"sortable\":true}},\"resetPasswordToken\":{\"edit\":{\"label\":\"resetPasswordToken\",\"description\":\"\",\"placeholder\":\"\",\"visible\":false,\"editable\":true},\"list\":{\"label\":\"resetPasswordToken\",\"searchable\":true,\"sortable\":true}},\"confirmationToken\":{\"edit\":{\"label\":\"confirmationToken\",\"description\":\"\",\"placeholder\":\"\",\"visible\":false,\"editable\":true},\"list\":{\"label\":\"confirmationToken\",\"searchable\":true,\"sortable\":true}},\"confirmed\":{\"edit\":{\"label\":\"confirmed\",\"description\":\"\",\"placeholder\":\"\",\"visible\":true,\"editable\":true},\"list\":{\"label\":\"confirmed\",\"searchable\":true,\"sortable\":true}},\"blocked\":{\"edit\":{\"label\":\"blocked\",\"description\":\"\",\"placeholder\":\"\",\"visible\":true,\"editable\":true},\"list\":{\"label\":\"blocked\",\"searchable\":true,\"sortable\":true}},\"role\":{\"edit\":{\"label\":\"role\",\"description\":\"\",\"placeholder\":\"\",\"visible\":true,\"editable\":true,\"mainField\":\"name\"},\"list\":{\"label\":\"role\",\"searchable\":true,\"sortable\":true}},\"user_transferts\":{\"edit\":{\"label\":\"user_transferts\",\"description\":\"\",\"placeholder\":\"\",\"visible\":true,\"editable\":true,\"mainField\":\"to_name\"},\"list\":{\"label\":\"user_transferts\",\"searchable\":false,\"sortable\":false}},\"address\":{\"edit\":{\"label\":\"address\",\"description\":\"\",\"placeholder\":\"\",\"visible\":true,\"editable\":true},\"list\":{\"label\":\"address\",\"searchable\":true,\"sortable\":true}},\"province\":{\"edit\":{\"label\":\"province\",\"description\":\"\",\"placeholder\":\"\",\"visible\":true,\"editable\":true,\"mainField\":\"name_fr\"},\"list\":{\"label\":\"province\",\"searchable\":true,\"sortable\":true}},\"cellphone\":{\"edit\":{\"label\":\"cellphone\",\"description\":\"\",\"placeholder\":\"\",\"visible\":true,\"editable\":true},\"list\":{\"label\":\"cellphone\",\"searchable\":true,\"sortable\":true}},\"other_phone\":{\"edit\":{\"label\":\"other_phone\",\"description\":\"\",\"placeholder\":\"\",\"visible\":true,\"editable\":true},\"list\":{\"label\":\"other_phone\",\"searchable\":true,\"sortable\":true}},\"city\":{\"edit\":{\"label\":\"city\",\"description\":\"\",\"placeholder\":\"\",\"visible\":true,\"editable\":true},\"list\":{\"label\":\"city\",\"searchable\":true,\"sortable\":true}},\"occupation\":{\"edit\":{\"label\":\"occupation\",\"description\":\"\",\"placeholder\":\"\",\"visible\":true,\"editable\":true,\"mainField\":\"id\"},\"list\":{\"label\":\"occupation\",\"searchable\":true,\"sortable\":true}},\"firstname\":{\"edit\":{\"label\":\"firstname\",\"description\":\"\",\"placeholder\":\"\",\"visible\":true,\"editable\":true},\"list\":{\"label\":\"firstname\",\"searchable\":true,\"sortable\":true}},\"lastname\":{\"edit\":{\"label\":\"lastname\",\"description\":\"\",\"placeholder\":\"\",\"visible\":true,\"editable\":true},\"list\":{\"label\":\"lastname\",\"searchable\":true,\"sortable\":true}},\"photo\":{\"edit\":{\"label\":\"photo\",\"description\":\"\",\"placeholder\":\"\",\"visible\":true,\"editable\":true},\"list\":{\"label\":\"photo\",\"searchable\":false,\"sortable\":false}},\"gender\":{\"edit\":{\"label\":\"gender\",\"description\":\"\",\"placeholder\":\"\",\"visible\":true,\"editable\":true},\"list\":{\"label\":\"gender\",\"searchable\":true,\"sortable\":true}},\"createdAt\":{\"edit\":{\"label\":\"createdAt\",\"description\":\"\",\"placeholder\":\"\",\"visible\":false,\"editable\":true},\"list\":{\"label\":\"createdAt\",\"searchable\":true,\"sortable\":true}},\"updatedAt\":{\"edit\":{\"label\":\"updatedAt\",\"description\":\"\",\"placeholder\":\"\",\"visible\":false,\"editable\":true},\"list\":{\"label\":\"updatedAt\",\"searchable\":true,\"sortable\":true}}},\"layouts\":{\"list\":[\"id\",\"username\",\"email\",\"confirmed\",\"city\",\"province\",\"address\"],\"edit\":[[{\"name\":\"username\",\"size\":6},{\"name\":\"email\",\"size\":6}],[{\"name\":\"password\",\"size\":6},{\"name\":\"confirmed\",\"size\":4}],[{\"name\":\"blocked\",\"size\":4},{\"name\":\"address\",\"size\":6}],[{\"name\":\"cellphone\",\"size\":6}],[{\"name\":\"other_phone\",\"size\":6},{\"name\":\"city\",\"size\":6}],[{\"name\":\"firstname\",\"size\":6},{\"name\":\"lastname\",\"size\":6}],[{\"name\":\"photo\",\"size\":6},{\"name\":\"gender\",\"size\":6}]],\"editRelations\":[\"role\",\"user_transferts\",\"province\",\"occupation\"]}}','object',NULL,NULL),(10,'plugin_content_manager_configuration_content_types::plugin::i18n.locale','{\"uid\":\"plugin::i18n.locale\",\"settings\":{\"bulkable\":true,\"filterable\":true,\"searchable\":true,\"pageSize\":10,\"mainField\":\"name\",\"defaultSortBy\":\"name\",\"defaultSortOrder\":\"ASC\"},\"metadatas\":{\"id\":{\"edit\":{},\"list\":{\"label\":\"id\",\"searchable\":true,\"sortable\":true}},\"name\":{\"edit\":{\"label\":\"name\",\"description\":\"\",\"placeholder\":\"\",\"visible\":true,\"editable\":true},\"list\":{\"label\":\"name\",\"searchable\":true,\"sortable\":true}},\"code\":{\"edit\":{\"label\":\"code\",\"description\":\"\",\"placeholder\":\"\",\"visible\":true,\"editable\":true},\"list\":{\"label\":\"code\",\"searchable\":true,\"sortable\":true}},\"createdAt\":{\"edit\":{\"label\":\"createdAt\",\"description\":\"\",\"placeholder\":\"\",\"visible\":false,\"editable\":true},\"list\":{\"label\":\"createdAt\",\"searchable\":true,\"sortable\":true}},\"updatedAt\":{\"edit\":{\"label\":\"updatedAt\",\"description\":\"\",\"placeholder\":\"\",\"visible\":false,\"editable\":true},\"list\":{\"label\":\"updatedAt\",\"searchable\":true,\"sortable\":true}}},\"layouts\":{\"list\":[\"id\",\"name\",\"code\",\"createdAt\"],\"editRelations\":[],\"edit\":[[{\"name\":\"name\",\"size\":6},{\"name\":\"code\",\"size\":6}]]}}','object',NULL,NULL),(11,'plugin_upload_settings','{\"sizeOptimization\":true,\"responsiveDimensions\":true,\"autoOrientation\":false}','object',NULL,NULL),(12,'plugin_users-permissions_grant','{\"email\":{\"enabled\":true,\"icon\":\"envelope\"},\"discord\":{\"enabled\":false,\"icon\":\"discord\",\"key\":\"\",\"secret\":\"\",\"callback\":\"api/auth/discord/callback\",\"scope\":[\"identify\",\"email\"]},\"facebook\":{\"enabled\":false,\"icon\":\"facebook-square\",\"key\":\"\",\"secret\":\"\",\"callback\":\"api/auth/facebook/callback\",\"scope\":[\"email\"]},\"google\":{\"enabled\":false,\"icon\":\"google\",\"key\":\"\",\"secret\":\"\",\"callback\":\"api/auth/google/callback\",\"scope\":[\"email\"]},\"github\":{\"enabled\":false,\"icon\":\"github\",\"key\":\"\",\"secret\":\"\",\"callback\":\"api/auth/github/callback\",\"scope\":[\"user\",\"user:email\"]},\"microsoft\":{\"enabled\":false,\"icon\":\"windows\",\"key\":\"\",\"secret\":\"\",\"callback\":\"api/auth/microsoft/callback\",\"scope\":[\"user.read\"]},\"twitter\":{\"enabled\":false,\"icon\":\"twitter\",\"key\":\"\",\"secret\":\"\",\"callback\":\"api/auth/twitter/callback\"},\"instagram\":{\"enabled\":false,\"icon\":\"instagram\",\"key\":\"\",\"secret\":\"\",\"callback\":\"api/auth/instagram/callback\",\"scope\":[\"user_profile\"]},\"vk\":{\"enabled\":false,\"icon\":\"vk\",\"key\":\"\",\"secret\":\"\",\"callback\":\"api/auth/vk/callback\",\"scope\":[\"email\"]},\"twitch\":{\"enabled\":false,\"icon\":\"twitch\",\"key\":\"\",\"secret\":\"\",\"callback\":\"api/auth/twitch/callback\",\"scope\":[\"user:read:email\"]},\"linkedin\":{\"enabled\":false,\"icon\":\"linkedin\",\"key\":\"\",\"secret\":\"\",\"callback\":\"api/auth/linkedin/callback\",\"scope\":[\"r_liteprofile\",\"r_emailaddress\"]},\"cognito\":{\"enabled\":false,\"icon\":\"aws\",\"key\":\"\",\"secret\":\"\",\"subdomain\":\"my.subdomain.com\",\"callback\":\"api/auth/cognito/callback\",\"scope\":[\"email\",\"openid\",\"profile\"]},\"reddit\":{\"enabled\":false,\"icon\":\"reddit\",\"key\":\"\",\"secret\":\"\",\"state\":true,\"callback\":\"api/auth/reddit/callback\",\"scope\":[\"identity\"]},\"auth0\":{\"enabled\":false,\"icon\":\"\",\"key\":\"\",\"secret\":\"\",\"subdomain\":\"my-tenant.eu\",\"callback\":\"api/auth/auth0/callback\",\"scope\":[\"openid\",\"email\",\"profile\"]},\"cas\":{\"enabled\":false,\"icon\":\"book\",\"key\":\"\",\"secret\":\"\",\"callback\":\"api/auth/cas/callback\",\"scope\":[\"openid email\"],\"subdomain\":\"my.subdomain.com/cas\"}}','object',NULL,NULL),(13,'plugin_users-permissions_email','{\"reset_password\":{\"display\":\"Email.template.reset_password\",\"icon\":\"sync\",\"options\":{\"from\":{\"name\":\"Administration Panel\",\"email\":\"no-reply@strapi.io\"},\"response_email\":\"\",\"object\":\"Reset password\",\"message\":\"<p>We heard that you lost your password. Sorry about that!</p>\\n\\n<p>But don’t worry! You can use the following link to reset your password:</p>\\n<p><%= URL %>?code=<%= TOKEN %></p>\\n\\n<p>Thanks.</p>\"}},\"email_confirmation\":{\"display\":\"Email.template.email_confirmation\",\"icon\":\"check-square\",\"options\":{\"from\":{\"name\":\"Administration Panel\",\"email\":\"no-reply@strapi.io\"},\"response_email\":\"\",\"object\":\"Account confirmation\",\"message\":\"<p>Thank you for registering!</p>\\n\\n<p>You have to confirm your email address. Please click on the link below.</p>\\n\\n<p><%= URL %>?confirmation=<%= CODE %></p>\\n\\n<p>Thanks.</p>\"}}}','object',NULL,NULL),(14,'plugin_users-permissions_advanced','{\"unique_email\":true,\"allow_register\":true,\"email_confirmation\":true,\"email_reset_password\":null,\"email_confirmation_redirection\":\"http://99.79.48.57/login\",\"default_role\":\"authenticated\"}','object',NULL,NULL),(15,'plugin_i18n_default_locale','\"en\"','string',NULL,NULL),(16,'core_admin_auth','{\"providers\":{\"autoRegister\":false,\"defaultRole\":null}}','object',NULL,NULL),(28,'plugin_content_manager_configuration_content_types::plugin::ezforms.submission','{\"uid\":\"plugin::ezforms.submission\",\"settings\":{\"bulkable\":true,\"filterable\":true,\"searchable\":true,\"pageSize\":10,\"mainField\":\"score\",\"defaultSortBy\":\"score\",\"defaultSortOrder\":\"ASC\"},\"metadatas\":{\"id\":{\"edit\":{},\"list\":{\"label\":\"id\",\"searchable\":true,\"sortable\":true}},\"score\":{\"edit\":{\"label\":\"score\",\"description\":\"\",\"placeholder\":\"\",\"visible\":true,\"editable\":true},\"list\":{\"label\":\"score\",\"searchable\":true,\"sortable\":true}},\"data\":{\"edit\":{\"label\":\"data\",\"description\":\"\",\"placeholder\":\"\",\"visible\":true,\"editable\":true},\"list\":{\"label\":\"data\",\"searchable\":false,\"sortable\":false}},\"contact_name_lbl\":{\"edit\":{\"label\":\"contact_name_lbl\",\"description\":\"\",\"placeholder\":\"\",\"visible\":true,\"editable\":true},\"list\":{\"label\":\"contact_name_lbl\",\"searchable\":true,\"sortable\":true}},\"contact_name\":{\"edit\":{\"label\":\"contact_name\",\"description\":\"\",\"placeholder\":\"\",\"visible\":true,\"editable\":true},\"list\":{\"label\":\"contact_name\",\"searchable\":false,\"sortable\":false}},\"contact_email_lbl\":{\"edit\":{\"label\":\"contact_email_lbl\",\"description\":\"\",\"placeholder\":\"\",\"visible\":true,\"editable\":true},\"list\":{\"label\":\"contact_email_lbl\",\"searchable\":true,\"sortable\":true}},\"contact_email\":{\"edit\":{\"label\":\"contact_email\",\"description\":\"\",\"placeholder\":\"\",\"visible\":true,\"editable\":true},\"list\":{\"label\":\"contact_email\",\"searchable\":false,\"sortable\":false}},\"contact_content_lbl\":{\"edit\":{\"label\":\"contact_content_lbl\",\"description\":\"\",\"placeholder\":\"\",\"visible\":true,\"editable\":true},\"list\":{\"label\":\"contact_content_lbl\",\"searchable\":true,\"sortable\":true}},\"createdAt\":{\"edit\":{\"label\":\"createdAt\",\"description\":\"\",\"placeholder\":\"\",\"visible\":false,\"editable\":true},\"list\":{\"label\":\"createdAt\",\"searchable\":true,\"sortable\":true}},\"updatedAt\":{\"edit\":{\"label\":\"updatedAt\",\"description\":\"\",\"placeholder\":\"\",\"visible\":false,\"editable\":true},\"list\":{\"label\":\"updatedAt\",\"searchable\":true,\"sortable\":true}}},\"layouts\":{\"list\":[\"id\",\"score\",\"contact_name_lbl\",\"contact_email_lbl\"],\"editRelations\":[],\"edit\":[[{\"name\":\"score\",\"size\":6}],[{\"name\":\"data\",\"size\":12}],[{\"name\":\"contact_name_lbl\",\"size\":6}],[{\"name\":\"contact_name\",\"size\":12}],[{\"name\":\"contact_email_lbl\",\"size\":6}],[{\"name\":\"contact_email\",\"size\":12}],[{\"name\":\"contact_content_lbl\",\"size\":6}]]}}','object',NULL,NULL),(29,'plugin_content_manager_configuration_content_types::plugin::ezforms.recipient','{\"uid\":\"plugin::ezforms.recipient\",\"settings\":{\"bulkable\":true,\"filterable\":true,\"searchable\":true,\"pageSize\":10,\"mainField\":\"name\",\"defaultSortBy\":\"name\",\"defaultSortOrder\":\"ASC\"},\"metadatas\":{\"id\":{\"edit\":{},\"list\":{\"label\":\"id\",\"searchable\":true,\"sortable\":true}},\"name\":{\"edit\":{\"label\":\"name\",\"description\":\"\",\"placeholder\":\"\",\"visible\":true,\"editable\":true},\"list\":{\"label\":\"name\",\"searchable\":true,\"sortable\":true}},\"email\":{\"edit\":{\"label\":\"email\",\"description\":\"\",\"placeholder\":\"\",\"visible\":true,\"editable\":true},\"list\":{\"label\":\"email\",\"searchable\":true,\"sortable\":true}},\"number\":{\"edit\":{\"label\":\"number\",\"description\":\"\",\"placeholder\":\"\",\"visible\":true,\"editable\":true},\"list\":{\"label\":\"number\",\"searchable\":true,\"sortable\":true}},\"createdAt\":{\"edit\":{\"label\":\"createdAt\",\"description\":\"\",\"placeholder\":\"\",\"visible\":false,\"editable\":true},\"list\":{\"label\":\"createdAt\",\"searchable\":true,\"sortable\":true}},\"updatedAt\":{\"edit\":{\"label\":\"updatedAt\",\"description\":\"\",\"placeholder\":\"\",\"visible\":false,\"editable\":true},\"list\":{\"label\":\"updatedAt\",\"searchable\":true,\"sortable\":true}}},\"layouts\":{\"list\":[\"id\",\"name\",\"email\",\"number\"],\"editRelations\":[],\"edit\":[[{\"name\":\"name\",\"size\":6},{\"name\":\"email\",\"size\":6}],[{\"name\":\"number\",\"size\":6}]]}}','object',NULL,NULL),(30,'plugin_content_manager_configuration_content_types::api::a-propos-de-nous.a-propos-de-nous','{\"uid\":\"api::a-propos-de-nous.a-propos-de-nous\",\"settings\":{\"bulkable\":true,\"filterable\":true,\"searchable\":true,\"pageSize\":10,\"mainField\":\"about_us_cover_title\",\"defaultSortBy\":\"about_us_cover_title\",\"defaultSortOrder\":\"ASC\"},\"metadatas\":{\"id\":{\"edit\":{},\"list\":{\"label\":\"id\",\"searchable\":true,\"sortable\":true}},\"about_us_cover_title\":{\"edit\":{\"label\":\"about_us_cover_title\",\"description\":\"\",\"placeholder\":\"\",\"visible\":true,\"editable\":true},\"list\":{\"label\":\"about_us_cover_title\",\"searchable\":true,\"sortable\":true}},\"about_us_cover\":{\"edit\":{\"label\":\"about_us_cover\",\"description\":\"\",\"placeholder\":\"\",\"visible\":true,\"editable\":true},\"list\":{\"label\":\"about_us_cover\",\"searchable\":false,\"sortable\":false}},\"about_us_cover_subtitle\":{\"edit\":{\"label\":\"about_us_cover_subtitle\",\"description\":\"\",\"placeholder\":\"\",\"visible\":true,\"editable\":true},\"list\":{\"label\":\"about_us_cover_subtitle\",\"searchable\":true,\"sortable\":true}},\"about_us_content_title\":{\"edit\":{\"label\":\"about_us_content_title\",\"description\":\"\",\"placeholder\":\"\",\"visible\":true,\"editable\":true},\"list\":{\"label\":\"about_us_content_title\",\"searchable\":true,\"sortable\":true}},\"about_us_content_desc\":{\"edit\":{\"label\":\"about_us_content_desc\",\"description\":\"\",\"placeholder\":\"\",\"visible\":true,\"editable\":true},\"list\":{\"label\":\"about_us_content_desc\",\"searchable\":false,\"sortable\":false}},\"about_us_content_uptitle\":{\"edit\":{\"label\":\"about_us_content_uptitle\",\"description\":\"\",\"placeholder\":\"\",\"visible\":true,\"editable\":true},\"list\":{\"label\":\"about_us_content_uptitle\",\"searchable\":true,\"sortable\":true}},\"about_us_content_image\":{\"edit\":{\"label\":\"about_us_content_image\",\"description\":\"\",\"placeholder\":\"\",\"visible\":true,\"editable\":true},\"list\":{\"label\":\"about_us_content_image\",\"searchable\":false,\"sortable\":false}},\"createdAt\":{\"edit\":{\"label\":\"createdAt\",\"description\":\"\",\"placeholder\":\"\",\"visible\":false,\"editable\":true},\"list\":{\"label\":\"createdAt\",\"searchable\":true,\"sortable\":true}},\"updatedAt\":{\"edit\":{\"label\":\"updatedAt\",\"description\":\"\",\"placeholder\":\"\",\"visible\":false,\"editable\":true},\"list\":{\"label\":\"updatedAt\",\"searchable\":true,\"sortable\":true}}},\"layouts\":{\"list\":[\"id\",\"about_us_cover_title\",\"about_us_cover\",\"about_us_cover_subtitle\"],\"edit\":[[{\"name\":\"about_us_cover_title\",\"size\":6},{\"name\":\"about_us_cover\",\"size\":6}],[{\"name\":\"about_us_cover_subtitle\",\"size\":6},{\"name\":\"about_us_content_title\",\"size\":6}],[{\"name\":\"about_us_content_desc\",\"size\":12}],[{\"name\":\"about_us_content_uptitle\",\"size\":6},{\"name\":\"about_us_content_image\",\"size\":6}]],\"editRelations\":[]}}','object',NULL,NULL),(31,'plugin_content_manager_configuration_content_types::api::contact.contact','{\"uid\":\"api::contact.contact\",\"settings\":{\"bulkable\":true,\"filterable\":true,\"searchable\":true,\"pageSize\":10,\"mainField\":\"contact_cover_title\",\"defaultSortBy\":\"contact_cover_title\",\"defaultSortOrder\":\"ASC\"},\"metadatas\":{\"id\":{\"edit\":{},\"list\":{\"label\":\"id\",\"searchable\":true,\"sortable\":true}},\"contact_cover_title\":{\"edit\":{\"label\":\"contact_cover_title\",\"description\":\"\",\"placeholder\":\"\",\"visible\":true,\"editable\":true},\"list\":{\"label\":\"contact_cover_title\",\"searchable\":true,\"sortable\":true}},\"contact_cover\":{\"edit\":{\"label\":\"contact_cover\",\"description\":\"\",\"placeholder\":\"\",\"visible\":true,\"editable\":true},\"list\":{\"label\":\"contact_cover\",\"searchable\":false,\"sortable\":false}},\"contact_cover_subtitle\":{\"edit\":{\"label\":\"contact_cover_subtitle\",\"description\":\"\",\"placeholder\":\"\",\"visible\":true,\"editable\":true},\"list\":{\"label\":\"contact_cover_subtitle\",\"searchable\":true,\"sortable\":true}},\"contact_content_title\":{\"edit\":{\"label\":\"contact_content_title\",\"description\":\"\",\"placeholder\":\"\",\"visible\":true,\"editable\":true},\"list\":{\"label\":\"contact_content_title\",\"searchable\":true,\"sortable\":true}},\"contact_address_title\":{\"edit\":{\"label\":\"contact_address_title\",\"description\":\"\",\"placeholder\":\"\",\"visible\":true,\"editable\":true},\"list\":{\"label\":\"contact_address_title\",\"searchable\":true,\"sortable\":true}},\"contact_email_title\":{\"edit\":{\"label\":\"contact_email_title\",\"description\":\"\",\"placeholder\":\"\",\"visible\":true,\"editable\":true},\"list\":{\"label\":\"contact_email_title\",\"searchable\":true,\"sortable\":true}},\"contact_phone_title\":{\"edit\":{\"label\":\"contact_phone_title\",\"description\":\"\",\"placeholder\":\"\",\"visible\":true,\"editable\":true},\"list\":{\"label\":\"contact_phone_title\",\"searchable\":true,\"sortable\":true}},\"contact_address_icon\":{\"edit\":{\"label\":\"contact_address_icon\",\"description\":\"\",\"placeholder\":\"\",\"visible\":true,\"editable\":true},\"list\":{\"label\":\"contact_address_icon\",\"searchable\":false,\"sortable\":false}},\"contact_email_icon\":{\"edit\":{\"label\":\"contact_email_icon\",\"description\":\"\",\"placeholder\":\"\",\"visible\":true,\"editable\":true},\"list\":{\"label\":\"contact_email_icon\",\"searchable\":false,\"sortable\":false}},\"contact_phone_icon\":{\"edit\":{\"label\":\"contact_phone_icon\",\"description\":\"\",\"placeholder\":\"\",\"visible\":true,\"editable\":true},\"list\":{\"label\":\"contact_phone_icon\",\"searchable\":false,\"sortable\":false}},\"contact_address\":{\"edit\":{\"label\":\"contact_address\",\"description\":\"\",\"placeholder\":\"\",\"visible\":true,\"editable\":true},\"list\":{\"label\":\"contact_address\",\"searchable\":true,\"sortable\":true}},\"contact_email\":{\"edit\":{\"label\":\"contact_email\",\"description\":\"\",\"placeholder\":\"\",\"visible\":true,\"editable\":true},\"list\":{\"label\":\"contact_email\",\"searchable\":true,\"sortable\":true}},\"contact_phone\":{\"edit\":{\"label\":\"contact_phone\",\"description\":\"\",\"placeholder\":\"\",\"visible\":true,\"editable\":true},\"list\":{\"label\":\"contact_phone\",\"searchable\":true,\"sortable\":true}},\"contact_content_description\":{\"edit\":{\"label\":\"contact_content_description\",\"description\":\"\",\"placeholder\":\"\",\"visible\":true,\"editable\":true},\"list\":{\"label\":\"contact_content_description\",\"searchable\":true,\"sortable\":true}},\"name_placeholder\":{\"edit\":{\"label\":\"name_placeholder\",\"description\":\"\",\"placeholder\":\"\",\"visible\":true,\"editable\":true},\"list\":{\"label\":\"name_placeholder\",\"searchable\":true,\"sortable\":true}},\"email_placeholder\":{\"edit\":{\"label\":\"email_placeholder\",\"description\":\"\",\"placeholder\":\"\",\"visible\":true,\"editable\":true},\"list\":{\"label\":\"email_placeholder\",\"searchable\":true,\"sortable\":true}},\"phone_placeholder\":{\"edit\":{\"label\":\"phone_placeholder\",\"description\":\"\",\"placeholder\":\"\",\"visible\":true,\"editable\":true},\"list\":{\"label\":\"phone_placeholder\",\"searchable\":true,\"sortable\":true}},\"subject_placeholder\":{\"edit\":{\"label\":\"subject_placeholder\",\"description\":\"\",\"placeholder\":\"\",\"visible\":true,\"editable\":true},\"list\":{\"label\":\"subject_placeholder\",\"searchable\":true,\"sortable\":true}},\"message_placeholder\":{\"edit\":{\"label\":\"message_placeholder\",\"description\":\"\",\"placeholder\":\"\",\"visible\":true,\"editable\":true},\"list\":{\"label\":\"message_placeholder\",\"searchable\":true,\"sortable\":true}},\"send_message_btn_label\":{\"edit\":{\"label\":\"send_message_btn_label\",\"description\":\"\",\"placeholder\":\"\",\"visible\":true,\"editable\":true},\"list\":{\"label\":\"send_message_btn_label\",\"searchable\":true,\"sortable\":true}},\"createdAt\":{\"edit\":{\"label\":\"createdAt\",\"description\":\"\",\"placeholder\":\"\",\"visible\":false,\"editable\":true},\"list\":{\"label\":\"createdAt\",\"searchable\":true,\"sortable\":true}},\"updatedAt\":{\"edit\":{\"label\":\"updatedAt\",\"description\":\"\",\"placeholder\":\"\",\"visible\":false,\"editable\":true},\"list\":{\"label\":\"updatedAt\",\"searchable\":true,\"sortable\":true}}},\"layouts\":{\"list\":[\"id\",\"contact_cover_title\",\"contact_cover\",\"contact_cover_subtitle\"],\"editRelations\":[],\"edit\":[[{\"name\":\"contact_cover_title\",\"size\":6},{\"name\":\"contact_cover\",\"size\":6}],[{\"name\":\"contact_cover_subtitle\",\"size\":6},{\"name\":\"contact_content_title\",\"size\":6}],[{\"name\":\"contact_address_title\",\"size\":6},{\"name\":\"contact_email_title\",\"size\":6}],[{\"name\":\"contact_phone_title\",\"size\":6},{\"name\":\"contact_address_icon\",\"size\":6}],[{\"name\":\"contact_email_icon\",\"size\":6},{\"name\":\"contact_phone_icon\",\"size\":6}],[{\"name\":\"contact_address\",\"size\":6},{\"name\":\"contact_email\",\"size\":6}],[{\"name\":\"contact_phone\",\"size\":6},{\"name\":\"contact_content_description\",\"size\":6}],[{\"name\":\"name_placeholder\",\"size\":6},{\"name\":\"email_placeholder\",\"size\":6}],[{\"name\":\"phone_placeholder\",\"size\":6},{\"name\":\"subject_placeholder\",\"size\":6}],[{\"name\":\"message_placeholder\",\"size\":6},{\"name\":\"send_message_btn_label\",\"size\":6}]]}}','object',NULL,NULL),(32,'plugin_content_manager_configuration_content_types::api::faq.faq','{\"uid\":\"api::faq.faq\",\"settings\":{\"bulkable\":true,\"filterable\":true,\"searchable\":true,\"pageSize\":10,\"mainField\":\"faq_cover_title\",\"defaultSortBy\":\"faq_cover_title\",\"defaultSortOrder\":\"ASC\"},\"metadatas\":{\"id\":{\"edit\":{},\"list\":{\"label\":\"id\",\"searchable\":true,\"sortable\":true}},\"faq_cover_title\":{\"edit\":{\"label\":\"faq_cover_title\",\"description\":\"\",\"placeholder\":\"\",\"visible\":true,\"editable\":true},\"list\":{\"label\":\"faq_cover_title\",\"searchable\":true,\"sortable\":true}},\"faq_cover_subtitle\":{\"edit\":{\"label\":\"faq_cover_subtitle\",\"description\":\"\",\"placeholder\":\"\",\"visible\":true,\"editable\":true},\"list\":{\"label\":\"faq_cover_subtitle\",\"searchable\":true,\"sortable\":true}},\"faq_content_title\":{\"edit\":{\"label\":\"faq_content_title\",\"description\":\"\",\"placeholder\":\"\",\"visible\":true,\"editable\":true},\"list\":{\"label\":\"faq_content_title\",\"searchable\":true,\"sortable\":true}},\"faq_content\":{\"edit\":{\"label\":\"faq_content\",\"description\":\"\",\"placeholder\":\"\",\"visible\":true,\"editable\":true},\"list\":{\"label\":\"faq_content\",\"searchable\":false,\"sortable\":false}},\"faq_cover\":{\"edit\":{\"label\":\"faq_cover\",\"description\":\"\",\"placeholder\":\"\",\"visible\":true,\"editable\":true},\"list\":{\"label\":\"faq_cover\",\"searchable\":false,\"sortable\":false}},\"questions_list\":{\"edit\":{\"label\":\"questions_list\",\"description\":\"\",\"placeholder\":\"\",\"visible\":true,\"editable\":true},\"list\":{\"label\":\"questions_list\",\"searchable\":false,\"sortable\":false}},\"faq_content_image\":{\"edit\":{\"label\":\"faq_content_image\",\"description\":\"\",\"placeholder\":\"\",\"visible\":true,\"editable\":true},\"list\":{\"label\":\"faq_content_image\",\"searchable\":false,\"sortable\":false}},\"createdAt\":{\"edit\":{\"label\":\"createdAt\",\"description\":\"\",\"placeholder\":\"\",\"visible\":false,\"editable\":true},\"list\":{\"label\":\"createdAt\",\"searchable\":true,\"sortable\":true}},\"updatedAt\":{\"edit\":{\"label\":\"updatedAt\",\"description\":\"\",\"placeholder\":\"\",\"visible\":false,\"editable\":true},\"list\":{\"label\":\"updatedAt\",\"searchable\":true,\"sortable\":true}}},\"layouts\":{\"list\":[\"id\",\"faq_cover_title\",\"faq_cover_subtitle\",\"faq_content_title\"],\"editRelations\":[],\"edit\":[[{\"name\":\"faq_cover_title\",\"size\":6},{\"name\":\"faq_cover_subtitle\",\"size\":6}],[{\"name\":\"faq_content_title\",\"size\":6}],[{\"name\":\"faq_content\",\"size\":12}],[{\"name\":\"faq_cover\",\"size\":6}],[{\"name\":\"questions_list\",\"size\":12}],[{\"name\":\"faq_content_image\",\"size\":6}]]}}','object',NULL,NULL),(33,'plugin_content_manager_configuration_content_types::api::home-page.home-page','{\"uid\":\"api::home-page.home-page\",\"settings\":{\"bulkable\":true,\"filterable\":true,\"searchable\":true,\"pageSize\":10,\"mainField\":\"title\",\"defaultSortBy\":\"title\",\"defaultSortOrder\":\"ASC\"},\"metadatas\":{\"id\":{\"edit\":{},\"list\":{\"label\":\"id\",\"searchable\":true,\"sortable\":true}},\"title\":{\"edit\":{\"label\":\"title\",\"description\":\"\",\"placeholder\":\"\",\"visible\":true,\"editable\":true},\"list\":{\"label\":\"title\",\"searchable\":true,\"sortable\":true}},\"Carousel\":{\"edit\":{\"label\":\"Carousel\",\"description\":\"\",\"placeholder\":\"\",\"visible\":true,\"editable\":true},\"list\":{\"label\":\"Carousel\",\"searchable\":false,\"sortable\":false}},\"why_us_title\":{\"edit\":{\"label\":\"why_us_title\",\"description\":\"\",\"placeholder\":\"\",\"visible\":true,\"editable\":true},\"list\":{\"label\":\"why_us_title\",\"searchable\":true,\"sortable\":true}},\"why_us_description\":{\"edit\":{\"label\":\"why_us_description\",\"description\":\"\",\"placeholder\":\"\",\"visible\":true,\"editable\":true},\"list\":{\"label\":\"why_us_description\",\"searchable\":true,\"sortable\":true}},\"reason1_title\":{\"edit\":{\"label\":\"reason1_title\",\"description\":\"\",\"placeholder\":\"\",\"visible\":true,\"editable\":true},\"list\":{\"label\":\"reason1_title\",\"searchable\":true,\"sortable\":true}},\"reason1_description\":{\"edit\":{\"label\":\"reason1_description\",\"description\":\"\",\"placeholder\":\"\",\"visible\":true,\"editable\":true},\"list\":{\"label\":\"reason1_description\",\"searchable\":true,\"sortable\":true}},\"reason1_icon\":{\"edit\":{\"label\":\"reason1_icon\",\"description\":\"\",\"placeholder\":\"\",\"visible\":true,\"editable\":true},\"list\":{\"label\":\"reason1_icon\",\"searchable\":false,\"sortable\":false}},\"reason2_title\":{\"edit\":{\"label\":\"reason2_title\",\"description\":\"\",\"placeholder\":\"\",\"visible\":true,\"editable\":true},\"list\":{\"label\":\"reason2_title\",\"searchable\":true,\"sortable\":true}},\"reason2_description\":{\"edit\":{\"label\":\"reason2_description\",\"description\":\"\",\"placeholder\":\"\",\"visible\":true,\"editable\":true},\"list\":{\"label\":\"reason2_description\",\"searchable\":true,\"sortable\":true}},\"reason2_icon\":{\"edit\":{\"label\":\"reason2_icon\",\"description\":\"\",\"placeholder\":\"\",\"visible\":true,\"editable\":true},\"list\":{\"label\":\"reason2_icon\",\"searchable\":false,\"sortable\":false}},\"reason3_title\":{\"edit\":{\"label\":\"reason3_title\",\"description\":\"\",\"placeholder\":\"\",\"visible\":true,\"editable\":true},\"list\":{\"label\":\"reason3_title\",\"searchable\":true,\"sortable\":true}},\"reason3_description\":{\"edit\":{\"label\":\"reason3_description\",\"description\":\"\",\"placeholder\":\"\",\"visible\":true,\"editable\":true},\"list\":{\"label\":\"reason3_description\",\"searchable\":true,\"sortable\":true}},\"reason3_icon\":{\"edit\":{\"label\":\"reason3_icon\",\"description\":\"\",\"placeholder\":\"\",\"visible\":true,\"editable\":true},\"list\":{\"label\":\"reason3_icon\",\"searchable\":false,\"sortable\":false}},\"reason4_title\":{\"edit\":{\"label\":\"reason4_title\",\"description\":\"\",\"placeholder\":\"\",\"visible\":true,\"editable\":true},\"list\":{\"label\":\"reason4_title\",\"searchable\":true,\"sortable\":true}},\"reason4_description\":{\"edit\":{\"label\":\"reason4_description\",\"description\":\"\",\"placeholder\":\"\",\"visible\":true,\"editable\":true},\"list\":{\"label\":\"reason4_description\",\"searchable\":true,\"sortable\":true}},\"reason4_icon\":{\"edit\":{\"label\":\"reason4_icon\",\"description\":\"\",\"placeholder\":\"\",\"visible\":true,\"editable\":true},\"list\":{\"label\":\"reason4_icon\",\"searchable\":false,\"sortable\":false}},\"steppers_title\":{\"edit\":{\"label\":\"steppers_title\",\"description\":\"\",\"placeholder\":\"\",\"visible\":true,\"editable\":true},\"list\":{\"label\":\"steppers_title\",\"searchable\":true,\"sortable\":true}},\"steppers_description\":{\"edit\":{\"label\":\"steppers_description\",\"description\":\"\",\"placeholder\":\"\",\"visible\":true,\"editable\":true},\"list\":{\"label\":\"steppers_description\",\"searchable\":true,\"sortable\":true}},\"step1_title\":{\"edit\":{\"label\":\"step1_title\",\"description\":\"\",\"placeholder\":\"\",\"visible\":true,\"editable\":true},\"list\":{\"label\":\"step1_title\",\"searchable\":true,\"sortable\":true}},\"step1_description\":{\"edit\":{\"label\":\"step1_description\",\"description\":\"\",\"placeholder\":\"\",\"visible\":true,\"editable\":true},\"list\":{\"label\":\"step1_description\",\"searchable\":true,\"sortable\":true}},\"step1_icon\":{\"edit\":{\"label\":\"step1_icon\",\"description\":\"\",\"placeholder\":\"\",\"visible\":true,\"editable\":true},\"list\":{\"label\":\"step1_icon\",\"searchable\":false,\"sortable\":false}},\"step2_title\":{\"edit\":{\"label\":\"step2_title\",\"description\":\"\",\"placeholder\":\"\",\"visible\":true,\"editable\":true},\"list\":{\"label\":\"step2_title\",\"searchable\":true,\"sortable\":true}},\"step2_description\":{\"edit\":{\"label\":\"step2_description\",\"description\":\"\",\"placeholder\":\"\",\"visible\":true,\"editable\":true},\"list\":{\"label\":\"step2_description\",\"searchable\":true,\"sortable\":true}},\"step2_icon\":{\"edit\":{\"label\":\"step2_icon\",\"description\":\"\",\"placeholder\":\"\",\"visible\":true,\"editable\":true},\"list\":{\"label\":\"step2_icon\",\"searchable\":false,\"sortable\":false}},\"step3_title\":{\"edit\":{\"label\":\"step3_title\",\"description\":\"\",\"placeholder\":\"\",\"visible\":true,\"editable\":true},\"list\":{\"label\":\"step3_title\",\"searchable\":true,\"sortable\":true}},\"step3_description\":{\"edit\":{\"label\":\"step3_description\",\"description\":\"\",\"placeholder\":\"\",\"visible\":true,\"editable\":true},\"list\":{\"label\":\"step3_description\",\"searchable\":true,\"sortable\":true}},\"step3_icon\":{\"edit\":{\"label\":\"step3_icon\",\"description\":\"\",\"placeholder\":\"\",\"visible\":true,\"editable\":true},\"list\":{\"label\":\"step3_icon\",\"searchable\":false,\"sortable\":false}},\"description\":{\"edit\":{\"label\":\"description\",\"description\":\"\",\"placeholder\":\"\",\"visible\":true,\"editable\":true},\"list\":{\"label\":\"description\",\"searchable\":true,\"sortable\":true}},\"sender_input_label\":{\"edit\":{\"label\":\"sender_input_label\",\"description\":\"\",\"placeholder\":\"\",\"visible\":true,\"editable\":true},\"list\":{\"label\":\"sender_input_label\",\"searchable\":true,\"sortable\":true}},\"transition_fee_value\":{\"edit\":{\"label\":\"transition_fee_value\",\"description\":\"\",\"placeholder\":\"\",\"visible\":true,\"editable\":true},\"list\":{\"label\":\"transition_fee_value\",\"searchable\":true,\"sortable\":true}},\"transition_fee_label\":{\"edit\":{\"label\":\"transition_fee_label\",\"description\":\"\",\"placeholder\":\"\",\"visible\":true,\"editable\":true},\"list\":{\"label\":\"transition_fee_label\",\"searchable\":true,\"sortable\":true}},\"recipient_label\":{\"edit\":{\"label\":\"recipient_label\",\"description\":\"\",\"placeholder\":\"\",\"visible\":true,\"editable\":true},\"list\":{\"label\":\"recipient_label\",\"searchable\":true,\"sortable\":true}},\"save_label\":{\"edit\":{\"label\":\"save_label\",\"description\":\"\",\"placeholder\":\"\",\"visible\":true,\"editable\":true},\"list\":{\"label\":\"save_label\",\"searchable\":true,\"sortable\":true}},\"save_value\":{\"edit\":{\"label\":\"save_value\",\"description\":\"\",\"placeholder\":\"\",\"visible\":true,\"editable\":true},\"list\":{\"label\":\"save_value\",\"searchable\":true,\"sortable\":true}},\"cta_label\":{\"edit\":{\"label\":\"cta_label\",\"description\":\"\",\"placeholder\":\"\",\"visible\":true,\"editable\":true},\"list\":{\"label\":\"cta_label\",\"searchable\":true,\"sortable\":true}},\"cta_description\":{\"edit\":{\"label\":\"cta_description\",\"description\":\"\",\"placeholder\":\"\",\"visible\":true,\"editable\":true},\"list\":{\"label\":\"cta_description\",\"searchable\":true,\"sortable\":true}},\"terms_policy\":{\"edit\":{\"label\":\"terms_policy\",\"description\":\"\",\"placeholder\":\"\",\"visible\":true,\"editable\":true},\"list\":{\"label\":\"terms_policy\",\"searchable\":true,\"sortable\":true}},\"exchange_rate_value\":{\"edit\":{\"label\":\"exchange_rate_value\",\"description\":\"\",\"placeholder\":\"\",\"visible\":true,\"editable\":true},\"list\":{\"label\":\"exchange_rate_value\",\"searchable\":true,\"sortable\":true}},\"exchange_rate_label\":{\"edit\":{\"label\":\"exchange_rate_label\",\"description\":\"\",\"placeholder\":\"\",\"visible\":true,\"editable\":true},\"list\":{\"label\":\"exchange_rate_label\",\"searchable\":true,\"sortable\":true}},\"createdAt\":{\"edit\":{\"label\":\"createdAt\",\"description\":\"\",\"placeholder\":\"\",\"visible\":false,\"editable\":true},\"list\":{\"label\":\"createdAt\",\"searchable\":true,\"sortable\":true}},\"updatedAt\":{\"edit\":{\"label\":\"updatedAt\",\"description\":\"\",\"placeholder\":\"\",\"visible\":false,\"editable\":true},\"list\":{\"label\":\"updatedAt\",\"searchable\":true,\"sortable\":true}}},\"layouts\":{\"list\":[\"id\",\"title\",\"Carousel\",\"why_us_title\"],\"editRelations\":[],\"edit\":[[{\"name\":\"title\",\"size\":6},{\"name\":\"Carousel\",\"size\":6}],[{\"name\":\"why_us_title\",\"size\":6},{\"name\":\"why_us_description\",\"size\":6}],[{\"name\":\"reason1_title\",\"size\":6},{\"name\":\"reason1_description\",\"size\":6}],[{\"name\":\"reason1_icon\",\"size\":6},{\"name\":\"reason2_title\",\"size\":6}],[{\"name\":\"reason2_description\",\"size\":6},{\"name\":\"reason2_icon\",\"size\":6}],[{\"name\":\"reason3_title\",\"size\":6},{\"name\":\"reason3_description\",\"size\":6}],[{\"name\":\"reason3_icon\",\"size\":6},{\"name\":\"reason4_title\",\"size\":6}],[{\"name\":\"reason4_description\",\"size\":6},{\"name\":\"reason4_icon\",\"size\":6}],[{\"name\":\"steppers_title\",\"size\":6},{\"name\":\"steppers_description\",\"size\":6}],[{\"name\":\"step1_title\",\"size\":6},{\"name\":\"step1_description\",\"size\":6}],[{\"name\":\"step1_icon\",\"size\":6},{\"name\":\"step2_title\",\"size\":6}],[{\"name\":\"step2_description\",\"size\":6},{\"name\":\"step2_icon\",\"size\":6}],[{\"name\":\"step3_title\",\"size\":6},{\"name\":\"step3_description\",\"size\":6}],[{\"name\":\"step3_icon\",\"size\":6},{\"name\":\"description\",\"size\":6}],[{\"name\":\"sender_input_label\",\"size\":6},{\"name\":\"transition_fee_value\",\"size\":6}],[{\"name\":\"transition_fee_label\",\"size\":6},{\"name\":\"recipient_label\",\"size\":6}],[{\"name\":\"save_label\",\"size\":6},{\"name\":\"save_value\",\"size\":6}],[{\"name\":\"cta_label\",\"size\":6},{\"name\":\"cta_description\",\"size\":6}],[{\"name\":\"terms_policy\",\"size\":6},{\"name\":\"exchange_rate_value\",\"size\":4}],[{\"name\":\"exchange_rate_label\",\"size\":6}]]}}','object',NULL,NULL),(34,'plugin_content_manager_configuration_content_types::api::termes-et-conditions.termes-et-conditions','{\"uid\":\"api::termes-et-conditions.termes-et-conditions\",\"settings\":{\"bulkable\":true,\"filterable\":true,\"searchable\":true,\"pageSize\":10,\"mainField\":\"terms_page_cover_title\",\"defaultSortBy\":\"terms_page_cover_title\",\"defaultSortOrder\":\"ASC\"},\"metadatas\":{\"id\":{\"edit\":{},\"list\":{\"label\":\"id\",\"searchable\":true,\"sortable\":true}},\"terms_page_cover_title\":{\"edit\":{\"label\":\"terms_page_cover_title\",\"description\":\"\",\"placeholder\":\"\",\"visible\":true,\"editable\":true},\"list\":{\"label\":\"terms_page_cover_title\",\"searchable\":true,\"sortable\":true}},\"terms_cover\":{\"edit\":{\"label\":\"terms_cover\",\"description\":\"\",\"placeholder\":\"\",\"visible\":true,\"editable\":true},\"list\":{\"label\":\"terms_cover\",\"searchable\":false,\"sortable\":false}},\"terms_page_cover_subtitle\":{\"edit\":{\"label\":\"terms_page_cover_subtitle\",\"description\":\"\",\"placeholder\":\"\",\"visible\":true,\"editable\":true},\"list\":{\"label\":\"terms_page_cover_subtitle\",\"searchable\":true,\"sortable\":true}},\"terms_content\":{\"edit\":{\"label\":\"terms_content\",\"description\":\"\",\"placeholder\":\"\",\"visible\":true,\"editable\":true},\"list\":{\"label\":\"terms_content\",\"searchable\":false,\"sortable\":false}},\"createdAt\":{\"edit\":{\"label\":\"createdAt\",\"description\":\"\",\"placeholder\":\"\",\"visible\":false,\"editable\":true},\"list\":{\"label\":\"createdAt\",\"searchable\":true,\"sortable\":true}},\"updatedAt\":{\"edit\":{\"label\":\"updatedAt\",\"description\":\"\",\"placeholder\":\"\",\"visible\":false,\"editable\":true},\"list\":{\"label\":\"updatedAt\",\"searchable\":true,\"sortable\":true}}},\"layouts\":{\"list\":[\"id\",\"terms_page_cover_title\",\"terms_cover\",\"terms_page_cover_subtitle\"],\"editRelations\":[],\"edit\":[[{\"name\":\"terms_page_cover_title\",\"size\":6},{\"name\":\"terms_cover\",\"size\":6}],[{\"name\":\"terms_page_cover_subtitle\",\"size\":6}],[{\"name\":\"terms_content\",\"size\":12}]]}}','object',NULL,NULL),(35,'plugin_content_manager_configuration_content_types::api::vie-privee.vie-privee','{\"uid\":\"api::vie-privee.vie-privee\",\"settings\":{\"bulkable\":true,\"filterable\":true,\"searchable\":true,\"pageSize\":10,\"mainField\":\"privacy_policy_cover_title\",\"defaultSortBy\":\"privacy_policy_cover_title\",\"defaultSortOrder\":\"ASC\"},\"metadatas\":{\"id\":{\"edit\":{},\"list\":{\"label\":\"id\",\"searchable\":true,\"sortable\":true}},\"privacy_policy_cover_title\":{\"edit\":{\"label\":\"privacy_policy_cover_title\",\"description\":\"\",\"placeholder\":\"\",\"visible\":true,\"editable\":true},\"list\":{\"label\":\"privacy_policy_cover_title\",\"searchable\":true,\"sortable\":true}},\"privacy_policy_cover_subtitle\":{\"edit\":{\"label\":\"privacy_policy_cover_subtitle\",\"description\":\"\",\"placeholder\":\"\",\"visible\":true,\"editable\":true},\"list\":{\"label\":\"privacy_policy_cover_subtitle\",\"searchable\":true,\"sortable\":true}},\"privacy_policy_content_title\":{\"edit\":{\"label\":\"privacy_policy_content_title\",\"description\":\"\",\"placeholder\":\"\",\"visible\":true,\"editable\":true},\"list\":{\"label\":\"privacy_policy_content_title\",\"searchable\":true,\"sortable\":true}},\"privacy_policy_content\":{\"edit\":{\"label\":\"privacy_policy_content\",\"description\":\"\",\"placeholder\":\"\",\"visible\":true,\"editable\":true},\"list\":{\"label\":\"privacy_policy_content\",\"searchable\":false,\"sortable\":false}},\"privacy_policy_cover\":{\"edit\":{\"label\":\"privacy_policy_cover\",\"description\":\"\",\"placeholder\":\"\",\"visible\":true,\"editable\":true},\"list\":{\"label\":\"privacy_policy_cover\",\"searchable\":false,\"sortable\":false}},\"createdAt\":{\"edit\":{\"label\":\"createdAt\",\"description\":\"\",\"placeholder\":\"\",\"visible\":false,\"editable\":true},\"list\":{\"label\":\"createdAt\",\"searchable\":true,\"sortable\":true}},\"updatedAt\":{\"edit\":{\"label\":\"updatedAt\",\"description\":\"\",\"placeholder\":\"\",\"visible\":false,\"editable\":true},\"list\":{\"label\":\"updatedAt\",\"searchable\":true,\"sortable\":true}}},\"layouts\":{\"list\":[\"id\",\"privacy_policy_cover_title\",\"privacy_policy_cover_subtitle\",\"privacy_policy_content_title\"],\"editRelations\":[],\"edit\":[[{\"name\":\"privacy_policy_cover_title\",\"size\":6},{\"name\":\"privacy_policy_cover_subtitle\",\"size\":6}],[{\"name\":\"privacy_policy_content_title\",\"size\":6}],[{\"name\":\"privacy_policy_content\",\"size\":12}],[{\"name\":\"privacy_policy_cover\",\"size\":6}]]}}','object',NULL,NULL),(37,'plugin_content_manager_configuration_content_types::api::user-transfert.user-transfert','{\"uid\":\"api::user-transfert.user-transfert\",\"settings\":{\"bulkable\":true,\"filterable\":true,\"searchable\":true,\"pageSize\":10,\"mainField\":\"to_name\",\"defaultSortBy\":\"to_name\",\"defaultSortOrder\":\"ASC\"},\"metadatas\":{\"id\":{\"edit\":{},\"list\":{\"label\":\"id\",\"searchable\":true,\"sortable\":true}},\"cdate\":{\"edit\":{\"label\":\"cdate\",\"description\":\"\",\"placeholder\":\"\",\"visible\":true,\"editable\":true},\"list\":{\"label\":\"cdate\",\"searchable\":true,\"sortable\":true}},\"amount_to_send\":{\"edit\":{\"label\":\"amount_to_send\",\"description\":\"\",\"placeholder\":\"\",\"visible\":true,\"editable\":true},\"list\":{\"label\":\"amount_to_send\",\"searchable\":true,\"sortable\":true}},\"amount_to_receive\":{\"edit\":{\"label\":\"amount_to_receive\",\"description\":\"\",\"placeholder\":\"\",\"visible\":true,\"editable\":true},\"list\":{\"label\":\"amount_to_receive\",\"searchable\":true,\"sortable\":true}},\"to_name\":{\"edit\":{\"label\":\"to_name\",\"description\":\"\",\"placeholder\":\"\",\"visible\":true,\"editable\":true},\"list\":{\"label\":\"to_name\",\"searchable\":true,\"sortable\":true}},\"to_firstname\":{\"edit\":{\"label\":\"to_firstname\",\"description\":\"\",\"placeholder\":\"\",\"visible\":true,\"editable\":true},\"list\":{\"label\":\"to_firstname\",\"searchable\":true,\"sortable\":true}},\"to_email\":{\"edit\":{\"label\":\"to_email\",\"description\":\"\",\"placeholder\":\"\",\"visible\":true,\"editable\":true},\"list\":{\"label\":\"to_email\",\"searchable\":true,\"sortable\":true}},\"reception_proof\":{\"edit\":{\"label\":\"reception_proof\",\"description\":\"\",\"placeholder\":\"\",\"visible\":true,\"editable\":true},\"list\":{\"label\":\"reception_proof\",\"searchable\":false,\"sortable\":false}},\"user\":{\"edit\":{\"label\":\"user\",\"description\":\"\",\"placeholder\":\"\",\"visible\":true,\"editable\":true,\"mainField\":\"username\"},\"list\":{\"label\":\"user\",\"searchable\":true,\"sortable\":true}},\"to_city\":{\"edit\":{\"label\":\"to_city\",\"description\":\"\",\"placeholder\":\"\",\"visible\":true,\"editable\":true},\"list\":{\"label\":\"to_city\",\"searchable\":true,\"sortable\":true}},\"to_address\":{\"edit\":{\"label\":\"to_address\",\"description\":\"\",\"placeholder\":\"\",\"visible\":true,\"editable\":true},\"list\":{\"label\":\"to_address\",\"searchable\":true,\"sortable\":true}},\"to_phone\":{\"edit\":{\"label\":\"to_phone\",\"description\":\"\",\"placeholder\":\"\",\"visible\":true,\"editable\":true},\"list\":{\"label\":\"to_phone\",\"searchable\":true,\"sortable\":true}},\"reason\":{\"edit\":{\"label\":\"reason\",\"description\":\"\",\"placeholder\":\"\",\"visible\":true,\"editable\":true},\"list\":{\"label\":\"reason\",\"searchable\":true,\"sortable\":true}},\"transfert_type\":{\"edit\":{\"label\":\"transfert_type\",\"description\":\"\",\"placeholder\":\"\",\"visible\":true,\"editable\":true,\"mainField\":\"name_fr\"},\"list\":{\"label\":\"transfert_type\",\"searchable\":true,\"sortable\":true}},\"to_other_phone\":{\"edit\":{\"label\":\"to_other_phone\",\"description\":\"\",\"placeholder\":\"\",\"visible\":true,\"editable\":true},\"list\":{\"label\":\"to_other_phone\",\"searchable\":true,\"sortable\":true}},\"to_middle_name\":{\"edit\":{\"label\":\"to_middle_name\",\"description\":\"\",\"placeholder\":\"\",\"visible\":true,\"editable\":true},\"list\":{\"label\":\"to_middle_name\",\"searchable\":true,\"sortable\":true}},\"status\":{\"edit\":{\"label\":\"status\",\"description\":\"\",\"placeholder\":\"\",\"visible\":true,\"editable\":true},\"list\":{\"label\":\"status\",\"searchable\":true,\"sortable\":true}},\"message\":{\"edit\":{\"label\":\"message\",\"description\":\"\",\"placeholder\":\"\",\"visible\":true,\"editable\":true},\"list\":{\"label\":\"message\",\"searchable\":true,\"sortable\":true}},\"code\":{\"edit\":{\"label\":\"code\",\"description\":\"\",\"placeholder\":\"\",\"visible\":true,\"editable\":true},\"list\":{\"label\":\"code\",\"searchable\":true,\"sortable\":true}},\"bank_branch\":{\"edit\":{\"label\":\"bank_branch\",\"description\":\"\",\"placeholder\":\"\",\"visible\":true,\"editable\":true},\"list\":{\"label\":\"bank_branch\",\"searchable\":true,\"sortable\":true}},\"account_number\":{\"edit\":{\"label\":\"account_number\",\"description\":\"\",\"placeholder\":\"\",\"visible\":true,\"editable\":true},\"list\":{\"label\":\"account_number\",\"searchable\":true,\"sortable\":true}},\"agency_code\":{\"edit\":{\"label\":\"agency_code\",\"description\":\"\",\"placeholder\":\"\",\"visible\":true,\"editable\":true},\"list\":{\"label\":\"agency_code\",\"searchable\":true,\"sortable\":true}},\"agency_key\":{\"edit\":{\"label\":\"agency_key\",\"description\":\"\",\"placeholder\":\"\",\"visible\":true,\"editable\":true},\"list\":{\"label\":\"agency_key\",\"searchable\":true,\"sortable\":true}},\"transfert_bank\":{\"edit\":{\"label\":\"transfert_bank\",\"description\":\"\",\"placeholder\":\"\",\"visible\":true,\"editable\":true,\"mainField\":\"name\"},\"list\":{\"label\":\"transfert_bank\",\"searchable\":true,\"sortable\":true}},\"mobile_money_number\":{\"edit\":{\"label\":\"mobile_money_number\",\"description\":\"\",\"placeholder\":\"\",\"visible\":true,\"editable\":true},\"list\":{\"label\":\"mobile_money_number\",\"searchable\":true,\"sortable\":true}},\"createdAt\":{\"edit\":{\"label\":\"createdAt\",\"description\":\"\",\"placeholder\":\"\",\"visible\":false,\"editable\":true},\"list\":{\"label\":\"createdAt\",\"searchable\":true,\"sortable\":true}},\"updatedAt\":{\"edit\":{\"label\":\"updatedAt\",\"description\":\"\",\"placeholder\":\"\",\"visible\":false,\"editable\":true},\"list\":{\"label\":\"updatedAt\",\"searchable\":true,\"sortable\":true}}},\"layouts\":{\"list\":[\"createdAt\",\"id\",\"user\",\"amount_to_send\",\"amount_to_receive\",\"status\"],\"edit\":[[{\"name\":\"cdate\",\"size\":6}],[{\"name\":\"to_name\",\"size\":6}],[{\"name\":\"to_firstname\",\"size\":6},{\"name\":\"to_email\",\"size\":6}],[{\"name\":\"reception_proof\",\"size\":6}],[{\"name\":\"code\",\"size\":6},{\"name\":\"amount_to_send\",\"size\":4}],[{\"name\":\"amount_to_receive\",\"size\":4},{\"name\":\"to_city\",\"size\":6}],[{\"name\":\"to_address\",\"size\":6}],[{\"name\":\"to_phone\",\"size\":6},{\"name\":\"reason\",\"size\":6}],[{\"name\":\"to_other_phone\",\"size\":6},{\"name\":\"to_middle_name\",\"size\":6}],[{\"name\":\"status\",\"size\":6},{\"name\":\"message\",\"size\":6}],[{\"name\":\"bank_branch\",\"size\":6}],[{\"name\":\"account_number\",\"size\":6},{\"name\":\"agency_code\",\"size\":6}],[{\"name\":\"agency_key\",\"size\":6},{\"name\":\"mobile_money_number\",\"size\":6}]],\"editRelations\":[\"user\",\"transfert_type\",\"transfert_bank\"]}}','object',NULL,NULL),(39,'plugin_content_manager_configuration_content_types::api::uprovince.uprovince','{\"uid\":\"api::uprovince.uprovince\",\"settings\":{\"bulkable\":true,\"filterable\":true,\"searchable\":true,\"pageSize\":10,\"mainField\":\"id\",\"defaultSortBy\":\"id\",\"defaultSortOrder\":\"ASC\"},\"metadatas\":{\"id\":{\"edit\":{},\"list\":{\"label\":\"id\",\"searchable\":true,\"sortable\":true}},\"name_fr\":{\"edit\":{\"label\":\"name_fr\",\"description\":\"\",\"placeholder\":\"\",\"visible\":true,\"editable\":true},\"list\":{\"label\":\"name_fr\",\"searchable\":true,\"sortable\":true}},\"code\":{\"edit\":{\"label\":\"code\",\"description\":\"\",\"placeholder\":\"\",\"visible\":true,\"editable\":true},\"list\":{\"label\":\"code\",\"searchable\":true,\"sortable\":true}},\"createdAt\":{\"edit\":{\"label\":\"createdAt\",\"description\":\"\",\"placeholder\":\"\",\"visible\":false,\"editable\":true},\"list\":{\"label\":\"createdAt\",\"searchable\":true,\"sortable\":true}},\"updatedAt\":{\"edit\":{\"label\":\"updatedAt\",\"description\":\"\",\"placeholder\":\"\",\"visible\":false,\"editable\":true},\"list\":{\"label\":\"updatedAt\",\"searchable\":true,\"sortable\":true}}},\"layouts\":{\"list\":[\"id\",\"createdAt\",\"updatedAt\",\"name_fr\"],\"edit\":[[{\"name\":\"name_fr\",\"size\":6},{\"name\":\"code\",\"size\":6}]],\"editRelations\":[]}}','object',NULL,NULL),(42,'plugin_content_manager_configuration_content_types::api::occupation.occupation','{\"uid\":\"api::occupation.occupation\",\"settings\":{\"bulkable\":true,\"filterable\":true,\"searchable\":true,\"pageSize\":10,\"mainField\":\"id\",\"defaultSortBy\":\"id\",\"defaultSortOrder\":\"ASC\"},\"metadatas\":{\"id\":{\"edit\":{},\"list\":{\"label\":\"id\",\"searchable\":true,\"sortable\":true}},\"name_fr\":{\"edit\":{\"label\":\"name_fr\",\"description\":\"\",\"placeholder\":\"\",\"visible\":true,\"editable\":true},\"list\":{\"label\":\"name_fr\",\"searchable\":true,\"sortable\":true}},\"createdAt\":{\"edit\":{\"label\":\"createdAt\",\"description\":\"\",\"placeholder\":\"\",\"visible\":false,\"editable\":true},\"list\":{\"label\":\"createdAt\",\"searchable\":true,\"sortable\":true}},\"updatedAt\":{\"edit\":{\"label\":\"updatedAt\",\"description\":\"\",\"placeholder\":\"\",\"visible\":false,\"editable\":true},\"list\":{\"label\":\"updatedAt\",\"searchable\":true,\"sortable\":true}}},\"layouts\":{\"list\":[\"id\",\"createdAt\",\"updatedAt\",\"name_fr\"],\"edit\":[[{\"name\":\"name_fr\",\"size\":6}]],\"editRelations\":[]}}','object',NULL,NULL),(43,'plugin_content_manager_configuration_content_types::api::transfert-type.transfert-type','{\"uid\":\"api::transfert-type.transfert-type\",\"settings\":{\"bulkable\":true,\"filterable\":true,\"searchable\":true,\"pageSize\":10,\"mainField\":\"id\",\"defaultSortBy\":\"id\",\"defaultSortOrder\":\"ASC\"},\"metadatas\":{\"id\":{\"edit\":{},\"list\":{\"label\":\"id\",\"searchable\":true,\"sortable\":true}},\"name_fr\":{\"edit\":{\"label\":\"name_fr\",\"description\":\"\",\"placeholder\":\"\",\"visible\":true,\"editable\":true},\"list\":{\"label\":\"name_fr\",\"searchable\":true,\"sortable\":true}},\"createdAt\":{\"edit\":{\"label\":\"createdAt\",\"description\":\"\",\"placeholder\":\"\",\"visible\":false,\"editable\":true},\"list\":{\"label\":\"createdAt\",\"searchable\":true,\"sortable\":true}},\"updatedAt\":{\"edit\":{\"label\":\"updatedAt\",\"description\":\"\",\"placeholder\":\"\",\"visible\":false,\"editable\":true},\"list\":{\"label\":\"updatedAt\",\"searchable\":true,\"sortable\":true}}},\"layouts\":{\"list\":[\"id\",\"createdAt\",\"updatedAt\",\"name_fr\"],\"edit\":[[{\"name\":\"name_fr\",\"size\":6}]],\"editRelations\":[]}}','object',NULL,NULL),(44,'plugin_content_manager_configuration_content_types::api::success-transfert.success-transfert','{\"uid\":\"api::success-transfert.success-transfert\",\"settings\":{\"bulkable\":true,\"filterable\":true,\"searchable\":true,\"pageSize\":10,\"mainField\":\"id\",\"defaultSortBy\":\"id\",\"defaultSortOrder\":\"ASC\"},\"metadatas\":{\"id\":{\"edit\":{},\"list\":{\"label\":\"id\",\"searchable\":true,\"sortable\":true}},\"confirmation_message\":{\"edit\":{\"label\":\"confirmation_message\",\"description\":\"\",\"placeholder\":\"\",\"visible\":true,\"editable\":true},\"list\":{\"label\":\"confirmation_message\",\"searchable\":true,\"sortable\":true}},\"createdAt\":{\"edit\":{\"label\":\"createdAt\",\"description\":\"\",\"placeholder\":\"\",\"visible\":false,\"editable\":true},\"list\":{\"label\":\"createdAt\",\"searchable\":true,\"sortable\":true}},\"updatedAt\":{\"edit\":{\"label\":\"updatedAt\",\"description\":\"\",\"placeholder\":\"\",\"visible\":false,\"editable\":true},\"list\":{\"label\":\"updatedAt\",\"searchable\":true,\"sortable\":true}}},\"layouts\":{\"list\":[\"id\",\"confirmation_message\",\"createdAt\",\"updatedAt\"],\"editRelations\":[],\"edit\":[[{\"name\":\"confirmation_message\",\"size\":6}]]}}','object',NULL,NULL),(45,'plugin_content_manager_configuration_content_types::api::contact-message.contact-message','{\"uid\":\"api::contact-message.contact-message\",\"settings\":{\"bulkable\":true,\"filterable\":true,\"searchable\":true,\"pageSize\":10,\"mainField\":\"subject\",\"defaultSortBy\":\"subject\",\"defaultSortOrder\":\"ASC\"},\"metadatas\":{\"id\":{\"edit\":{},\"list\":{\"label\":\"id\",\"searchable\":true,\"sortable\":true}},\"subject\":{\"edit\":{\"label\":\"subject\",\"description\":\"\",\"placeholder\":\"\",\"visible\":true,\"editable\":true},\"list\":{\"label\":\"subject\",\"searchable\":true,\"sortable\":true}},\"email\":{\"edit\":{\"label\":\"email\",\"description\":\"\",\"placeholder\":\"\",\"visible\":true,\"editable\":true},\"list\":{\"label\":\"email\",\"searchable\":true,\"sortable\":true}},\"message\":{\"edit\":{\"label\":\"message\",\"description\":\"\",\"placeholder\":\"\",\"visible\":true,\"editable\":true},\"list\":{\"label\":\"message\",\"searchable\":true,\"sortable\":true}},\"reason\":{\"edit\":{\"label\":\"reason\",\"description\":\"\",\"placeholder\":\"\",\"visible\":true,\"editable\":true},\"list\":{\"label\":\"reason\",\"searchable\":true,\"sortable\":true}},\"fullname\":{\"edit\":{\"label\":\"fullname\",\"description\":\"\",\"placeholder\":\"\",\"visible\":true,\"editable\":true},\"list\":{\"label\":\"fullname\",\"searchable\":true,\"sortable\":true}},\"phone\":{\"edit\":{\"label\":\"phone\",\"description\":\"\",\"placeholder\":\"\",\"visible\":true,\"editable\":true},\"list\":{\"label\":\"phone\",\"searchable\":true,\"sortable\":true}},\"createdAt\":{\"edit\":{\"label\":\"createdAt\",\"description\":\"\",\"placeholder\":\"\",\"visible\":false,\"editable\":true},\"list\":{\"label\":\"createdAt\",\"searchable\":true,\"sortable\":true}},\"updatedAt\":{\"edit\":{\"label\":\"updatedAt\",\"description\":\"\",\"placeholder\":\"\",\"visible\":false,\"editable\":true},\"list\":{\"label\":\"updatedAt\",\"searchable\":true,\"sortable\":true}}},\"layouts\":{\"edit\":[[{\"name\":\"subject\",\"size\":6},{\"name\":\"email\",\"size\":6}],[{\"name\":\"message\",\"size\":6},{\"name\":\"reason\",\"size\":6}],[{\"name\":\"fullname\",\"size\":6},{\"name\":\"phone\",\"size\":6}]],\"editRelations\":[],\"list\":[\"createdAt\",\"id\",\"subject\",\"email\",\"message\"]}}','object',NULL,NULL),(46,'plugin_content_manager_configuration_content_types::api::send-money.send-money','{\"uid\":\"api::send-money.send-money\",\"settings\":{\"bulkable\":true,\"filterable\":true,\"searchable\":true,\"pageSize\":10,\"mainField\":\"title\",\"defaultSortBy\":\"title\",\"defaultSortOrder\":\"ASC\"},\"metadatas\":{\"id\":{\"edit\":{},\"list\":{\"label\":\"id\",\"searchable\":true,\"sortable\":true}},\"title\":{\"edit\":{\"label\":\"title\",\"description\":\"\",\"placeholder\":\"\",\"visible\":true,\"editable\":true},\"list\":{\"label\":\"title\",\"searchable\":true,\"sortable\":true}},\"cover\":{\"edit\":{\"label\":\"cover\",\"description\":\"\",\"placeholder\":\"\",\"visible\":true,\"editable\":true},\"list\":{\"label\":\"cover\",\"searchable\":false,\"sortable\":false}},\"subtitle\":{\"edit\":{\"label\":\"subtitle\",\"description\":\"\",\"placeholder\":\"\",\"visible\":true,\"editable\":true},\"list\":{\"label\":\"subtitle\",\"searchable\":true,\"sortable\":true}},\"createdAt\":{\"edit\":{\"label\":\"createdAt\",\"description\":\"\",\"placeholder\":\"\",\"visible\":false,\"editable\":true},\"list\":{\"label\":\"createdAt\",\"searchable\":true,\"sortable\":true}},\"updatedAt\":{\"edit\":{\"label\":\"updatedAt\",\"description\":\"\",\"placeholder\":\"\",\"visible\":false,\"editable\":true},\"list\":{\"label\":\"updatedAt\",\"searchable\":true,\"sortable\":true}}},\"layouts\":{\"list\":[\"id\",\"title\",\"cover\",\"subtitle\"],\"edit\":[[{\"name\":\"title\",\"size\":6},{\"name\":\"cover\",\"size\":6}],[{\"name\":\"subtitle\",\"size\":6}]],\"editRelations\":[]}}','object',NULL,NULL),(47,'plugin_content_manager_configuration_content_types::api::admin-setting.admin-setting','{\"uid\":\"api::admin-setting.admin-setting\",\"settings\":{\"bulkable\":true,\"filterable\":true,\"searchable\":true,\"pageSize\":10,\"mainField\":\"exchange_rate\",\"defaultSortBy\":\"exchange_rate\",\"defaultSortOrder\":\"ASC\"},\"metadatas\":{\"id\":{\"edit\":{},\"list\":{\"label\":\"id\",\"searchable\":true,\"sortable\":true}},\"exchange_rate\":{\"edit\":{\"label\":\"exchange_rate\",\"description\":\"\",\"placeholder\":\"\",\"visible\":true,\"editable\":true},\"list\":{\"label\":\"exchange_rate\",\"searchable\":true,\"sortable\":true}},\"currency\":{\"edit\":{\"label\":\"currency\",\"description\":\"\",\"placeholder\":\"\",\"visible\":true,\"editable\":true},\"list\":{\"label\":\"currency\",\"searchable\":true,\"sortable\":true}},\"default_receiver_currency\":{\"edit\":{\"label\":\"default_receiver_currency\",\"description\":\"\",\"placeholder\":\"\",\"visible\":true,\"editable\":true},\"list\":{\"label\":\"default_receiver_currency\",\"searchable\":true,\"sortable\":true}},\"default_sender_currency\":{\"edit\":{\"label\":\"default_sender_currency\",\"description\":\"\",\"placeholder\":\"\",\"visible\":true,\"editable\":true},\"list\":{\"label\":\"default_sender_currency\",\"searchable\":true,\"sortable\":true}},\"interac_email\":{\"edit\":{\"label\":\"interac_email\",\"description\":\"\",\"placeholder\":\"\",\"visible\":true,\"editable\":true},\"list\":{\"label\":\"interac_email\",\"searchable\":true,\"sortable\":true}},\"interac_phone\":{\"edit\":{\"label\":\"interac_phone\",\"description\":\"\",\"placeholder\":\"\",\"visible\":true,\"editable\":true},\"list\":{\"label\":\"interac_phone\",\"searchable\":true,\"sortable\":true}},\"max_sender_money\":{\"edit\":{\"label\":\"max_sender_money\",\"description\":\"\",\"placeholder\":\"\",\"visible\":true,\"editable\":true},\"list\":{\"label\":\"max_sender_money\",\"searchable\":true,\"sortable\":true}},\"min_sender_money\":{\"edit\":{\"label\":\"min_sender_money\",\"description\":\"\",\"placeholder\":\"\",\"visible\":true,\"editable\":true},\"list\":{\"label\":\"min_sender_money\",\"searchable\":true,\"sortable\":true}},\"createdAt\":{\"edit\":{\"label\":\"createdAt\",\"description\":\"\",\"placeholder\":\"\",\"visible\":false,\"editable\":true},\"list\":{\"label\":\"createdAt\",\"searchable\":true,\"sortable\":true}},\"updatedAt\":{\"edit\":{\"label\":\"updatedAt\",\"description\":\"\",\"placeholder\":\"\",\"visible\":false,\"editable\":true},\"list\":{\"label\":\"updatedAt\",\"searchable\":true,\"sortable\":true}}},\"layouts\":{\"list\":[\"id\",\"exchange_rate\",\"createdAt\",\"updatedAt\"],\"edit\":[[{\"name\":\"exchange_rate\",\"size\":6},{\"name\":\"currency\",\"size\":6}],[{\"name\":\"default_receiver_currency\",\"size\":6},{\"name\":\"default_sender_currency\",\"size\":6}],[{\"name\":\"interac_email\",\"size\":6},{\"name\":\"interac_phone\",\"size\":6}],[{\"name\":\"max_sender_money\",\"size\":4},{\"name\":\"min_sender_money\",\"size\":4}]],\"editRelations\":[]}}','object',NULL,NULL),(48,'plugin_content_manager_configuration_content_types::api::faq-question.faq-question','{\"uid\":\"api::faq-question.faq-question\",\"settings\":{\"bulkable\":true,\"filterable\":true,\"searchable\":true,\"pageSize\":10,\"mainField\":\"question\",\"defaultSortBy\":\"question\",\"defaultSortOrder\":\"ASC\"},\"metadatas\":{\"id\":{\"edit\":{},\"list\":{\"label\":\"id\",\"searchable\":true,\"sortable\":true}},\"question\":{\"edit\":{\"label\":\"question\",\"description\":\"\",\"placeholder\":\"\",\"visible\":true,\"editable\":true},\"list\":{\"label\":\"question\",\"searchable\":true,\"sortable\":true}},\"response\":{\"edit\":{\"label\":\"response\",\"description\":\"\",\"placeholder\":\"\",\"visible\":true,\"editable\":true},\"list\":{\"label\":\"response\",\"searchable\":true,\"sortable\":true}},\"createdAt\":{\"edit\":{\"label\":\"createdAt\",\"description\":\"\",\"placeholder\":\"\",\"visible\":false,\"editable\":true},\"list\":{\"label\":\"createdAt\",\"searchable\":true,\"sortable\":true}},\"updatedAt\":{\"edit\":{\"label\":\"updatedAt\",\"description\":\"\",\"placeholder\":\"\",\"visible\":false,\"editable\":true},\"list\":{\"label\":\"updatedAt\",\"searchable\":true,\"sortable\":true}}},\"layouts\":{\"list\":[\"id\",\"response\",\"createdAt\",\"question\"],\"edit\":[[{\"name\":\"response\",\"size\":6},{\"name\":\"question\",\"size\":6}]],\"editRelations\":[]}}','object',NULL,NULL),(49,'plugin_content_manager_configuration_content_types::api::bank.bank','{\"uid\":\"api::bank.bank\",\"settings\":{\"bulkable\":true,\"filterable\":true,\"searchable\":true,\"pageSize\":10,\"mainField\":\"name\",\"defaultSortBy\":\"name\",\"defaultSortOrder\":\"ASC\"},\"metadatas\":{\"id\":{\"edit\":{},\"list\":{\"label\":\"id\",\"searchable\":true,\"sortable\":true}},\"name\":{\"edit\":{\"label\":\"name\",\"description\":\"\",\"placeholder\":\"\",\"visible\":true,\"editable\":true},\"list\":{\"label\":\"name\",\"searchable\":true,\"sortable\":true}},\"active\":{\"edit\":{\"label\":\"active\",\"description\":\"\",\"placeholder\":\"\",\"visible\":true,\"editable\":true},\"list\":{\"label\":\"active\",\"searchable\":true,\"sortable\":true}},\"createdAt\":{\"edit\":{\"label\":\"createdAt\",\"description\":\"\",\"placeholder\":\"\",\"visible\":false,\"editable\":true},\"list\":{\"label\":\"createdAt\",\"searchable\":true,\"sortable\":true}},\"updatedAt\":{\"edit\":{\"label\":\"updatedAt\",\"description\":\"\",\"placeholder\":\"\",\"visible\":false,\"editable\":true},\"list\":{\"label\":\"updatedAt\",\"searchable\":true,\"sortable\":true}}},\"layouts\":{\"list\":[\"id\",\"name\",\"active\",\"createdAt\"],\"editRelations\":[],\"edit\":[[{\"name\":\"name\",\"size\":6},{\"name\":\"active\",\"size\":6}]]}}','object',NULL,NULL);
/*!40000 ALTER TABLE `strapi_core_store_settings` ENABLE KEYS */;
UNLOCK TABLES;

--
-- Table structure for table `strapi_database_schema`
--

DROP TABLE IF EXISTS `strapi_database_schema`;
/*!40101 SET @saved_cs_client     = @@character_set_client */;
/*!40101 SET character_set_client = utf8 */;
CREATE TABLE `strapi_database_schema` (
  `id` int(10) unsigned NOT NULL AUTO_INCREMENT,
  `schema` longtext CHARACTER SET utf8mb4 COLLATE utf8mb4_bin DEFAULT NULL,
  `time` datetime DEFAULT NULL,
  `hash` varchar(255) DEFAULT NULL,
  PRIMARY KEY (`id`)
) ENGINE=InnoDB AUTO_INCREMENT=111 DEFAULT CHARSET=utf8mb4;
/*!40101 SET character_set_client = @saved_cs_client */;

--
-- Dumping data for table `strapi_database_schema`
--

LOCK TABLES `strapi_database_schema` WRITE;
/*!40000 ALTER TABLE `strapi_database_schema` DISABLE KEYS */;
INSERT INTO `strapi_database_schema` VALUES (110,'{\"tables\":[{\"name\":\"strapi_core_store_settings\",\"indexes\":[],\"foreignKeys\":[],\"columns\":[{\"name\":\"id\",\"type\":\"increments\",\"args\":[{\"primary\":true,\"primaryKey\":true}],\"defaultTo\":null,\"notNullable\":true,\"unsigned\":false},{\"name\":\"key\",\"type\":\"string\",\"args\":[],\"defaultTo\":null,\"notNullable\":false,\"unsigned\":false},{\"name\":\"value\",\"type\":\"text\",\"args\":[\"longtext\"],\"defaultTo\":null,\"notNullable\":false,\"unsigned\":false},{\"name\":\"type\",\"type\":\"string\",\"args\":[],\"defaultTo\":null,\"notNullable\":false,\"unsigned\":false},{\"name\":\"environment\",\"type\":\"string\",\"args\":[],\"defaultTo\":null,\"notNullable\":false,\"unsigned\":false},{\"name\":\"tag\",\"type\":\"string\",\"args\":[],\"defaultTo\":null,\"notNullable\":false,\"unsigned\":false}]},{\"name\":\"strapi_webhooks\",\"indexes\":[],\"foreignKeys\":[],\"columns\":[{\"name\":\"id\",\"type\":\"increments\",\"args\":[{\"primary\":true,\"primaryKey\":true}],\"defaultTo\":null,\"notNullable\":true,\"unsigned\":false},{\"name\":\"name\",\"type\":\"string\",\"args\":[],\"defaultTo\":null,\"notNullable\":false,\"unsigned\":false},{\"name\":\"url\",\"type\":\"text\",\"args\":[\"longtext\"],\"defaultTo\":null,\"notNullable\":false,\"unsigned\":false},{\"name\":\"headers\",\"type\":\"jsonb\",\"args\":[],\"defaultTo\":null,\"notNullable\":false,\"unsigned\":false},{\"name\":\"events\",\"type\":\"jsonb\",\"args\":[],\"defaultTo\":null,\"notNullable\":false,\"unsigned\":false},{\"name\":\"enabled\",\"type\":\"boolean\",\"args\":[],\"defaultTo\":null,\"notNullable\":false,\"unsigned\":false}]},{\"name\":\"admin_permissions\",\"indexes\":[{\"name\":\"admin_permissions_created_by_id_fk\",\"columns\":[\"created_by_id\"]},{\"name\":\"admin_permissions_updated_by_id_fk\",\"columns\":[\"updated_by_id\"]}],\"foreignKeys\":[{\"name\":\"admin_permissions_created_by_id_fk\",\"columns\":[\"created_by_id\"],\"referencedTable\":\"admin_users\",\"referencedColumns\":[\"id\"],\"onDelete\":\"SET NULL\"},{\"name\":\"admin_permissions_updated_by_id_fk\",\"columns\":[\"updated_by_id\"],\"referencedTable\":\"admin_users\",\"referencedColumns\":[\"id\"],\"onDelete\":\"SET NULL\"}],\"columns\":[{\"name\":\"id\",\"type\":\"increments\",\"args\":[{\"primary\":true,\"primaryKey\":true}],\"defaultTo\":null,\"notNullable\":true,\"unsigned\":false},{\"name\":\"action\",\"type\":\"string\",\"args\":[],\"defaultTo\":null,\"notNullable\":false,\"unsigned\":false},{\"name\":\"subject\",\"type\":\"string\",\"args\":[],\"defaultTo\":null,\"notNullable\":false,\"unsigned\":false},{\"name\":\"properties\",\"type\":\"jsonb\",\"args\":[],\"defaultTo\":null,\"notNullable\":false,\"unsigned\":false},{\"name\":\"conditions\",\"type\":\"jsonb\",\"args\":[],\"defaultTo\":null,\"notNullable\":false,\"unsigned\":false},{\"name\":\"created_at\",\"type\":\"datetime\",\"args\":[{\"useTz\":false,\"precision\":6}],\"defaultTo\":null,\"notNullable\":false,\"unsigned\":false},{\"name\":\"updated_at\",\"type\":\"datetime\",\"args\":[{\"useTz\":false,\"precision\":6}],\"defaultTo\":null,\"notNullable\":false,\"unsigned\":false},{\"name\":\"created_by_id\",\"type\":\"integer\",\"args\":[],\"defaultTo\":null,\"notNullable\":false,\"unsigned\":true},{\"name\":\"updated_by_id\",\"type\":\"integer\",\"args\":[],\"defaultTo\":null,\"notNullable\":false,\"unsigned\":true}]},{\"name\":\"admin_users\",\"indexes\":[{\"name\":\"admin_users_created_by_id_fk\",\"columns\":[\"created_by_id\"]},{\"name\":\"admin_users_updated_by_id_fk\",\"columns\":[\"updated_by_id\"]}],\"foreignKeys\":[{\"name\":\"admin_users_created_by_id_fk\",\"columns\":[\"created_by_id\"],\"referencedTable\":\"admin_users\",\"referencedColumns\":[\"id\"],\"onDelete\":\"SET NULL\"},{\"name\":\"admin_users_updated_by_id_fk\",\"columns\":[\"updated_by_id\"],\"referencedTable\":\"admin_users\",\"referencedColumns\":[\"id\"],\"onDelete\":\"SET NULL\"}],\"columns\":[{\"name\":\"id\",\"type\":\"increments\",\"args\":[{\"primary\":true,\"primaryKey\":true}],\"defaultTo\":null,\"notNullable\":true,\"unsigned\":false},{\"name\":\"firstname\",\"type\":\"string\",\"args\":[],\"defaultTo\":null,\"notNullable\":false,\"unsigned\":false},{\"name\":\"lastname\",\"type\":\"string\",\"args\":[],\"defaultTo\":null,\"notNullable\":false,\"unsigned\":false},{\"name\":\"username\",\"type\":\"string\",\"args\":[],\"defaultTo\":null,\"notNullable\":false,\"unsigned\":false},{\"name\":\"email\",\"type\":\"string\",\"args\":[],\"defaultTo\":null,\"notNullable\":false,\"unsigned\":false},{\"name\":\"password\",\"type\":\"string\",\"args\":[],\"defaultTo\":null,\"notNullable\":false,\"unsigned\":false},{\"name\":\"reset_password_token\",\"type\":\"string\",\"args\":[],\"defaultTo\":null,\"notNullable\":false,\"unsigned\":false},{\"name\":\"registration_token\",\"type\":\"string\",\"args\":[],\"defaultTo\":null,\"notNullable\":false,\"unsigned\":false},{\"name\":\"is_active\",\"type\":\"boolean\",\"args\":[],\"defaultTo\":null,\"notNullable\":false,\"unsigned\":false},{\"name\":\"blocked\",\"type\":\"boolean\",\"args\":[],\"defaultTo\":null,\"notNullable\":false,\"unsigned\":false},{\"name\":\"prefered_language\",\"type\":\"string\",\"args\":[],\"defaultTo\":null,\"notNullable\":false,\"unsigned\":false},{\"name\":\"created_at\",\"type\":\"datetime\",\"args\":[{\"useTz\":false,\"precision\":6}],\"defaultTo\":null,\"notNullable\":false,\"unsigned\":false},{\"name\":\"updated_at\",\"type\":\"datetime\",\"args\":[{\"useTz\":false,\"precision\":6}],\"defaultTo\":null,\"notNullable\":false,\"unsigned\":false},{\"name\":\"created_by_id\",\"type\":\"integer\",\"args\":[],\"defaultTo\":null,\"notNullable\":false,\"unsigned\":true},{\"name\":\"updated_by_id\",\"type\":\"integer\",\"args\":[],\"defaultTo\":null,\"notNullable\":false,\"unsigned\":true}]},{\"name\":\"admin_roles\",\"indexes\":[{\"name\":\"admin_roles_created_by_id_fk\",\"columns\":[\"created_by_id\"]},{\"name\":\"admin_roles_updated_by_id_fk\",\"columns\":[\"updated_by_id\"]}],\"foreignKeys\":[{\"name\":\"admin_roles_created_by_id_fk\",\"columns\":[\"created_by_id\"],\"referencedTable\":\"admin_users\",\"referencedColumns\":[\"id\"],\"onDelete\":\"SET NULL\"},{\"name\":\"admin_roles_updated_by_id_fk\",\"columns\":[\"updated_by_id\"],\"referencedTable\":\"admin_users\",\"referencedColumns\":[\"id\"],\"onDelete\":\"SET NULL\"}],\"columns\":[{\"name\":\"id\",\"type\":\"increments\",\"args\":[{\"primary\":true,\"primaryKey\":true}],\"defaultTo\":null,\"notNullable\":true,\"unsigned\":false},{\"name\":\"name\",\"type\":\"string\",\"args\":[],\"defaultTo\":null,\"notNullable\":false,\"unsigned\":false},{\"name\":\"code\",\"type\":\"string\",\"args\":[],\"defaultTo\":null,\"notNullable\":false,\"unsigned\":false},{\"name\":\"description\",\"type\":\"string\",\"args\":[],\"defaultTo\":null,\"notNullable\":false,\"unsigned\":false},{\"name\":\"created_at\",\"type\":\"datetime\",\"args\":[{\"useTz\":false,\"precision\":6}],\"defaultTo\":null,\"notNullable\":false,\"unsigned\":false},{\"name\":\"updated_at\",\"type\":\"datetime\",\"args\":[{\"useTz\":false,\"precision\":6}],\"defaultTo\":null,\"notNullable\":false,\"unsigned\":false},{\"name\":\"created_by_id\",\"type\":\"integer\",\"args\":[],\"defaultTo\":null,\"notNullable\":false,\"unsigned\":true},{\"name\":\"updated_by_id\",\"type\":\"integer\",\"args\":[],\"defaultTo\":null,\"notNullable\":false,\"unsigned\":true}]},{\"name\":\"strapi_api_tokens\",\"indexes\":[{\"name\":\"strapi_api_tokens_created_by_id_fk\",\"columns\":[\"created_by_id\"]},{\"name\":\"strapi_api_tokens_updated_by_id_fk\",\"columns\":[\"updated_by_id\"]}],\"foreignKeys\":[{\"name\":\"strapi_api_tokens_created_by_id_fk\",\"columns\":[\"created_by_id\"],\"referencedTable\":\"admin_users\",\"referencedColumns\":[\"id\"],\"onDelete\":\"SET NULL\"},{\"name\":\"strapi_api_tokens_updated_by_id_fk\",\"columns\":[\"updated_by_id\"],\"referencedTable\":\"admin_users\",\"referencedColumns\":[\"id\"],\"onDelete\":\"SET NULL\"}],\"columns\":[{\"name\":\"id\",\"type\":\"increments\",\"args\":[{\"primary\":true,\"primaryKey\":true}],\"defaultTo\":null,\"notNullable\":true,\"unsigned\":false},{\"name\":\"name\",\"type\":\"string\",\"args\":[],\"defaultTo\":null,\"notNullable\":false,\"unsigned\":false},{\"name\":\"description\",\"type\":\"string\",\"args\":[],\"defaultTo\":null,\"notNullable\":false,\"unsigned\":false},{\"name\":\"type\",\"type\":\"string\",\"args\":[],\"defaultTo\":null,\"notNullable\":false,\"unsigned\":false},{\"name\":\"access_key\",\"type\":\"string\",\"args\":[],\"defaultTo\":null,\"notNullable\":false,\"unsigned\":false},{\"name\":\"created_at\",\"type\":\"datetime\",\"args\":[{\"useTz\":false,\"precision\":6}],\"defaultTo\":null,\"notNullable\":false,\"unsigned\":false},{\"name\":\"updated_at\",\"type\":\"datetime\",\"args\":[{\"useTz\":false,\"precision\":6}],\"defaultTo\":null,\"notNullable\":false,\"unsigned\":false},{\"name\":\"created_by_id\",\"type\":\"integer\",\"args\":[],\"defaultTo\":null,\"notNullable\":false,\"unsigned\":true},{\"name\":\"updated_by_id\",\"type\":\"integer\",\"args\":[],\"defaultTo\":null,\"notNullable\":false,\"unsigned\":true}]},{\"name\":\"files\",\"indexes\":[{\"name\":\"files_created_by_id_fk\",\"columns\":[\"created_by_id\"]},{\"name\":\"files_updated_by_id_fk\",\"columns\":[\"updated_by_id\"]}],\"foreignKeys\":[{\"name\":\"files_created_by_id_fk\",\"columns\":[\"created_by_id\"],\"referencedTable\":\"admin_users\",\"referencedColumns\":[\"id\"],\"onDelete\":\"SET NULL\"},{\"name\":\"files_updated_by_id_fk\",\"columns\":[\"updated_by_id\"],\"referencedTable\":\"admin_users\",\"referencedColumns\":[\"id\"],\"onDelete\":\"SET NULL\"}],\"columns\":[{\"name\":\"id\",\"type\":\"increments\",\"args\":[{\"primary\":true,\"primaryKey\":true}],\"defaultTo\":null,\"notNullable\":true,\"unsigned\":false},{\"name\":\"name\",\"type\":\"string\",\"args\":[],\"defaultTo\":null,\"notNullable\":false,\"unsigned\":false},{\"name\":\"alternative_text\",\"type\":\"string\",\"args\":[],\"defaultTo\":null,\"notNullable\":false,\"unsigned\":false},{\"name\":\"caption\",\"type\":\"string\",\"args\":[],\"defaultTo\":null,\"notNullable\":false,\"unsigned\":false},{\"name\":\"width\",\"type\":\"integer\",\"args\":[],\"defaultTo\":null,\"notNullable\":false,\"unsigned\":false},{\"name\":\"height\",\"type\":\"integer\",\"args\":[],\"defaultTo\":null,\"notNullable\":false,\"unsigned\":false},{\"name\":\"formats\",\"type\":\"jsonb\",\"args\":[],\"defaultTo\":null,\"notNullable\":false,\"unsigned\":false},{\"name\":\"hash\",\"type\":\"string\",\"args\":[],\"defaultTo\":null,\"notNullable\":false,\"unsigned\":false},{\"name\":\"ext\",\"type\":\"string\",\"args\":[],\"defaultTo\":null,\"notNullable\":false,\"unsigned\":false},{\"name\":\"mime\",\"type\":\"string\",\"args\":[],\"defaultTo\":null,\"notNullable\":false,\"unsigned\":false},{\"name\":\"size\",\"type\":\"decimal\",\"args\":[10,2],\"defaultTo\":null,\"notNullable\":false,\"unsigned\":false},{\"name\":\"url\",\"type\":\"string\",\"args\":[],\"defaultTo\":null,\"notNullable\":false,\"unsigned\":false},{\"name\":\"preview_url\",\"type\":\"string\",\"args\":[],\"defaultTo\":null,\"notNullable\":false,\"unsigned\":false},{\"name\":\"provider\",\"type\":\"string\",\"args\":[],\"defaultTo\":null,\"notNullable\":false,\"unsigned\":false},{\"name\":\"provider_metadata\",\"type\":\"jsonb\",\"args\":[],\"defaultTo\":null,\"notNullable\":false,\"unsigned\":false},{\"name\":\"created_at\",\"type\":\"datetime\",\"args\":[{\"useTz\":false,\"precision\":6}],\"defaultTo\":null,\"notNullable\":false,\"unsigned\":false},{\"name\":\"updated_at\",\"type\":\"datetime\",\"args\":[{\"useTz\":false,\"precision\":6}],\"defaultTo\":null,\"notNullable\":false,\"unsigned\":false},{\"name\":\"created_by_id\",\"type\":\"integer\",\"args\":[],\"defaultTo\":null,\"notNullable\":false,\"unsigned\":true},{\"name\":\"updated_by_id\",\"type\":\"integer\",\"args\":[],\"defaultTo\":null,\"notNullable\":false,\"unsigned\":true}]},{\"name\":\"i18n_locale\",\"indexes\":[{\"name\":\"i18n_locale_created_by_id_fk\",\"columns\":[\"created_by_id\"]},{\"name\":\"i18n_locale_updated_by_id_fk\",\"columns\":[\"updated_by_id\"]}],\"foreignKeys\":[{\"name\":\"i18n_locale_created_by_id_fk\",\"columns\":[\"created_by_id\"],\"referencedTable\":\"admin_users\",\"referencedColumns\":[\"id\"],\"onDelete\":\"SET NULL\"},{\"name\":\"i18n_locale_updated_by_id_fk\",\"columns\":[\"updated_by_id\"],\"referencedTable\":\"admin_users\",\"referencedColumns\":[\"id\"],\"onDelete\":\"SET NULL\"}],\"columns\":[{\"name\":\"id\",\"type\":\"increments\",\"args\":[{\"primary\":true,\"primaryKey\":true}],\"defaultTo\":null,\"notNullable\":true,\"unsigned\":false},{\"name\":\"name\",\"type\":\"string\",\"args\":[],\"defaultTo\":null,\"notNullable\":false,\"unsigned\":false},{\"name\":\"code\",\"type\":\"string\",\"args\":[],\"defaultTo\":null,\"notNullable\":false,\"unsigned\":false},{\"name\":\"created_at\",\"type\":\"datetime\",\"args\":[{\"useTz\":false,\"precision\":6}],\"defaultTo\":null,\"notNullable\":false,\"unsigned\":false},{\"name\":\"updated_at\",\"type\":\"datetime\",\"args\":[{\"useTz\":false,\"precision\":6}],\"defaultTo\":null,\"notNullable\":false,\"unsigned\":false},{\"name\":\"created_by_id\",\"type\":\"integer\",\"args\":[],\"defaultTo\":null,\"notNullable\":false,\"unsigned\":true},{\"name\":\"updated_by_id\",\"type\":\"integer\",\"args\":[],\"defaultTo\":null,\"notNullable\":false,\"unsigned\":true}]},{\"name\":\"up_permissions\",\"indexes\":[{\"name\":\"up_permissions_created_by_id_fk\",\"columns\":[\"created_by_id\"]},{\"name\":\"up_permissions_updated_by_id_fk\",\"columns\":[\"updated_by_id\"]}],\"foreignKeys\":[{\"name\":\"up_permissions_created_by_id_fk\",\"columns\":[\"created_by_id\"],\"referencedTable\":\"admin_users\",\"referencedColumns\":[\"id\"],\"onDelete\":\"SET NULL\"},{\"name\":\"up_permissions_updated_by_id_fk\",\"columns\":[\"updated_by_id\"],\"referencedTable\":\"admin_users\",\"referencedColumns\":[\"id\"],\"onDelete\":\"SET NULL\"}],\"columns\":[{\"name\":\"id\",\"type\":\"increments\",\"args\":[{\"primary\":true,\"primaryKey\":true}],\"defaultTo\":null,\"notNullable\":true,\"unsigned\":false},{\"name\":\"action\",\"type\":\"string\",\"args\":[],\"defaultTo\":null,\"notNullable\":false,\"unsigned\":false},{\"name\":\"created_at\",\"type\":\"datetime\",\"args\":[{\"useTz\":false,\"precision\":6}],\"defaultTo\":null,\"notNullable\":false,\"unsigned\":false},{\"name\":\"updated_at\",\"type\":\"datetime\",\"args\":[{\"useTz\":false,\"precision\":6}],\"defaultTo\":null,\"notNullable\":false,\"unsigned\":false},{\"name\":\"created_by_id\",\"type\":\"integer\",\"args\":[],\"defaultTo\":null,\"notNullable\":false,\"unsigned\":true},{\"name\":\"updated_by_id\",\"type\":\"integer\",\"args\":[],\"defaultTo\":null,\"notNullable\":false,\"unsigned\":true}]},{\"name\":\"up_roles\",\"indexes\":[{\"name\":\"up_roles_created_by_id_fk\",\"columns\":[\"created_by_id\"]},{\"name\":\"up_roles_updated_by_id_fk\",\"columns\":[\"updated_by_id\"]}],\"foreignKeys\":[{\"name\":\"up_roles_created_by_id_fk\",\"columns\":[\"created_by_id\"],\"referencedTable\":\"admin_users\",\"referencedColumns\":[\"id\"],\"onDelete\":\"SET NULL\"},{\"name\":\"up_roles_updated_by_id_fk\",\"columns\":[\"updated_by_id\"],\"referencedTable\":\"admin_users\",\"referencedColumns\":[\"id\"],\"onDelete\":\"SET NULL\"}],\"columns\":[{\"name\":\"id\",\"type\":\"increments\",\"args\":[{\"primary\":true,\"primaryKey\":true}],\"defaultTo\":null,\"notNullable\":true,\"unsigned\":false},{\"name\":\"name\",\"type\":\"string\",\"args\":[],\"defaultTo\":null,\"notNullable\":false,\"unsigned\":false},{\"name\":\"description\",\"type\":\"string\",\"args\":[],\"defaultTo\":null,\"notNullable\":false,\"unsigned\":false},{\"name\":\"type\",\"type\":\"string\",\"args\":[],\"defaultTo\":null,\"notNullable\":false,\"unsigned\":false},{\"name\":\"created_at\",\"type\":\"datetime\",\"args\":[{\"useTz\":false,\"precision\":6}],\"defaultTo\":null,\"notNullable\":false,\"unsigned\":false},{\"name\":\"updated_at\",\"type\":\"datetime\",\"args\":[{\"useTz\":false,\"precision\":6}],\"defaultTo\":null,\"notNullable\":false,\"unsigned\":false},{\"name\":\"created_by_id\",\"type\":\"integer\",\"args\":[],\"defaultTo\":null,\"notNullable\":false,\"unsigned\":true},{\"name\":\"updated_by_id\",\"type\":\"integer\",\"args\":[],\"defaultTo\":null,\"notNullable\":false,\"unsigned\":true}]},{\"name\":\"up_users\",\"indexes\":[{\"name\":\"up_users_created_by_id_fk\",\"columns\":[\"created_by_id\"]},{\"name\":\"up_users_updated_by_id_fk\",\"columns\":[\"updated_by_id\"]}],\"foreignKeys\":[{\"name\":\"up_users_created_by_id_fk\",\"columns\":[\"created_by_id\"],\"referencedTable\":\"admin_users\",\"referencedColumns\":[\"id\"],\"onDelete\":\"SET NULL\"},{\"name\":\"up_users_updated_by_id_fk\",\"columns\":[\"updated_by_id\"],\"referencedTable\":\"admin_users\",\"referencedColumns\":[\"id\"],\"onDelete\":\"SET NULL\"}],\"columns\":[{\"name\":\"id\",\"type\":\"increments\",\"args\":[{\"primary\":true,\"primaryKey\":true}],\"defaultTo\":null,\"notNullable\":true,\"unsigned\":false},{\"name\":\"username\",\"type\":\"string\",\"args\":[],\"defaultTo\":null,\"notNullable\":false,\"unsigned\":false},{\"name\":\"email\",\"type\":\"string\",\"args\":[],\"defaultTo\":null,\"notNullable\":false,\"unsigned\":false},{\"name\":\"provider\",\"type\":\"string\",\"args\":[],\"defaultTo\":null,\"notNullable\":false,\"unsigned\":false},{\"name\":\"password\",\"type\":\"string\",\"args\":[],\"defaultTo\":null,\"notNullable\":false,\"unsigned\":false},{\"name\":\"reset_password_token\",\"type\":\"string\",\"args\":[],\"defaultTo\":null,\"notNullable\":false,\"unsigned\":false},{\"name\":\"confirmation_token\",\"type\":\"string\",\"args\":[],\"defaultTo\":null,\"notNullable\":false,\"unsigned\":false},{\"name\":\"confirmed\",\"type\":\"boolean\",\"args\":[],\"defaultTo\":null,\"notNullable\":false,\"unsigned\":false},{\"name\":\"blocked\",\"type\":\"boolean\",\"args\":[],\"defaultTo\":null,\"notNullable\":false,\"unsigned\":false},{\"name\":\"address\",\"type\":\"string\",\"args\":[],\"defaultTo\":null,\"notNullable\":false,\"unsigned\":false},{\"name\":\"cellphone\",\"type\":\"string\",\"args\":[],\"defaultTo\":null,\"notNullable\":false,\"unsigned\":false},{\"name\":\"other_phone\",\"type\":\"string\",\"args\":[],\"defaultTo\":null,\"notNullable\":false,\"unsigned\":false},{\"name\":\"city\",\"type\":\"string\",\"args\":[],\"defaultTo\":null,\"notNullable\":false,\"unsigned\":false},{\"name\":\"firstname\",\"type\":\"string\",\"args\":[],\"defaultTo\":null,\"notNullable\":false,\"unsigned\":false},{\"name\":\"lastname\",\"type\":\"string\",\"args\":[],\"defaultTo\":null,\"notNullable\":false,\"unsigned\":false},{\"name\":\"gender\",\"type\":\"string\",\"args\":[],\"defaultTo\":null,\"notNullable\":false,\"unsigned\":false},{\"name\":\"created_at\",\"type\":\"datetime\",\"args\":[{\"useTz\":false,\"precision\":6}],\"defaultTo\":null,\"notNullable\":false,\"unsigned\":false},{\"name\":\"updated_at\",\"type\":\"datetime\",\"args\":[{\"useTz\":false,\"precision\":6}],\"defaultTo\":null,\"notNullable\":false,\"unsigned\":false},{\"name\":\"created_by_id\",\"type\":\"integer\",\"args\":[],\"defaultTo\":null,\"notNullable\":false,\"unsigned\":true},{\"name\":\"updated_by_id\",\"type\":\"integer\",\"args\":[],\"defaultTo\":null,\"notNullable\":false,\"unsigned\":true}]},{\"name\":\"ezforms_submission\",\"indexes\":[{\"name\":\"ezforms_submission_created_by_id_fk\",\"columns\":[\"created_by_id\"]},{\"name\":\"ezforms_submission_updated_by_id_fk\",\"columns\":[\"updated_by_id\"]}],\"foreignKeys\":[{\"name\":\"ezforms_submission_created_by_id_fk\",\"columns\":[\"created_by_id\"],\"referencedTable\":\"admin_users\",\"referencedColumns\":[\"id\"],\"onDelete\":\"SET NULL\"},{\"name\":\"ezforms_submission_updated_by_id_fk\",\"columns\":[\"updated_by_id\"],\"referencedTable\":\"admin_users\",\"referencedColumns\":[\"id\"],\"onDelete\":\"SET NULL\"}],\"columns\":[{\"name\":\"id\",\"type\":\"increments\",\"args\":[{\"primary\":true,\"primaryKey\":true}],\"defaultTo\":null,\"notNullable\":true,\"unsigned\":false},{\"name\":\"score\",\"type\":\"string\",\"args\":[],\"defaultTo\":null,\"notNullable\":false,\"unsigned\":false},{\"name\":\"data\",\"type\":\"jsonb\",\"args\":[],\"defaultTo\":null,\"notNullable\":false,\"unsigned\":false},{\"name\":\"contact_name_lbl\",\"type\":\"string\",\"args\":[],\"defaultTo\":null,\"notNullable\":false,\"unsigned\":false},{\"name\":\"contact_name\",\"type\":\"jsonb\",\"args\":[],\"defaultTo\":null,\"notNullable\":false,\"unsigned\":false},{\"name\":\"contact_email_lbl\",\"type\":\"string\",\"args\":[],\"defaultTo\":null,\"notNullable\":false,\"unsigned\":false},{\"name\":\"contact_email\",\"type\":\"jsonb\",\"args\":[],\"defaultTo\":null,\"notNullable\":false,\"unsigned\":false},{\"name\":\"contact_content_lbl\",\"type\":\"string\",\"args\":[],\"defaultTo\":null,\"notNullable\":false,\"unsigned\":false},{\"name\":\"created_at\",\"type\":\"datetime\",\"args\":[{\"useTz\":false,\"precision\":6}],\"defaultTo\":null,\"notNullable\":false,\"unsigned\":false},{\"name\":\"updated_at\",\"type\":\"datetime\",\"args\":[{\"useTz\":false,\"precision\":6}],\"defaultTo\":null,\"notNullable\":false,\"unsigned\":false},{\"name\":\"created_by_id\",\"type\":\"integer\",\"args\":[],\"defaultTo\":null,\"notNullable\":false,\"unsigned\":true},{\"name\":\"updated_by_id\",\"type\":\"integer\",\"args\":[],\"defaultTo\":null,\"notNullable\":false,\"unsigned\":true}]},{\"name\":\"ezforms_recipient\",\"indexes\":[{\"name\":\"ezforms_recipient_created_by_id_fk\",\"columns\":[\"created_by_id\"]},{\"name\":\"ezforms_recipient_updated_by_id_fk\",\"columns\":[\"updated_by_id\"]}],\"foreignKeys\":[{\"name\":\"ezforms_recipient_created_by_id_fk\",\"columns\":[\"created_by_id\"],\"referencedTable\":\"admin_users\",\"referencedColumns\":[\"id\"],\"onDelete\":\"SET NULL\"},{\"name\":\"ezforms_recipient_updated_by_id_fk\",\"columns\":[\"updated_by_id\"],\"referencedTable\":\"admin_users\",\"referencedColumns\":[\"id\"],\"onDelete\":\"SET NULL\"}],\"columns\":[{\"name\":\"id\",\"type\":\"increments\",\"args\":[{\"primary\":true,\"primaryKey\":true}],\"defaultTo\":null,\"notNullable\":true,\"unsigned\":false},{\"name\":\"name\",\"type\":\"string\",\"args\":[],\"defaultTo\":null,\"notNullable\":false,\"unsigned\":false},{\"name\":\"email\",\"type\":\"string\",\"args\":[],\"defaultTo\":null,\"notNullable\":false,\"unsigned\":false},{\"name\":\"number\",\"type\":\"string\",\"args\":[],\"defaultTo\":null,\"notNullable\":false,\"unsigned\":false},{\"name\":\"created_at\",\"type\":\"datetime\",\"args\":[{\"useTz\":false,\"precision\":6}],\"defaultTo\":null,\"notNullable\":false,\"unsigned\":false},{\"name\":\"updated_at\",\"type\":\"datetime\",\"args\":[{\"useTz\":false,\"precision\":6}],\"defaultTo\":null,\"notNullable\":false,\"unsigned\":false},{\"name\":\"created_by_id\",\"type\":\"integer\",\"args\":[],\"defaultTo\":null,\"notNullable\":false,\"unsigned\":true},{\"name\":\"updated_by_id\",\"type\":\"integer\",\"args\":[],\"defaultTo\":null,\"notNullable\":false,\"unsigned\":true}]},{\"name\":\"a_propos\",\"indexes\":[{\"name\":\"a_propos_created_by_id_fk\",\"columns\":[\"created_by_id\"]},{\"name\":\"a_propos_updated_by_id_fk\",\"columns\":[\"updated_by_id\"]}],\"foreignKeys\":[{\"name\":\"a_propos_created_by_id_fk\",\"columns\":[\"created_by_id\"],\"referencedTable\":\"admin_users\",\"referencedColumns\":[\"id\"],\"onDelete\":\"SET NULL\"},{\"name\":\"a_propos_updated_by_id_fk\",\"columns\":[\"updated_by_id\"],\"referencedTable\":\"admin_users\",\"referencedColumns\":[\"id\"],\"onDelete\":\"SET NULL\"}],\"columns\":[{\"name\":\"id\",\"type\":\"increments\",\"args\":[{\"primary\":true,\"primaryKey\":true}],\"defaultTo\":null,\"notNullable\":true,\"unsigned\":false},{\"name\":\"about_us_cover_title\",\"type\":\"string\",\"args\":[],\"defaultTo\":null,\"notNullable\":false,\"unsigned\":false},{\"name\":\"about_us_cover_subtitle\",\"type\":\"string\",\"args\":[],\"defaultTo\":null,\"notNullable\":false,\"unsigned\":false},{\"name\":\"about_us_content_title\",\"type\":\"string\",\"args\":[],\"defaultTo\":null,\"notNullable\":false,\"unsigned\":false},{\"name\":\"about_us_content_desc\",\"type\":\"text\",\"args\":[\"longtext\"],\"defaultTo\":null,\"notNullable\":false,\"unsigned\":false},{\"name\":\"about_us_content_uptitle\",\"type\":\"string\",\"args\":[],\"defaultTo\":null,\"notNullable\":false,\"unsigned\":false},{\"name\":\"created_at\",\"type\":\"datetime\",\"args\":[{\"useTz\":false,\"precision\":6}],\"defaultTo\":null,\"notNullable\":false,\"unsigned\":false},{\"name\":\"updated_at\",\"type\":\"datetime\",\"args\":[{\"useTz\":false,\"precision\":6}],\"defaultTo\":null,\"notNullable\":false,\"unsigned\":false},{\"name\":\"published_at\",\"type\":\"datetime\",\"args\":[{\"useTz\":false,\"precision\":6}],\"defaultTo\":null,\"notNullable\":false,\"unsigned\":false},{\"name\":\"created_by_id\",\"type\":\"integer\",\"args\":[],\"defaultTo\":null,\"notNullable\":false,\"unsigned\":true},{\"name\":\"updated_by_id\",\"type\":\"integer\",\"args\":[],\"defaultTo\":null,\"notNullable\":false,\"unsigned\":true}]},{\"name\":\"admin_settings\",\"indexes\":[{\"name\":\"admin_settings_created_by_id_fk\",\"columns\":[\"created_by_id\"]},{\"name\":\"admin_settings_updated_by_id_fk\",\"columns\":[\"updated_by_id\"]}],\"foreignKeys\":[{\"name\":\"admin_settings_created_by_id_fk\",\"columns\":[\"created_by_id\"],\"referencedTable\":\"admin_users\",\"referencedColumns\":[\"id\"],\"onDelete\":\"SET NULL\"},{\"name\":\"admin_settings_updated_by_id_fk\",\"columns\":[\"updated_by_id\"],\"referencedTable\":\"admin_users\",\"referencedColumns\":[\"id\"],\"onDelete\":\"SET NULL\"}],\"columns\":[{\"name\":\"id\",\"type\":\"increments\",\"args\":[{\"primary\":true,\"primaryKey\":true}],\"defaultTo\":null,\"notNullable\":true,\"unsigned\":false},{\"name\":\"exchange_rate\",\"type\":\"string\",\"args\":[],\"defaultTo\":null,\"notNullable\":false,\"unsigned\":false},{\"name\":\"currency\",\"type\":\"string\",\"args\":[],\"defaultTo\":null,\"notNullable\":false,\"unsigned\":false},{\"name\":\"default_receiver_currency\",\"type\":\"string\",\"args\":[],\"defaultTo\":null,\"notNullable\":false,\"unsigned\":false},{\"name\":\"default_sender_currency\",\"type\":\"string\",\"args\":[],\"defaultTo\":null,\"notNullable\":false,\"unsigned\":false},{\"name\":\"interac_email\",\"type\":\"string\",\"args\":[],\"defaultTo\":null,\"notNullable\":false,\"unsigned\":false},{\"name\":\"interac_phone\",\"type\":\"string\",\"args\":[],\"defaultTo\":null,\"notNullable\":false,\"unsigned\":false},{\"name\":\"max_sender_money\",\"type\":\"decimal\",\"args\":[10,2],\"defaultTo\":null,\"notNullable\":false,\"unsigned\":false},{\"name\":\"min_sender_money\",\"type\":\"decimal\",\"args\":[10,2],\"defaultTo\":null,\"notNullable\":false,\"unsigned\":false},{\"name\":\"created_at\",\"type\":\"datetime\",\"args\":[{\"useTz\":false,\"precision\":6}],\"defaultTo\":null,\"notNullable\":false,\"unsigned\":false},{\"name\":\"updated_at\",\"type\":\"datetime\",\"args\":[{\"useTz\":false,\"precision\":6}],\"defaultTo\":null,\"notNullable\":false,\"unsigned\":false},{\"name\":\"published_at\",\"type\":\"datetime\",\"args\":[{\"useTz\":false,\"precision\":6}],\"defaultTo\":null,\"notNullable\":false,\"unsigned\":false},{\"name\":\"created_by_id\",\"type\":\"integer\",\"args\":[],\"defaultTo\":null,\"notNullable\":false,\"unsigned\":true},{\"name\":\"updated_by_id\",\"type\":\"integer\",\"args\":[],\"defaultTo\":null,\"notNullable\":false,\"unsigned\":true}]},{\"name\":\"banks\",\"indexes\":[{\"name\":\"banks_created_by_id_fk\",\"columns\":[\"created_by_id\"]},{\"name\":\"banks_updated_by_id_fk\",\"columns\":[\"updated_by_id\"]}],\"foreignKeys\":[{\"name\":\"banks_created_by_id_fk\",\"columns\":[\"created_by_id\"],\"referencedTable\":\"admin_users\",\"referencedColumns\":[\"id\"],\"onDelete\":\"SET NULL\"},{\"name\":\"banks_updated_by_id_fk\",\"columns\":[\"updated_by_id\"],\"referencedTable\":\"admin_users\",\"referencedColumns\":[\"id\"],\"onDelete\":\"SET NULL\"}],\"columns\":[{\"name\":\"id\",\"type\":\"increments\",\"args\":[{\"primary\":true,\"primaryKey\":true}],\"defaultTo\":null,\"notNullable\":true,\"unsigned\":false},{\"name\":\"name\",\"type\":\"string\",\"args\":[],\"defaultTo\":null,\"notNullable\":false,\"unsigned\":false},{\"name\":\"active\",\"type\":\"string\",\"args\":[],\"defaultTo\":null,\"notNullable\":false,\"unsigned\":false},{\"name\":\"created_at\",\"type\":\"datetime\",\"args\":[{\"useTz\":false,\"precision\":6}],\"defaultTo\":null,\"notNullable\":false,\"unsigned\":false},{\"name\":\"updated_at\",\"type\":\"datetime\",\"args\":[{\"useTz\":false,\"precision\":6}],\"defaultTo\":null,\"notNullable\":false,\"unsigned\":false},{\"name\":\"published_at\",\"type\":\"datetime\",\"args\":[{\"useTz\":false,\"precision\":6}],\"defaultTo\":null,\"notNullable\":false,\"unsigned\":false},{\"name\":\"created_by_id\",\"type\":\"integer\",\"args\":[],\"defaultTo\":null,\"notNullable\":false,\"unsigned\":true},{\"name\":\"updated_by_id\",\"type\":\"integer\",\"args\":[],\"defaultTo\":null,\"notNullable\":false,\"unsigned\":true}]},{\"name\":\"contacts\",\"indexes\":[{\"name\":\"contacts_created_by_id_fk\",\"columns\":[\"created_by_id\"]},{\"name\":\"contacts_updated_by_id_fk\",\"columns\":[\"updated_by_id\"]}],\"foreignKeys\":[{\"name\":\"contacts_created_by_id_fk\",\"columns\":[\"created_by_id\"],\"referencedTable\":\"admin_users\",\"referencedColumns\":[\"id\"],\"onDelete\":\"SET NULL\"},{\"name\":\"contacts_updated_by_id_fk\",\"columns\":[\"updated_by_id\"],\"referencedTable\":\"admin_users\",\"referencedColumns\":[\"id\"],\"onDelete\":\"SET NULL\"}],\"columns\":[{\"name\":\"id\",\"type\":\"increments\",\"args\":[{\"primary\":true,\"primaryKey\":true}],\"defaultTo\":null,\"notNullable\":true,\"unsigned\":false},{\"name\":\"contact_cover_title\",\"type\":\"string\",\"args\":[],\"defaultTo\":null,\"notNullable\":false,\"unsigned\":false},{\"name\":\"contact_cover_subtitle\",\"type\":\"string\",\"args\":[],\"defaultTo\":null,\"notNullable\":false,\"unsigned\":false},{\"name\":\"contact_content_title\",\"type\":\"string\",\"args\":[],\"defaultTo\":null,\"notNullable\":false,\"unsigned\":false},{\"name\":\"contact_address_title\",\"type\":\"string\",\"args\":[],\"defaultTo\":null,\"notNullable\":false,\"unsigned\":false},{\"name\":\"contact_email_title\",\"type\":\"string\",\"args\":[],\"defaultTo\":null,\"notNullable\":false,\"unsigned\":false},{\"name\":\"contact_phone_title\",\"type\":\"string\",\"args\":[],\"defaultTo\":null,\"notNullable\":false,\"unsigned\":false},{\"name\":\"contact_address\",\"type\":\"string\",\"args\":[],\"defaultTo\":null,\"notNullable\":false,\"unsigned\":false},{\"name\":\"contact_email\",\"type\":\"string\",\"args\":[],\"defaultTo\":null,\"notNullable\":false,\"unsigned\":false},{\"name\":\"contact_phone\",\"type\":\"string\",\"args\":[],\"defaultTo\":null,\"notNullable\":false,\"unsigned\":false},{\"name\":\"contact_content_description\",\"type\":\"text\",\"args\":[\"longtext\"],\"defaultTo\":null,\"notNullable\":false,\"unsigned\":false},{\"name\":\"name_placeholder\",\"type\":\"string\",\"args\":[],\"defaultTo\":null,\"notNullable\":false,\"unsigned\":false},{\"name\":\"email_placeholder\",\"type\":\"string\",\"args\":[],\"defaultTo\":null,\"notNullable\":false,\"unsigned\":false},{\"name\":\"phone_placeholder\",\"type\":\"string\",\"args\":[],\"defaultTo\":null,\"notNullable\":false,\"unsigned\":false},{\"name\":\"subject_placeholder\",\"type\":\"string\",\"args\":[],\"defaultTo\":null,\"notNullable\":false,\"unsigned\":false},{\"name\":\"message_placeholder\",\"type\":\"string\",\"args\":[],\"defaultTo\":null,\"notNullable\":false,\"unsigned\":false},{\"name\":\"send_message_btn_label\",\"type\":\"string\",\"args\":[],\"defaultTo\":null,\"notNullable\":false,\"unsigned\":false},{\"name\":\"created_at\",\"type\":\"datetime\",\"args\":[{\"useTz\":false,\"precision\":6}],\"defaultTo\":null,\"notNullable\":false,\"unsigned\":false},{\"name\":\"updated_at\",\"type\":\"datetime\",\"args\":[{\"useTz\":false,\"precision\":6}],\"defaultTo\":null,\"notNullable\":false,\"unsigned\":false},{\"name\":\"published_at\",\"type\":\"datetime\",\"args\":[{\"useTz\":false,\"precision\":6}],\"defaultTo\":null,\"notNullable\":false,\"unsigned\":false},{\"name\":\"created_by_id\",\"type\":\"integer\",\"args\":[],\"defaultTo\":null,\"notNullable\":false,\"unsigned\":true},{\"name\":\"updated_by_id\",\"type\":\"integer\",\"args\":[],\"defaultTo\":null,\"notNullable\":false,\"unsigned\":true}]},{\"name\":\"contact_messages\",\"indexes\":[{\"name\":\"contact_messages_created_by_id_fk\",\"columns\":[\"created_by_id\"]},{\"name\":\"contact_messages_updated_by_id_fk\",\"columns\":[\"updated_by_id\"]}],\"foreignKeys\":[{\"name\":\"contact_messages_created_by_id_fk\",\"columns\":[\"created_by_id\"],\"referencedTable\":\"admin_users\",\"referencedColumns\":[\"id\"],\"onDelete\":\"SET NULL\"},{\"name\":\"contact_messages_updated_by_id_fk\",\"columns\":[\"updated_by_id\"],\"referencedTable\":\"admin_users\",\"referencedColumns\":[\"id\"],\"onDelete\":\"SET NULL\"}],\"columns\":[{\"name\":\"id\",\"type\":\"increments\",\"args\":[{\"primary\":true,\"primaryKey\":true}],\"defaultTo\":null,\"notNullable\":true,\"unsigned\":false},{\"name\":\"subject\",\"type\":\"string\",\"args\":[],\"defaultTo\":null,\"notNullable\":false,\"unsigned\":false},{\"name\":\"email\",\"type\":\"string\",\"args\":[],\"defaultTo\":null,\"notNullable\":false,\"unsigned\":false},{\"name\":\"message\",\"type\":\"text\",\"args\":[\"longtext\"],\"defaultTo\":null,\"notNullable\":false,\"unsigned\":false},{\"name\":\"reason\",\"type\":\"string\",\"args\":[],\"defaultTo\":null,\"notNullable\":false,\"unsigned\":false},{\"name\":\"fullname\",\"type\":\"string\",\"args\":[],\"defaultTo\":null,\"notNullable\":false,\"unsigned\":false},{\"name\":\"phone\",\"type\":\"string\",\"args\":[],\"defaultTo\":null,\"notNullable\":false,\"unsigned\":false},{\"name\":\"created_at\",\"type\":\"datetime\",\"args\":[{\"useTz\":false,\"precision\":6}],\"defaultTo\":null,\"notNullable\":false,\"unsigned\":false},{\"name\":\"updated_at\",\"type\":\"datetime\",\"args\":[{\"useTz\":false,\"precision\":6}],\"defaultTo\":null,\"notNullable\":false,\"unsigned\":false},{\"name\":\"published_at\",\"type\":\"datetime\",\"args\":[{\"useTz\":false,\"precision\":6}],\"defaultTo\":null,\"notNullable\":false,\"unsigned\":false},{\"name\":\"created_by_id\",\"type\":\"integer\",\"args\":[],\"defaultTo\":null,\"notNullable\":false,\"unsigned\":true},{\"name\":\"updated_by_id\",\"type\":\"integer\",\"args\":[],\"defaultTo\":null,\"notNullable\":false,\"unsigned\":true}]},{\"name\":\"faqs\",\"indexes\":[{\"name\":\"faqs_created_by_id_fk\",\"columns\":[\"created_by_id\"]},{\"name\":\"faqs_updated_by_id_fk\",\"columns\":[\"updated_by_id\"]}],\"foreignKeys\":[{\"name\":\"faqs_created_by_id_fk\",\"columns\":[\"created_by_id\"],\"referencedTable\":\"admin_users\",\"referencedColumns\":[\"id\"],\"onDelete\":\"SET NULL\"},{\"name\":\"faqs_updated_by_id_fk\",\"columns\":[\"updated_by_id\"],\"referencedTable\":\"admin_users\",\"referencedColumns\":[\"id\"],\"onDelete\":\"SET NULL\"}],\"columns\":[{\"name\":\"id\",\"type\":\"increments\",\"args\":[{\"primary\":true,\"primaryKey\":true}],\"defaultTo\":null,\"notNullable\":true,\"unsigned\":false},{\"name\":\"faq_cover_title\",\"type\":\"string\",\"args\":[],\"defaultTo\":null,\"notNullable\":false,\"unsigned\":false},{\"name\":\"faq_cover_subtitle\",\"type\":\"string\",\"args\":[],\"defaultTo\":null,\"notNullable\":false,\"unsigned\":false},{\"name\":\"faq_content_title\",\"type\":\"string\",\"args\":[],\"defaultTo\":null,\"notNullable\":false,\"unsigned\":false},{\"name\":\"faq_content\",\"type\":\"text\",\"args\":[\"longtext\"],\"defaultTo\":null,\"notNullable\":false,\"unsigned\":false},{\"name\":\"questions_list\",\"type\":\"jsonb\",\"args\":[],\"defaultTo\":null,\"notNullable\":false,\"unsigned\":false},{\"name\":\"created_at\",\"type\":\"datetime\",\"args\":[{\"useTz\":false,\"precision\":6}],\"defaultTo\":null,\"notNullable\":false,\"unsigned\":false},{\"name\":\"updated_at\",\"type\":\"datetime\",\"args\":[{\"useTz\":false,\"precision\":6}],\"defaultTo\":null,\"notNullable\":false,\"unsigned\":false},{\"name\":\"published_at\",\"type\":\"datetime\",\"args\":[{\"useTz\":false,\"precision\":6}],\"defaultTo\":null,\"notNullable\":false,\"unsigned\":false},{\"name\":\"created_by_id\",\"type\":\"integer\",\"args\":[],\"defaultTo\":null,\"notNullable\":false,\"unsigned\":true},{\"name\":\"updated_by_id\",\"type\":\"integer\",\"args\":[],\"defaultTo\":null,\"notNullable\":false,\"unsigned\":true}]},{\"name\":\"faq_questions\",\"indexes\":[{\"name\":\"faq_questions_created_by_id_fk\",\"columns\":[\"created_by_id\"]},{\"name\":\"faq_questions_updated_by_id_fk\",\"columns\":[\"updated_by_id\"]}],\"foreignKeys\":[{\"name\":\"faq_questions_created_by_id_fk\",\"columns\":[\"created_by_id\"],\"referencedTable\":\"admin_users\",\"referencedColumns\":[\"id\"],\"onDelete\":\"SET NULL\"},{\"name\":\"faq_questions_updated_by_id_fk\",\"columns\":[\"updated_by_id\"],\"referencedTable\":\"admin_users\",\"referencedColumns\":[\"id\"],\"onDelete\":\"SET NULL\"}],\"columns\":[{\"name\":\"id\",\"type\":\"increments\",\"args\":[{\"primary\":true,\"primaryKey\":true}],\"defaultTo\":null,\"notNullable\":true,\"unsigned\":false},{\"name\":\"question\",\"type\":\"string\",\"args\":[],\"defaultTo\":null,\"notNullable\":false,\"unsigned\":false},{\"name\":\"response\",\"type\":\"text\",\"args\":[\"longtext\"],\"defaultTo\":null,\"notNullable\":false,\"unsigned\":false},{\"name\":\"created_at\",\"type\":\"datetime\",\"args\":[{\"useTz\":false,\"precision\":6}],\"defaultTo\":null,\"notNullable\":false,\"unsigned\":false},{\"name\":\"updated_at\",\"type\":\"datetime\",\"args\":[{\"useTz\":false,\"precision\":6}],\"defaultTo\":null,\"notNullable\":false,\"unsigned\":false},{\"name\":\"published_at\",\"type\":\"datetime\",\"args\":[{\"useTz\":false,\"precision\":6}],\"defaultTo\":null,\"notNullable\":false,\"unsigned\":false},{\"name\":\"created_by_id\",\"type\":\"integer\",\"args\":[],\"defaultTo\":null,\"notNullable\":false,\"unsigned\":true},{\"name\":\"updated_by_id\",\"type\":\"integer\",\"args\":[],\"defaultTo\":null,\"notNullable\":false,\"unsigned\":true}]},{\"name\":\"home_pages\",\"indexes\":[{\"name\":\"home_pages_created_by_id_fk\",\"columns\":[\"created_by_id\"]},{\"name\":\"home_pages_updated_by_id_fk\",\"columns\":[\"updated_by_id\"]}],\"foreignKeys\":[{\"name\":\"home_pages_created_by_id_fk\",\"columns\":[\"created_by_id\"],\"referencedTable\":\"admin_users\",\"referencedColumns\":[\"id\"],\"onDelete\":\"SET NULL\"},{\"name\":\"home_pages_updated_by_id_fk\",\"columns\":[\"updated_by_id\"],\"referencedTable\":\"admin_users\",\"referencedColumns\":[\"id\"],\"onDelete\":\"SET NULL\"}],\"columns\":[{\"name\":\"id\",\"type\":\"increments\",\"args\":[{\"primary\":true,\"primaryKey\":true}],\"defaultTo\":null,\"notNullable\":true,\"unsigned\":false},{\"name\":\"title\",\"type\":\"string\",\"args\":[],\"defaultTo\":null,\"notNullable\":false,\"unsigned\":false},{\"name\":\"why_us_title\",\"type\":\"string\",\"args\":[],\"defaultTo\":null,\"notNullable\":false,\"unsigned\":false},{\"name\":\"why_us_description\",\"type\":\"text\",\"args\":[\"longtext\"],\"defaultTo\":null,\"notNullable\":false,\"unsigned\":false},{\"name\":\"reason_1_title\",\"type\":\"string\",\"args\":[],\"defaultTo\":null,\"notNullable\":false,\"unsigned\":false},{\"name\":\"reason_1_description\",\"type\":\"text\",\"args\":[\"longtext\"],\"defaultTo\":null,\"notNullable\":false,\"unsigned\":false},{\"name\":\"reason_2_title\",\"type\":\"string\",\"args\":[],\"defaultTo\":null,\"notNullable\":false,\"unsigned\":false},{\"name\":\"reason_2_description\",\"type\":\"text\",\"args\":[\"longtext\"],\"defaultTo\":null,\"notNullable\":false,\"unsigned\":false},{\"name\":\"reason_3_title\",\"type\":\"string\",\"args\":[],\"defaultTo\":null,\"notNullable\":false,\"unsigned\":false},{\"name\":\"reason_3_description\",\"type\":\"text\",\"args\":[\"longtext\"],\"defaultTo\":null,\"notNullable\":false,\"unsigned\":false},{\"name\":\"reason_4_title\",\"type\":\"string\",\"args\":[],\"defaultTo\":null,\"notNullable\":false,\"unsigned\":false},{\"name\":\"reason_4_description\",\"type\":\"text\",\"args\":[\"longtext\"],\"defaultTo\":null,\"notNullable\":false,\"unsigned\":false},{\"name\":\"steppers_title\",\"type\":\"string\",\"args\":[],\"defaultTo\":null,\"notNullable\":false,\"unsigned\":false},{\"name\":\"steppers_description\",\"type\":\"text\",\"args\":[\"longtext\"],\"defaultTo\":null,\"notNullable\":false,\"unsigned\":false},{\"name\":\"step_1_title\",\"type\":\"string\",\"args\":[],\"defaultTo\":null,\"notNullable\":false,\"unsigned\":false},{\"name\":\"step_1_description\",\"type\":\"text\",\"args\":[\"longtext\"],\"defaultTo\":null,\"notNullable\":false,\"unsigned\":false},{\"name\":\"step_2_title\",\"type\":\"string\",\"args\":[],\"defaultTo\":null,\"notNullable\":false,\"unsigned\":false},{\"name\":\"step_2_description\",\"type\":\"text\",\"args\":[\"longtext\"],\"defaultTo\":null,\"notNullable\":false,\"unsigned\":false},{\"name\":\"step_3_title\",\"type\":\"string\",\"args\":[],\"defaultTo\":null,\"notNullable\":false,\"unsigned\":false},{\"name\":\"step_3_description\",\"type\":\"text\",\"args\":[\"longtext\"],\"defaultTo\":null,\"notNullable\":false,\"unsigned\":false},{\"name\":\"description\",\"type\":\"text\",\"args\":[\"longtext\"],\"defaultTo\":null,\"notNullable\":false,\"unsigned\":false},{\"name\":\"sender_input_label\",\"type\":\"string\",\"args\":[],\"defaultTo\":null,\"notNullable\":false,\"unsigned\":false},{\"name\":\"transition_fee_value\",\"type\":\"string\",\"args\":[],\"defaultTo\":null,\"notNullable\":false,\"unsigned\":false},{\"name\":\"transition_fee_label\",\"type\":\"string\",\"args\":[],\"defaultTo\":null,\"notNullable\":false,\"unsigned\":false},{\"name\":\"recipient_label\",\"type\":\"string\",\"args\":[],\"defaultTo\":null,\"notNullable\":false,\"unsigned\":false},{\"name\":\"save_label\",\"type\":\"string\",\"args\":[],\"defaultTo\":null,\"notNullable\":false,\"unsigned\":false},{\"name\":\"save_value\",\"type\":\"string\",\"args\":[],\"defaultTo\":null,\"notNullable\":false,\"unsigned\":false},{\"name\":\"cta_label\",\"type\":\"string\",\"args\":[],\"defaultTo\":null,\"notNullable\":false,\"unsigned\":false},{\"name\":\"cta_description\",\"type\":\"string\",\"args\":[],\"defaultTo\":null,\"notNullable\":false,\"unsigned\":false},{\"name\":\"terms_policy\",\"type\":\"string\",\"args\":[],\"defaultTo\":null,\"notNullable\":false,\"unsigned\":false},{\"name\":\"exchange_rate_value\",\"type\":\"double\",\"args\":[],\"defaultTo\":null,\"notNullable\":false,\"unsigned\":false},{\"name\":\"exchange_rate_label\",\"type\":\"string\",\"args\":[],\"defaultTo\":null,\"notNullable\":false,\"unsigned\":false},{\"name\":\"created_at\",\"type\":\"datetime\",\"args\":[{\"useTz\":false,\"precision\":6}],\"defaultTo\":null,\"notNullable\":false,\"unsigned\":false},{\"name\":\"updated_at\",\"type\":\"datetime\",\"args\":[{\"useTz\":false,\"precision\":6}],\"defaultTo\":null,\"notNullable\":false,\"unsigned\":false},{\"name\":\"published_at\",\"type\":\"datetime\",\"args\":[{\"useTz\":false,\"precision\":6}],\"defaultTo\":null,\"notNullable\":false,\"unsigned\":false},{\"name\":\"created_by_id\",\"type\":\"integer\",\"args\":[],\"defaultTo\":null,\"notNullable\":false,\"unsigned\":true},{\"name\":\"updated_by_id\",\"type\":\"integer\",\"args\":[],\"defaultTo\":null,\"notNullable\":false,\"unsigned\":true}]},{\"name\":\"occupations\",\"indexes\":[{\"name\":\"occupations_created_by_id_fk\",\"columns\":[\"created_by_id\"]},{\"name\":\"occupations_updated_by_id_fk\",\"columns\":[\"updated_by_id\"]}],\"foreignKeys\":[{\"name\":\"occupations_created_by_id_fk\",\"columns\":[\"created_by_id\"],\"referencedTable\":\"admin_users\",\"referencedColumns\":[\"id\"],\"onDelete\":\"SET NULL\"},{\"name\":\"occupations_updated_by_id_fk\",\"columns\":[\"updated_by_id\"],\"referencedTable\":\"admin_users\",\"referencedColumns\":[\"id\"],\"onDelete\":\"SET NULL\"}],\"columns\":[{\"name\":\"id\",\"type\":\"increments\",\"args\":[{\"primary\":true,\"primaryKey\":true}],\"defaultTo\":null,\"notNullable\":true,\"unsigned\":false},{\"name\":\"name_fr\",\"type\":\"string\",\"args\":[],\"defaultTo\":null,\"notNullable\":false,\"unsigned\":false},{\"name\":\"created_at\",\"type\":\"datetime\",\"args\":[{\"useTz\":false,\"precision\":6}],\"defaultTo\":null,\"notNullable\":false,\"unsigned\":false},{\"name\":\"updated_at\",\"type\":\"datetime\",\"args\":[{\"useTz\":false,\"precision\":6}],\"defaultTo\":null,\"notNullable\":false,\"unsigned\":false},{\"name\":\"published_at\",\"type\":\"datetime\",\"args\":[{\"useTz\":false,\"precision\":6}],\"defaultTo\":null,\"notNullable\":false,\"unsigned\":false},{\"name\":\"created_by_id\",\"type\":\"integer\",\"args\":[],\"defaultTo\":null,\"notNullable\":false,\"unsigned\":true},{\"name\":\"updated_by_id\",\"type\":\"integer\",\"args\":[],\"defaultTo\":null,\"notNullable\":false,\"unsigned\":true}]},{\"name\":\"send_monies\",\"indexes\":[{\"name\":\"send_monies_created_by_id_fk\",\"columns\":[\"created_by_id\"]},{\"name\":\"send_monies_updated_by_id_fk\",\"columns\":[\"updated_by_id\"]}],\"foreignKeys\":[{\"name\":\"send_monies_created_by_id_fk\",\"columns\":[\"created_by_id\"],\"referencedTable\":\"admin_users\",\"referencedColumns\":[\"id\"],\"onDelete\":\"SET NULL\"},{\"name\":\"send_monies_updated_by_id_fk\",\"columns\":[\"updated_by_id\"],\"referencedTable\":\"admin_users\",\"referencedColumns\":[\"id\"],\"onDelete\":\"SET NULL\"}],\"columns\":[{\"name\":\"id\",\"type\":\"increments\",\"args\":[{\"primary\":true,\"primaryKey\":true}],\"defaultTo\":null,\"notNullable\":true,\"unsigned\":false},{\"name\":\"title\",\"type\":\"string\",\"args\":[],\"defaultTo\":null,\"notNullable\":false,\"unsigned\":false},{\"name\":\"subtitle\",\"type\":\"string\",\"args\":[],\"defaultTo\":null,\"notNullable\":false,\"unsigned\":false},{\"name\":\"created_at\",\"type\":\"datetime\",\"args\":[{\"useTz\":false,\"precision\":6}],\"defaultTo\":null,\"notNullable\":false,\"unsigned\":false},{\"name\":\"updated_at\",\"type\":\"datetime\",\"args\":[{\"useTz\":false,\"precision\":6}],\"defaultTo\":null,\"notNullable\":false,\"unsigned\":false},{\"name\":\"published_at\",\"type\":\"datetime\",\"args\":[{\"useTz\":false,\"precision\":6}],\"defaultTo\":null,\"notNullable\":false,\"unsigned\":false},{\"name\":\"created_by_id\",\"type\":\"integer\",\"args\":[],\"defaultTo\":null,\"notNullable\":false,\"unsigned\":true},{\"name\":\"updated_by_id\",\"type\":\"integer\",\"args\":[],\"defaultTo\":null,\"notNullable\":false,\"unsigned\":true}]},{\"name\":\"success_transferts\",\"indexes\":[{\"name\":\"success_transferts_created_by_id_fk\",\"columns\":[\"created_by_id\"]},{\"name\":\"success_transferts_updated_by_id_fk\",\"columns\":[\"updated_by_id\"]}],\"foreignKeys\":[{\"name\":\"success_transferts_created_by_id_fk\",\"columns\":[\"created_by_id\"],\"referencedTable\":\"admin_users\",\"referencedColumns\":[\"id\"],\"onDelete\":\"SET NULL\"},{\"name\":\"success_transferts_updated_by_id_fk\",\"columns\":[\"updated_by_id\"],\"referencedTable\":\"admin_users\",\"referencedColumns\":[\"id\"],\"onDelete\":\"SET NULL\"}],\"columns\":[{\"name\":\"id\",\"type\":\"increments\",\"args\":[{\"primary\":true,\"primaryKey\":true}],\"defaultTo\":null,\"notNullable\":true,\"unsigned\":false},{\"name\":\"confirmation_message\",\"type\":\"text\",\"args\":[\"longtext\"],\"defaultTo\":null,\"notNullable\":false,\"unsigned\":false},{\"name\":\"created_at\",\"type\":\"datetime\",\"args\":[{\"useTz\":false,\"precision\":6}],\"defaultTo\":null,\"notNullable\":false,\"unsigned\":false},{\"name\":\"updated_at\",\"type\":\"datetime\",\"args\":[{\"useTz\":false,\"precision\":6}],\"defaultTo\":null,\"notNullable\":false,\"unsigned\":false},{\"name\":\"published_at\",\"type\":\"datetime\",\"args\":[{\"useTz\":false,\"precision\":6}],\"defaultTo\":null,\"notNullable\":false,\"unsigned\":false},{\"name\":\"created_by_id\",\"type\":\"integer\",\"args\":[],\"defaultTo\":null,\"notNullable\":false,\"unsigned\":true},{\"name\":\"updated_by_id\",\"type\":\"integer\",\"args\":[],\"defaultTo\":null,\"notNullable\":false,\"unsigned\":true}]},{\"name\":\"termes_conditions\",\"indexes\":[{\"name\":\"termes_conditions_created_by_id_fk\",\"columns\":[\"created_by_id\"]},{\"name\":\"termes_conditions_updated_by_id_fk\",\"columns\":[\"updated_by_id\"]}],\"foreignKeys\":[{\"name\":\"termes_conditions_created_by_id_fk\",\"columns\":[\"created_by_id\"],\"referencedTable\":\"admin_users\",\"referencedColumns\":[\"id\"],\"onDelete\":\"SET NULL\"},{\"name\":\"termes_conditions_updated_by_id_fk\",\"columns\":[\"updated_by_id\"],\"referencedTable\":\"admin_users\",\"referencedColumns\":[\"id\"],\"onDelete\":\"SET NULL\"}],\"columns\":[{\"name\":\"id\",\"type\":\"increments\",\"args\":[{\"primary\":true,\"primaryKey\":true}],\"defaultTo\":null,\"notNullable\":true,\"unsigned\":false},{\"name\":\"terms_page_cover_title\",\"type\":\"string\",\"args\":[],\"defaultTo\":null,\"notNullable\":false,\"unsigned\":false},{\"name\":\"terms_page_cover_subtitle\",\"type\":\"string\",\"args\":[],\"defaultTo\":null,\"notNullable\":false,\"unsigned\":false},{\"name\":\"terms_content\",\"type\":\"text\",\"args\":[\"longtext\"],\"defaultTo\":null,\"notNullable\":false,\"unsigned\":false},{\"name\":\"created_at\",\"type\":\"datetime\",\"args\":[{\"useTz\":false,\"precision\":6}],\"defaultTo\":null,\"notNullable\":false,\"unsigned\":false},{\"name\":\"updated_at\",\"type\":\"datetime\",\"args\":[{\"useTz\":false,\"precision\":6}],\"defaultTo\":null,\"notNullable\":false,\"unsigned\":false},{\"name\":\"published_at\",\"type\":\"datetime\",\"args\":[{\"useTz\":false,\"precision\":6}],\"defaultTo\":null,\"notNullable\":false,\"unsigned\":false},{\"name\":\"created_by_id\",\"type\":\"integer\",\"args\":[],\"defaultTo\":null,\"notNullable\":false,\"unsigned\":true},{\"name\":\"updated_by_id\",\"type\":\"integer\",\"args\":[],\"defaultTo\":null,\"notNullable\":false,\"unsigned\":true}]},{\"name\":\"transfert_types\",\"indexes\":[{\"name\":\"transfert_types_created_by_id_fk\",\"columns\":[\"created_by_id\"]},{\"name\":\"transfert_types_updated_by_id_fk\",\"columns\":[\"updated_by_id\"]}],\"foreignKeys\":[{\"name\":\"transfert_types_created_by_id_fk\",\"columns\":[\"created_by_id\"],\"referencedTable\":\"admin_users\",\"referencedColumns\":[\"id\"],\"onDelete\":\"SET NULL\"},{\"name\":\"transfert_types_updated_by_id_fk\",\"columns\":[\"updated_by_id\"],\"referencedTable\":\"admin_users\",\"referencedColumns\":[\"id\"],\"onDelete\":\"SET NULL\"}],\"columns\":[{\"name\":\"id\",\"type\":\"increments\",\"args\":[{\"primary\":true,\"primaryKey\":true}],\"defaultTo\":null,\"notNullable\":true,\"unsigned\":false},{\"name\":\"name_fr\",\"type\":\"string\",\"args\":[],\"defaultTo\":null,\"notNullable\":false,\"unsigned\":false},{\"name\":\"created_at\",\"type\":\"datetime\",\"args\":[{\"useTz\":false,\"precision\":6}],\"defaultTo\":null,\"notNullable\":false,\"unsigned\":false},{\"name\":\"updated_at\",\"type\":\"datetime\",\"args\":[{\"useTz\":false,\"precision\":6}],\"defaultTo\":null,\"notNullable\":false,\"unsigned\":false},{\"name\":\"published_at\",\"type\":\"datetime\",\"args\":[{\"useTz\":false,\"precision\":6}],\"defaultTo\":null,\"notNullable\":false,\"unsigned\":false},{\"name\":\"created_by_id\",\"type\":\"integer\",\"args\":[],\"defaultTo\":null,\"notNullable\":false,\"unsigned\":true},{\"name\":\"updated_by_id\",\"type\":\"integer\",\"args\":[],\"defaultTo\":null,\"notNullable\":false,\"unsigned\":true}]},{\"name\":\"uprovinces\",\"indexes\":[{\"name\":\"uprovinces_created_by_id_fk\",\"columns\":[\"created_by_id\"]},{\"name\":\"uprovinces_updated_by_id_fk\",\"columns\":[\"updated_by_id\"]}],\"foreignKeys\":[{\"name\":\"uprovinces_created_by_id_fk\",\"columns\":[\"created_by_id\"],\"referencedTable\":\"admin_users\",\"referencedColumns\":[\"id\"],\"onDelete\":\"SET NULL\"},{\"name\":\"uprovinces_updated_by_id_fk\",\"columns\":[\"updated_by_id\"],\"referencedTable\":\"admin_users\",\"referencedColumns\":[\"id\"],\"onDelete\":\"SET NULL\"}],\"columns\":[{\"name\":\"id\",\"type\":\"increments\",\"args\":[{\"primary\":true,\"primaryKey\":true}],\"defaultTo\":null,\"notNullable\":true,\"unsigned\":false},{\"name\":\"name_fr\",\"type\":\"string\",\"args\":[],\"defaultTo\":null,\"notNullable\":false,\"unsigned\":false},{\"name\":\"code\",\"type\":\"string\",\"args\":[],\"defaultTo\":null,\"notNullable\":false,\"unsigned\":false},{\"name\":\"created_at\",\"type\":\"datetime\",\"args\":[{\"useTz\":false,\"precision\":6}],\"defaultTo\":null,\"notNullable\":false,\"unsigned\":false},{\"name\":\"updated_at\",\"type\":\"datetime\",\"args\":[{\"useTz\":false,\"precision\":6}],\"defaultTo\":null,\"notNullable\":false,\"unsigned\":false},{\"name\":\"published_at\",\"type\":\"datetime\",\"args\":[{\"useTz\":false,\"precision\":6}],\"defaultTo\":null,\"notNullable\":false,\"unsigned\":false},{\"name\":\"created_by_id\",\"type\":\"integer\",\"args\":[],\"defaultTo\":null,\"notNullable\":false,\"unsigned\":true},{\"name\":\"updated_by_id\",\"type\":\"integer\",\"args\":[],\"defaultTo\":null,\"notNullable\":false,\"unsigned\":true}]},{\"name\":\"user_transferts\",\"indexes\":[{\"name\":\"user_transferts_created_by_id_fk\",\"columns\":[\"created_by_id\"]},{\"name\":\"user_transferts_updated_by_id_fk\",\"columns\":[\"updated_by_id\"]}],\"foreignKeys\":[{\"name\":\"user_transferts_created_by_id_fk\",\"columns\":[\"created_by_id\"],\"referencedTable\":\"admin_users\",\"referencedColumns\":[\"id\"],\"onDelete\":\"SET NULL\"},{\"name\":\"user_transferts_updated_by_id_fk\",\"columns\":[\"updated_by_id\"],\"referencedTable\":\"admin_users\",\"referencedColumns\":[\"id\"],\"onDelete\":\"SET NULL\"}],\"columns\":[{\"name\":\"id\",\"type\":\"increments\",\"args\":[{\"primary\":true,\"primaryKey\":true}],\"defaultTo\":null,\"notNullable\":true,\"unsigned\":false},{\"name\":\"cdate\",\"type\":\"datetime\",\"args\":[{\"useTz\":false,\"precision\":6}],\"defaultTo\":null,\"notNullable\":false,\"unsigned\":false},{\"name\":\"amount_to_send\",\"type\":\"decimal\",\"args\":[10,2],\"defaultTo\":null,\"notNullable\":false,\"unsigned\":false},{\"name\":\"amount_to_receive\",\"type\":\"decimal\",\"args\":[10,2],\"defaultTo\":null,\"notNullable\":false,\"unsigned\":false},{\"name\":\"to_name\",\"type\":\"string\",\"args\":[],\"defaultTo\":null,\"notNullable\":false,\"unsigned\":false},{\"name\":\"to_firstname\",\"type\":\"string\",\"args\":[],\"defaultTo\":null,\"notNullable\":false,\"unsigned\":false},{\"name\":\"to_email\",\"type\":\"string\",\"args\":[],\"defaultTo\":null,\"notNullable\":false,\"unsigned\":false},{\"name\":\"to_city\",\"type\":\"string\",\"args\":[],\"defaultTo\":null,\"notNullable\":false,\"unsigned\":false},{\"name\":\"to_address\",\"type\":\"string\",\"args\":[],\"defaultTo\":null,\"notNullable\":false,\"unsigned\":false},{\"name\":\"to_phone\",\"type\":\"string\",\"args\":[],\"defaultTo\":null,\"notNullable\":false,\"unsigned\":false},{\"name\":\"reason\",\"type\":\"string\",\"args\":[],\"defaultTo\":null,\"notNullable\":false,\"unsigned\":false},{\"name\":\"to_other_phone\",\"type\":\"string\",\"args\":[],\"defaultTo\":null,\"notNullable\":false,\"unsigned\":false},{\"name\":\"to_middle_name\",\"type\":\"string\",\"args\":[],\"defaultTo\":null,\"notNullable\":false,\"unsigned\":false},{\"name\":\"status\",\"type\":\"string\",\"args\":[],\"defaultTo\":null,\"notNullable\":false,\"unsigned\":false},{\"name\":\"message\",\"type\":\"text\",\"args\":[\"longtext\"],\"defaultTo\":null,\"notNullable\":false,\"unsigned\":false},{\"name\":\"code\",\"type\":\"string\",\"args\":[],\"defaultTo\":null,\"notNullable\":false,\"unsigned\":false},{\"name\":\"bank_branch\",\"type\":\"string\",\"args\":[],\"defaultTo\":null,\"notNullable\":false,\"unsigned\":false},{\"name\":\"account_number\",\"type\":\"string\",\"args\":[],\"defaultTo\":null,\"notNullable\":false,\"unsigned\":false},{\"name\":\"agency_code\",\"type\":\"string\",\"args\":[],\"defaultTo\":null,\"notNullable\":false,\"unsigned\":false},{\"name\":\"agency_key\",\"type\":\"string\",\"args\":[],\"defaultTo\":null,\"notNullable\":false,\"unsigned\":false},{\"name\":\"mobile_money_number\",\"type\":\"string\",\"args\":[],\"defaultTo\":null,\"notNullable\":false,\"unsigned\":false},{\"name\":\"created_at\",\"type\":\"datetime\",\"args\":[{\"useTz\":false,\"precision\":6}],\"defaultTo\":null,\"notNullable\":false,\"unsigned\":false},{\"name\":\"updated_at\",\"type\":\"datetime\",\"args\":[{\"useTz\":false,\"precision\":6}],\"defaultTo\":null,\"notNullable\":false,\"unsigned\":false},{\"name\":\"published_at\",\"type\":\"datetime\",\"args\":[{\"useTz\":false,\"precision\":6}],\"defaultTo\":null,\"notNullable\":false,\"unsigned\":false},{\"name\":\"created_by_id\",\"type\":\"integer\",\"args\":[],\"defaultTo\":null,\"notNullable\":false,\"unsigned\":true},{\"name\":\"updated_by_id\",\"type\":\"integer\",\"args\":[],\"defaultTo\":null,\"notNullable\":false,\"unsigned\":true}]},{\"name\":\"vie_privees\",\"indexes\":[{\"name\":\"vie_privees_created_by_id_fk\",\"columns\":[\"created_by_id\"]},{\"name\":\"vie_privees_updated_by_id_fk\",\"columns\":[\"updated_by_id\"]}],\"foreignKeys\":[{\"name\":\"vie_privees_created_by_id_fk\",\"columns\":[\"created_by_id\"],\"referencedTable\":\"admin_users\",\"referencedColumns\":[\"id\"],\"onDelete\":\"SET NULL\"},{\"name\":\"vie_privees_updated_by_id_fk\",\"columns\":[\"updated_by_id\"],\"referencedTable\":\"admin_users\",\"referencedColumns\":[\"id\"],\"onDelete\":\"SET NULL\"}],\"columns\":[{\"name\":\"id\",\"type\":\"increments\",\"args\":[{\"primary\":true,\"primaryKey\":true}],\"defaultTo\":null,\"notNullable\":true,\"unsigned\":false},{\"name\":\"privacy_policy_cover_title\",\"type\":\"string\",\"args\":[],\"defaultTo\":null,\"notNullable\":false,\"unsigned\":false},{\"name\":\"privacy_policy_cover_subtitle\",\"type\":\"string\",\"args\":[],\"defaultTo\":null,\"notNullable\":false,\"unsigned\":false},{\"name\":\"privacy_policy_content_title\",\"type\":\"string\",\"args\":[],\"defaultTo\":null,\"notNullable\":false,\"unsigned\":false},{\"name\":\"privacy_policy_content\",\"type\":\"text\",\"args\":[\"longtext\"],\"defaultTo\":null,\"notNullable\":false,\"unsigned\":false},{\"name\":\"created_at\",\"type\":\"datetime\",\"args\":[{\"useTz\":false,\"precision\":6}],\"defaultTo\":null,\"notNullable\":false,\"unsigned\":false},{\"name\":\"updated_at\",\"type\":\"datetime\",\"args\":[{\"useTz\":false,\"precision\":6}],\"defaultTo\":null,\"notNullable\":false,\"unsigned\":false},{\"name\":\"published_at\",\"type\":\"datetime\",\"args\":[{\"useTz\":false,\"precision\":6}],\"defaultTo\":null,\"notNullable\":false,\"unsigned\":false},{\"name\":\"created_by_id\",\"type\":\"integer\",\"args\":[],\"defaultTo\":null,\"notNullable\":false,\"unsigned\":true},{\"name\":\"updated_by_id\",\"type\":\"integer\",\"args\":[],\"defaultTo\":null,\"notNullable\":false,\"unsigned\":true}]},{\"name\":\"admin_permissions_role_links\",\"indexes\":[{\"name\":\"admin_permissions_role_links_fk\",\"columns\":[\"permission_id\"]},{\"name\":\"admin_permissions_role_links_inv_fk\",\"columns\":[\"role_id\"]}],\"foreignKeys\":[{\"name\":\"admin_permissions_role_links_fk\",\"columns\":[\"permission_id\"],\"referencedColumns\":[\"id\"],\"referencedTable\":\"admin_permissions\",\"onDelete\":\"CASCADE\"},{\"name\":\"admin_permissions_role_links_inv_fk\",\"columns\":[\"role_id\"],\"referencedColumns\":[\"id\"],\"referencedTable\":\"admin_roles\",\"onDelete\":\"CASCADE\"}],\"columns\":[{\"name\":\"permission_id\",\"type\":\"integer\",\"args\":[],\"defaultTo\":null,\"notNullable\":false,\"unsigned\":true},{\"name\":\"role_id\",\"type\":\"integer\",\"args\":[],\"defaultTo\":null,\"notNullable\":false,\"unsigned\":true}]},{\"name\":\"admin_users_roles_links\",\"indexes\":[{\"name\":\"admin_users_roles_links_fk\",\"columns\":[\"user_id\"]},{\"name\":\"admin_users_roles_links_inv_fk\",\"columns\":[\"role_id\"]}],\"foreignKeys\":[{\"name\":\"admin_users_roles_links_fk\",\"columns\":[\"user_id\"],\"referencedColumns\":[\"id\"],\"referencedTable\":\"admin_users\",\"onDelete\":\"CASCADE\"},{\"name\":\"admin_users_roles_links_inv_fk\",\"columns\":[\"role_id\"],\"referencedColumns\":[\"id\"],\"referencedTable\":\"admin_roles\",\"onDelete\":\"CASCADE\"}],\"columns\":[{\"name\":\"user_id\",\"type\":\"integer\",\"args\":[],\"defaultTo\":null,\"notNullable\":false,\"unsigned\":true},{\"name\":\"role_id\",\"type\":\"integer\",\"args\":[],\"defaultTo\":null,\"notNullable\":false,\"unsigned\":true}]},{\"name\":\"files_related_morphs\",\"indexes\":[{\"name\":\"files_related_morphs_fk\",\"columns\":[\"file_id\"]}],\"foreignKeys\":[{\"name\":\"files_related_morphs_fk\",\"columns\":[\"file_id\"],\"referencedColumns\":[\"id\"],\"referencedTable\":\"files\",\"onDelete\":\"CASCADE\"}],\"columns\":[{\"name\":\"file_id\",\"type\":\"integer\",\"args\":[],\"defaultTo\":null,\"notNullable\":false,\"unsigned\":true},{\"name\":\"related_id\",\"type\":\"integer\",\"args\":[],\"defaultTo\":null,\"notNullable\":false,\"unsigned\":true},{\"name\":\"related_type\",\"type\":\"string\",\"args\":[],\"defaultTo\":null,\"notNullable\":false,\"unsigned\":false},{\"name\":\"field\",\"type\":\"string\",\"args\":[],\"defaultTo\":null,\"notNullable\":false,\"unsigned\":false},{\"name\":\"order\",\"type\":\"integer\",\"args\":[],\"defaultTo\":null,\"notNullable\":false,\"unsigned\":true}]},{\"name\":\"up_permissions_role_links\",\"indexes\":[{\"name\":\"up_permissions_role_links_fk\",\"columns\":[\"permission_id\"]},{\"name\":\"up_permissions_role_links_inv_fk\",\"columns\":[\"role_id\"]}],\"foreignKeys\":[{\"name\":\"up_permissions_role_links_fk\",\"columns\":[\"permission_id\"],\"referencedColumns\":[\"id\"],\"referencedTable\":\"up_permissions\",\"onDelete\":\"CASCADE\"},{\"name\":\"up_permissions_role_links_inv_fk\",\"columns\":[\"role_id\"],\"referencedColumns\":[\"id\"],\"referencedTable\":\"up_roles\",\"onDelete\":\"CASCADE\"}],\"columns\":[{\"name\":\"permission_id\",\"type\":\"integer\",\"args\":[],\"defaultTo\":null,\"notNullable\":false,\"unsigned\":true},{\"name\":\"role_id\",\"type\":\"integer\",\"args\":[],\"defaultTo\":null,\"notNullable\":false,\"unsigned\":true}]},{\"name\":\"up_users_role_links\",\"indexes\":[{\"name\":\"up_users_role_links_fk\",\"columns\":[\"user_id\"]},{\"name\":\"up_users_role_links_inv_fk\",\"columns\":[\"role_id\"]}],\"foreignKeys\":[{\"name\":\"up_users_role_links_fk\",\"columns\":[\"user_id\"],\"referencedColumns\":[\"id\"],\"referencedTable\":\"up_users\",\"onDelete\":\"CASCADE\"},{\"name\":\"up_users_role_links_inv_fk\",\"columns\":[\"role_id\"],\"referencedColumns\":[\"id\"],\"referencedTable\":\"up_roles\",\"onDelete\":\"CASCADE\"}],\"columns\":[{\"name\":\"user_id\",\"type\":\"integer\",\"args\":[],\"defaultTo\":null,\"notNullable\":false,\"unsigned\":true},{\"name\":\"role_id\",\"type\":\"integer\",\"args\":[],\"defaultTo\":null,\"notNullable\":false,\"unsigned\":true}]},{\"name\":\"up_users_province_links\",\"indexes\":[{\"name\":\"up_users_province_links_fk\",\"columns\":[\"user_id\"]},{\"name\":\"up_users_province_links_inv_fk\",\"columns\":[\"uprovince_id\"]}],\"foreignKeys\":[{\"name\":\"up_users_province_links_fk\",\"columns\":[\"user_id\"],\"referencedColumns\":[\"id\"],\"referencedTable\":\"up_users\",\"onDelete\":\"CASCADE\"},{\"name\":\"up_users_province_links_inv_fk\",\"columns\":[\"uprovince_id\"],\"referencedColumns\":[\"id\"],\"referencedTable\":\"uprovinces\",\"onDelete\":\"CASCADE\"}],\"columns\":[{\"name\":\"user_id\",\"type\":\"integer\",\"args\":[],\"defaultTo\":null,\"notNullable\":false,\"unsigned\":true},{\"name\":\"uprovince_id\",\"type\":\"integer\",\"args\":[],\"defaultTo\":null,\"notNullable\":false,\"unsigned\":true}]},{\"name\":\"up_users_occupation_links\",\"indexes\":[{\"name\":\"up_users_occupation_links_fk\",\"columns\":[\"user_id\"]},{\"name\":\"up_users_occupation_links_inv_fk\",\"columns\":[\"occupation_id\"]}],\"foreignKeys\":[{\"name\":\"up_users_occupation_links_fk\",\"columns\":[\"user_id\"],\"referencedColumns\":[\"id\"],\"referencedTable\":\"up_users\",\"onDelete\":\"CASCADE\"},{\"name\":\"up_users_occupation_links_inv_fk\",\"columns\":[\"occupation_id\"],\"referencedColumns\":[\"id\"],\"referencedTable\":\"occupations\",\"onDelete\":\"CASCADE\"}],\"columns\":[{\"name\":\"user_id\",\"type\":\"integer\",\"args\":[],\"defaultTo\":null,\"notNullable\":false,\"unsigned\":true},{\"name\":\"occupation_id\",\"type\":\"integer\",\"args\":[],\"defaultTo\":null,\"notNullable\":false,\"unsigned\":true}]},{\"name\":\"user_transferts_user_links\",\"indexes\":[{\"name\":\"user_transferts_user_links_fk\",\"columns\":[\"user_transfert_id\"]},{\"name\":\"user_transferts_user_links_inv_fk\",\"columns\":[\"user_id\"]}],\"foreignKeys\":[{\"name\":\"user_transferts_user_links_fk\",\"columns\":[\"user_transfert_id\"],\"referencedColumns\":[\"id\"],\"referencedTable\":\"user_transferts\",\"onDelete\":\"CASCADE\"},{\"name\":\"user_transferts_user_links_inv_fk\",\"columns\":[\"user_id\"],\"referencedColumns\":[\"id\"],\"referencedTable\":\"up_users\",\"onDelete\":\"CASCADE\"}],\"columns\":[{\"name\":\"user_transfert_id\",\"type\":\"integer\",\"args\":[],\"defaultTo\":null,\"notNullable\":false,\"unsigned\":true},{\"name\":\"user_id\",\"type\":\"integer\",\"args\":[],\"defaultTo\":null,\"notNullable\":false,\"unsigned\":true}]},{\"name\":\"user_transferts_transfert_type_links\",\"indexes\":[{\"name\":\"user_transferts_transfert_type_links_fk\",\"columns\":[\"user_transfert_id\"]},{\"name\":\"user_transferts_transfert_type_links_inv_fk\",\"columns\":[\"transfert_type_id\"]}],\"foreignKeys\":[{\"name\":\"user_transferts_transfert_type_links_fk\",\"columns\":[\"user_transfert_id\"],\"referencedColumns\":[\"id\"],\"referencedTable\":\"user_transferts\",\"onDelete\":\"CASCADE\"},{\"name\":\"user_transferts_transfert_type_links_inv_fk\",\"columns\":[\"transfert_type_id\"],\"referencedColumns\":[\"id\"],\"referencedTable\":\"transfert_types\",\"onDelete\":\"CASCADE\"}],\"columns\":[{\"name\":\"user_transfert_id\",\"type\":\"integer\",\"args\":[],\"defaultTo\":null,\"notNullable\":false,\"unsigned\":true},{\"name\":\"transfert_type_id\",\"type\":\"integer\",\"args\":[],\"defaultTo\":null,\"notNullable\":false,\"unsigned\":true}]},{\"name\":\"user_transferts_transfert_bank_links\",\"indexes\":[{\"name\":\"user_transferts_transfert_bank_links_fk\",\"columns\":[\"user_transfert_id\"]},{\"name\":\"user_transferts_transfert_bank_links_inv_fk\",\"columns\":[\"bank_id\"]}],\"foreignKeys\":[{\"name\":\"user_transferts_transfert_bank_links_fk\",\"columns\":[\"user_transfert_id\"],\"referencedColumns\":[\"id\"],\"referencedTable\":\"user_transferts\",\"onDelete\":\"CASCADE\"},{\"name\":\"user_transferts_transfert_bank_links_inv_fk\",\"columns\":[\"bank_id\"],\"referencedColumns\":[\"id\"],\"referencedTable\":\"banks\",\"onDelete\":\"CASCADE\"}],\"columns\":[{\"name\":\"user_transfert_id\",\"type\":\"integer\",\"args\":[],\"defaultTo\":null,\"notNullable\":false,\"unsigned\":true},{\"name\":\"bank_id\",\"type\":\"integer\",\"args\":[],\"defaultTo\":null,\"notNullable\":false,\"unsigned\":true}]}]}','2022-08-06 20:00:20','fb2a25d75f8b87824fa256244cf47a80');
/*!40000 ALTER TABLE `strapi_database_schema` ENABLE KEYS */;
UNLOCK TABLES;

--
-- Table structure for table `strapi_migrations`
--

DROP TABLE IF EXISTS `strapi_migrations`;
/*!40101 SET @saved_cs_client     = @@character_set_client */;
/*!40101 SET character_set_client = utf8 */;
CREATE TABLE `strapi_migrations` (
  `id` int(10) unsigned NOT NULL AUTO_INCREMENT,
  `name` varchar(255) DEFAULT NULL,
  `time` datetime DEFAULT NULL,
  PRIMARY KEY (`id`)
) ENGINE=InnoDB DEFAULT CHARSET=utf8mb4;
/*!40101 SET character_set_client = @saved_cs_client */;

--
-- Dumping data for table `strapi_migrations`
--

LOCK TABLES `strapi_migrations` WRITE;
/*!40000 ALTER TABLE `strapi_migrations` DISABLE KEYS */;
/*!40000 ALTER TABLE `strapi_migrations` ENABLE KEYS */;
UNLOCK TABLES;

--
-- Table structure for table `strapi_webhooks`
--

DROP TABLE IF EXISTS `strapi_webhooks`;
/*!40101 SET @saved_cs_client     = @@character_set_client */;
/*!40101 SET character_set_client = utf8 */;
CREATE TABLE `strapi_webhooks` (
  `id` int(10) unsigned NOT NULL AUTO_INCREMENT,
  `name` varchar(255) DEFAULT NULL,
  `url` longtext DEFAULT NULL,
  `headers` longtext CHARACTER SET utf8mb4 COLLATE utf8mb4_bin DEFAULT NULL,
  `events` longtext CHARACTER SET utf8mb4 COLLATE utf8mb4_bin DEFAULT NULL,
  `enabled` tinyint(1) DEFAULT NULL,
  PRIMARY KEY (`id`)
) ENGINE=InnoDB DEFAULT CHARSET=utf8mb4;
/*!40101 SET character_set_client = @saved_cs_client */;

--
-- Dumping data for table `strapi_webhooks`
--

LOCK TABLES `strapi_webhooks` WRITE;
/*!40000 ALTER TABLE `strapi_webhooks` DISABLE KEYS */;
/*!40000 ALTER TABLE `strapi_webhooks` ENABLE KEYS */;
UNLOCK TABLES;

--
-- Table structure for table `success_transferts`
--

DROP TABLE IF EXISTS `success_transferts`;
/*!40101 SET @saved_cs_client     = @@character_set_client */;
/*!40101 SET character_set_client = utf8 */;
CREATE TABLE `success_transferts` (
  `id` int(10) unsigned NOT NULL AUTO_INCREMENT,
  `confirmation_message` longtext DEFAULT NULL,
  `created_at` datetime(6) DEFAULT NULL,
  `updated_at` datetime(6) DEFAULT NULL,
  `published_at` datetime(6) DEFAULT NULL,
  `created_by_id` int(10) unsigned DEFAULT NULL,
  `updated_by_id` int(10) unsigned DEFAULT NULL,
  PRIMARY KEY (`id`),
  KEY `success_transferts_created_by_id_fk` (`created_by_id`),
  KEY `success_transferts_updated_by_id_fk` (`updated_by_id`),
  CONSTRAINT `success_transferts_created_by_id_fk` FOREIGN KEY (`created_by_id`) REFERENCES `admin_users` (`id`) ON DELETE SET NULL,
  CONSTRAINT `success_transferts_updated_by_id_fk` FOREIGN KEY (`updated_by_id`) REFERENCES `admin_users` (`id`) ON DELETE SET NULL
) ENGINE=InnoDB AUTO_INCREMENT=2 DEFAULT CHARSET=utf8mb4;
/*!40101 SET character_set_client = @saved_cs_client */;

--
-- Dumping data for table `success_transferts`
--

LOCK TABLES `success_transferts` WRITE;
/*!40000 ALTER TABLE `success_transferts` DISABLE KEYS */;
INSERT INTO `success_transferts` VALUES (1,'Nous avons bien recu votre transfert. Il est maintenant en traitement. Vous recevrer un courriel de confirmation aussitot que le transfert sera complété. Vous pouvez aussi consulter votre profile de temps en temps pour voir le progrès.','2022-07-30 11:27:58.895000','2022-07-30 11:31:10.760000','2022-07-30 11:31:10.758000',1,1);
/*!40000 ALTER TABLE `success_transferts` ENABLE KEYS */;
UNLOCK TABLES;

--
-- Table structure for table `termes_conditions`
--

DROP TABLE IF EXISTS `termes_conditions`;
/*!40101 SET @saved_cs_client     = @@character_set_client */;
/*!40101 SET character_set_client = utf8 */;
CREATE TABLE `termes_conditions` (
  `id` int(10) unsigned NOT NULL AUTO_INCREMENT,
  `terms_page_cover_title` varchar(255) DEFAULT NULL,
  `terms_page_cover_subtitle` varchar(255) DEFAULT NULL,
  `terms_content` longtext DEFAULT NULL,
  `created_at` datetime(6) DEFAULT NULL,
  `updated_at` datetime(6) DEFAULT NULL,
  `published_at` datetime(6) DEFAULT NULL,
  `created_by_id` int(10) unsigned DEFAULT NULL,
  `updated_by_id` int(10) unsigned DEFAULT NULL,
  PRIMARY KEY (`id`),
  KEY `termes_conditions_created_by_id_fk` (`created_by_id`),
  KEY `termes_conditions_updated_by_id_fk` (`updated_by_id`),
  CONSTRAINT `termes_conditions_created_by_id_fk` FOREIGN KEY (`created_by_id`) REFERENCES `admin_users` (`id`) ON DELETE SET NULL,
  CONSTRAINT `termes_conditions_updated_by_id_fk` FOREIGN KEY (`updated_by_id`) REFERENCES `admin_users` (`id`) ON DELETE SET NULL
) ENGINE=InnoDB AUTO_INCREMENT=2 DEFAULT CHARSET=utf8mb4;
/*!40101 SET character_set_client = @saved_cs_client */;

--
-- Dumping data for table `termes_conditions`
--

LOCK TABLES `termes_conditions` WRITE;
/*!40000 ALTER TABLE `termes_conditions` DISABLE KEYS */;
INSERT INTO `termes_conditions` VALUES (1,'Termes et conditions applicables','Termes et conditions d\'utilisatation de notre service pour transferer de l\'argent a l\'etranger','# **Titre 1**\nLorem ipsum dolor sit amet, consectetur adipiscing elit, sed do eiusmod tempor incididunt ut labore et dolore magna aliqua. Arcu odio ut sem nulla. Donec et odio pellentesque diam volutpat commodo sed egestas egestas. Augue neque gravida in fermentum et. Quis varius quam quisque id diam vel quam elementum. Non quam lacus suspendisse faucibus interdum. Praesent semper feugiat nibh sed pulvinar proin gravida hendrerit. Non enim praesent elementum facilisis leo vel fringilla est. Odio aenean sed adipiscing diam donec adipiscing tristique. Tristique magna sit amet purus gravida quis blandit. Imperdiet proin fermentum leo vel orci porta. Libero volutpat sed cras ornare arcu. At varius vel pharetra vel turpis nunc eget. Elit scelerisque mauris pellentesque pulvinar pellentesque habitant. Viverra accumsan in nisl nisi.\n\n###### Vision\n\nLorem ipsum dolor sit amet consectetur adipiscing elit. Turpis egestas integer eget aliquet nibh praesent tristique. Urna molestie at elementum eu facilisis sed odio morbi. Mauris nunc congue nisi vitae suscipit. Mi tempus imperdiet nulla malesuada pellentesque elit eget gravida. Ut diam quam nulla porttitor massa id neque. Nec feugiat nisl pretium fusce. Hac habitasse platea dictumst quisque sagittis purus. Ipsum dolor sit amet consectetur adipiscing elit pellentesque habitant morbi. Sit amet aliquam id diam maecenas ultricies mi. Non consectetur a erat nam at lectus urna duis. Malesuada bibendum arcu vitae elementum. Mauris rhoncus aenean vel elit.\n\nUt porttitor leo a diam. Turpis massa sed elementum tempus egestas. Cras fermentum odio eu feugiat pretium nibh ipsum consequat nisl. Viverra aliquet eget sit amet tellus cras adipiscing enim. Erat nam at lectus urna duis convallis convallis tellus id. Vitae ultricies leo integer malesuada nunc vel. Sem fringilla ut morbi tincidunt augue interdum. Sed arcu non odio euismod lacinia at quis risus sed. Ultrices in iaculis nunc sed augue lacus. In hac habitasse platea dictumst vestibulum rhoncus est pellentesque elit. Sem fringilla ut morbi tincidunt. Blandit volutpat maecenas volutpat blandit aliquam etiam erat velit. Non diam phasellus vestibulum lorem sed risus ultricies.\n\nCursus turpis massa tincidunt dui ut ornare lectus. Tortor consequat id porta nibh venenatis cras sed felis. Accumsan tortor posuere ac ut consequat semper viverra. Mattis molestie a iaculis at erat pellentesque adipiscing commodo. Urna nec tincidunt praesent semper. Imperdiet dui accumsan sit amet nulla facilisi morbi tempus. Diam vel quam elementum pulvinar etiam non quam lacus. Vel facilisis volutpat est velit. Vitae tortor condimentum lacinia quis vel eros donec ac odio. Porttitor rhoncus dolor purus non enim praesent elementum facilisis leo. Interdum consectetur libero id faucibus nisl tincidunt eget nullam non.','2022-07-18 13:35:43.366000','2022-08-03 03:57:08.946000','2022-07-18 13:35:51.973000',1,4);
/*!40000 ALTER TABLE `termes_conditions` ENABLE KEYS */;
UNLOCK TABLES;

--
-- Table structure for table `transfert_types`
--

DROP TABLE IF EXISTS `transfert_types`;
/*!40101 SET @saved_cs_client     = @@character_set_client */;
/*!40101 SET character_set_client = utf8 */;
CREATE TABLE `transfert_types` (
  `id` int(10) unsigned NOT NULL AUTO_INCREMENT,
  `created_at` datetime(6) DEFAULT NULL,
  `updated_at` datetime(6) DEFAULT NULL,
  `published_at` datetime(6) DEFAULT NULL,
  `created_by_id` int(10) unsigned DEFAULT NULL,
  `updated_by_id` int(10) unsigned DEFAULT NULL,
  `name_fr` varchar(255) DEFAULT NULL,
  PRIMARY KEY (`id`),
  KEY `transfert_types_created_by_id_fk` (`created_by_id`),
  KEY `transfert_types_updated_by_id_fk` (`updated_by_id`),
  CONSTRAINT `transfert_types_created_by_id_fk` FOREIGN KEY (`created_by_id`) REFERENCES `admin_users` (`id`) ON DELETE SET NULL,
  CONSTRAINT `transfert_types_updated_by_id_fk` FOREIGN KEY (`updated_by_id`) REFERENCES `admin_users` (`id`) ON DELETE SET NULL
) ENGINE=InnoDB AUTO_INCREMENT=3 DEFAULT CHARSET=utf8mb4;
/*!40101 SET character_set_client = @saved_cs_client */;

--
-- Dumping data for table `transfert_types`
--

LOCK TABLES `transfert_types` WRITE;
/*!40000 ALTER TABLE `transfert_types` DISABLE KEYS */;
INSERT INTO `transfert_types` VALUES (1,'2022-07-28 02:28:34.358000','2022-07-28 02:29:25.877000','2022-07-28 02:29:25.875000',1,1,'Depot bancaire'),(2,'2022-07-28 02:28:56.007000','2022-08-06 12:01:54.920000','2022-07-28 02:29:19.620000',1,1,'Mobile money');
/*!40000 ALTER TABLE `transfert_types` ENABLE KEYS */;
UNLOCK TABLES;

--
-- Table structure for table `up_permissions`
--

DROP TABLE IF EXISTS `up_permissions`;
/*!40101 SET @saved_cs_client     = @@character_set_client */;
/*!40101 SET character_set_client = utf8 */;
CREATE TABLE `up_permissions` (
  `id` int(10) unsigned NOT NULL AUTO_INCREMENT,
  `action` varchar(255) DEFAULT NULL,
  `created_at` datetime(6) DEFAULT NULL,
  `updated_at` datetime(6) DEFAULT NULL,
  `created_by_id` int(10) unsigned DEFAULT NULL,
  `updated_by_id` int(10) unsigned DEFAULT NULL,
  PRIMARY KEY (`id`),
  KEY `up_permissions_created_by_id_fk` (`created_by_id`),
  KEY `up_permissions_updated_by_id_fk` (`updated_by_id`),
  CONSTRAINT `up_permissions_created_by_id_fk` FOREIGN KEY (`created_by_id`) REFERENCES `admin_users` (`id`) ON DELETE SET NULL,
  CONSTRAINT `up_permissions_updated_by_id_fk` FOREIGN KEY (`updated_by_id`) REFERENCES `admin_users` (`id`) ON DELETE SET NULL
) ENGINE=InnoDB AUTO_INCREMENT=149 DEFAULT CHARSET=utf8mb4;
/*!40101 SET character_set_client = @saved_cs_client */;

--
-- Dumping data for table `up_permissions`
--

LOCK TABLES `up_permissions` WRITE;
/*!40000 ALTER TABLE `up_permissions` DISABLE KEYS */;
INSERT INTO `up_permissions` VALUES (1,'plugin::users-permissions.auth.connect','2022-06-27 01:19:20.826000','2022-06-27 01:19:20.826000',NULL,NULL),(2,'plugin::users-permissions.user.me','2022-06-27 01:19:20.826000','2022-06-27 01:19:20.826000',NULL,NULL),(15,'plugin::email.email.send','2022-07-03 23:28:17.029000','2022-07-03 23:28:17.029000',NULL,NULL),(24,'plugin::users-permissions.auth.resetPassword','2022-07-16 04:41:53.153000','2022-07-16 04:41:53.153000',NULL,NULL),(25,'plugin::users-permissions.auth.forgotPassword','2022-07-16 04:41:53.153000','2022-07-16 04:41:53.153000',NULL,NULL),(26,'plugin::users-permissions.auth.register','2022-07-16 04:41:53.153000','2022-07-16 04:41:53.153000',NULL,NULL),(27,'plugin::users-permissions.user.create','2022-07-16 04:41:53.153000','2022-07-16 04:41:53.153000',NULL,NULL),(28,'plugin::users-permissions.user.update','2022-07-16 04:41:53.153000','2022-07-16 04:41:53.153000',NULL,NULL),(29,'plugin::users-permissions.user.find','2022-07-16 04:41:53.153000','2022-07-16 04:41:53.153000',NULL,NULL),(30,'plugin::users-permissions.user.findOne','2022-07-16 04:41:53.153000','2022-07-16 04:41:53.153000',NULL,NULL),(31,'plugin::users-permissions.role.findOne','2022-07-16 04:41:53.153000','2022-07-16 04:41:53.153000',NULL,NULL),(32,'plugin::users-permissions.role.find','2022-07-16 04:41:53.153000','2022-07-16 04:41:53.153000',NULL,NULL),(39,'api::a-propos-de-nous.a-propos-de-nous.find','2022-07-18 00:14:39.873000','2022-07-18 00:14:39.873000',NULL,NULL),(40,'api::a-propos-de-nous.a-propos-de-nous.update','2022-07-18 00:14:39.873000','2022-07-18 00:14:39.873000',NULL,NULL),(41,'api::contact.contact.find','2022-07-18 00:14:39.873000','2022-07-18 00:14:39.873000',NULL,NULL),(42,'api::contact.contact.update','2022-07-18 00:14:39.873000','2022-07-18 00:14:39.873000',NULL,NULL),(43,'api::faq.faq.find','2022-07-18 00:14:39.873000','2022-07-18 00:14:39.873000',NULL,NULL),(44,'api::faq.faq.update','2022-07-18 00:14:39.873000','2022-07-18 00:14:39.873000',NULL,NULL),(45,'api::home-page.home-page.find','2022-07-18 00:14:39.873000','2022-07-18 00:14:39.873000',NULL,NULL),(46,'api::home-page.home-page.update','2022-07-18 00:14:39.873000','2022-07-18 00:14:39.873000',NULL,NULL),(47,'api::termes-et-conditions.termes-et-conditions.find','2022-07-18 00:14:39.873000','2022-07-18 00:14:39.873000',NULL,NULL),(48,'api::termes-et-conditions.termes-et-conditions.update','2022-07-18 00:14:39.873000','2022-07-18 00:14:39.873000',NULL,NULL),(49,'api::vie-privee.vie-privee.find','2022-07-18 00:14:39.873000','2022-07-18 00:14:39.873000',NULL,NULL),(50,'api::vie-privee.vie-privee.update','2022-07-18 00:14:39.873000','2022-07-18 00:14:39.873000',NULL,NULL),(72,'plugin::content-type-builder.components.getComponents','2022-07-18 00:41:36.777000','2022-07-18 00:41:36.777000',NULL,NULL),(73,'plugin::content-type-builder.components.getComponent','2022-07-18 00:41:36.777000','2022-07-18 00:41:36.777000',NULL,NULL),(74,'plugin::content-type-builder.content-types.getContentTypes','2022-07-18 00:41:36.777000','2022-07-18 00:41:36.777000',NULL,NULL),(75,'plugin::content-type-builder.content-types.getContentType','2022-07-18 00:41:36.777000','2022-07-18 00:41:36.777000',NULL,NULL),(76,'api::home-page.home-page.find','2022-07-18 00:48:03.712000','2022-07-18 00:48:03.712000',NULL,NULL),(81,'plugin::upload.content-api.find','2022-07-18 11:44:38.292000','2022-07-18 11:44:38.292000',NULL,NULL),(82,'plugin::upload.content-api.findOne','2022-07-18 11:44:38.292000','2022-07-18 11:44:38.292000',NULL,NULL),(83,'plugin::upload.content-api.upload','2022-07-18 11:44:38.292000','2022-07-18 11:44:38.292000',NULL,NULL),(85,'api::contact.contact.find','2022-07-18 13:00:43.863000','2022-07-18 13:00:43.863000',NULL,NULL),(86,'api::a-propos-de-nous.a-propos-de-nous.find','2022-07-18 13:18:24.863000','2022-07-18 13:18:24.863000',NULL,NULL),(87,'api::faq.faq.find','2022-07-18 13:19:38.855000','2022-07-18 13:19:38.855000',NULL,NULL),(88,'api::termes-et-conditions.termes-et-conditions.find','2022-07-18 13:20:00.044000','2022-07-18 13:20:00.044000',NULL,NULL),(89,'api::vie-privee.vie-privee.find','2022-07-18 13:20:09.353000','2022-07-18 13:20:09.353000',NULL,NULL),(90,'plugin::users-permissions.auth.emailConfirmation','2022-07-19 03:26:37.117000','2022-07-19 03:26:37.117000',NULL,NULL),(91,'plugin::users-permissions.auth.resetPassword','2022-07-23 05:46:50.468000','2022-07-23 05:46:50.468000',NULL,NULL),(93,'plugin::users-permissions.auth.forgotPassword','2022-07-23 05:46:50.468000','2022-07-23 05:46:50.468000',NULL,NULL),(95,'plugin::users-permissions.auth.sendEmailConfirmation','2022-07-23 05:46:50.468000','2022-07-23 05:46:50.468000',NULL,NULL),(97,'api::uprovince.uprovince.find','2022-07-23 21:52:41.086000','2022-07-23 21:52:41.086000',NULL,NULL),(98,'api::occupation.occupation.find','2022-07-23 22:08:20.366000','2022-07-23 22:08:20.366000',NULL,NULL),(102,'api::user-transfert.user-transfert.find','2022-07-24 12:01:42.887000','2022-07-24 12:01:42.887000',NULL,NULL),(103,'api::user-transfert.user-transfert.findOne','2022-07-24 12:01:42.887000','2022-07-24 12:01:42.887000',NULL,NULL),(104,'plugin::users-permissions.user.count','2022-07-24 12:01:42.887000','2022-07-24 12:01:42.887000',NULL,NULL),(108,'plugin::users-permissions.role.findOne','2022-07-24 13:40:15.375000','2022-07-24 13:40:15.375000',NULL,NULL),(109,'plugin::users-permissions.role.find','2022-07-24 13:40:15.375000','2022-07-24 13:40:15.375000',NULL,NULL),(110,'plugin::users-permissions.auth.register','2022-07-24 13:41:19.106000','2022-07-24 13:41:19.106000',NULL,NULL),(111,'plugin::users-permissions.user.find','2022-07-24 13:41:19.106000','2022-07-24 13:41:19.106000',NULL,NULL),(112,'plugin::users-permissions.user.findOne','2022-07-24 13:41:19.106000','2022-07-24 13:41:19.106000',NULL,NULL),(113,'plugin::users-permissions.auth.connect','2022-07-24 13:42:08.731000','2022-07-24 13:42:08.731000',NULL,NULL),(114,'plugin::users-permissions.auth.callback','2022-07-24 13:45:26.949000','2022-07-24 13:45:26.949000',NULL,NULL),(115,'plugin::users-permissions.user.me','2022-07-26 04:45:38.867000','2022-07-26 04:45:38.867000',NULL,NULL),(116,'api::user-transfert.user-transfert.create','2022-07-28 01:54:40.829000','2022-07-28 01:54:40.829000',NULL,NULL),(117,'api::user-transfert.user-transfert.update','2022-07-28 01:54:40.829000','2022-07-28 01:54:40.829000',NULL,NULL),(118,'api::user-transfert.user-transfert.delete','2022-07-28 01:54:40.829000','2022-07-28 01:54:40.829000',NULL,NULL),(119,'api::transfert-type.transfert-type.find','2022-07-28 02:26:14.674000','2022-07-28 02:26:14.674000',NULL,NULL),(120,'api::transfert-type.transfert-type.findOne','2022-07-28 02:26:14.674000','2022-07-28 02:26:14.674000',NULL,NULL),(121,'api::success-transfert.success-transfert.find','2022-07-30 11:11:10.139000','2022-07-30 11:11:10.139000',NULL,NULL),(126,'api::contact-message.contact-message.findOne','2022-07-30 22:50:48.120000','2022-07-30 22:50:48.120000',NULL,NULL),(127,'api::contact-message.contact-message.find','2022-07-30 22:55:29.766000','2022-07-30 22:55:29.766000',NULL,NULL),(129,'api::contact-message.contact-message.create','2022-07-30 22:55:29.766000','2022-07-30 22:55:29.766000',NULL,NULL),(130,'api::contact-message.contact-message.findOne','2022-07-30 22:55:42.781000','2022-07-30 22:55:42.781000',NULL,NULL),(131,'api::occupation.occupation.find','2022-07-31 00:38:54.783000','2022-07-31 00:38:54.783000',NULL,NULL),(132,'api::occupation.occupation.findOne','2022-07-31 00:38:54.783000','2022-07-31 00:38:54.783000',NULL,NULL),(133,'api::send-money.send-money.find','2022-08-01 19:02:22.436000','2022-08-01 19:02:22.436000',NULL,NULL),(134,'api::admin-setting.admin-setting.find','2022-08-01 19:02:34.304000','2022-08-01 19:02:34.304000',NULL,NULL),(135,'api::admin-setting.admin-setting.findOne','2022-08-01 19:02:34.304000','2022-08-01 19:02:34.304000',NULL,NULL),(136,'api::faq-question.faq-question.find','2022-08-02 01:10:13.668000','2022-08-02 01:10:13.668000',NULL,NULL),(137,'api::faq-question.faq-question.findOne','2022-08-02 01:10:13.669000','2022-08-02 01:10:13.669000',NULL,NULL),(138,'api::uprovince.uprovince.find','2022-08-02 02:02:29.541000','2022-08-02 02:02:29.541000',NULL,NULL),(139,'api::uprovince.uprovince.findOne','2022-08-02 02:02:29.541000','2022-08-02 02:02:29.541000',NULL,NULL),(145,'plugin::users-permissions.role.updateRole','2022-08-04 22:51:06.592000','2022-08-04 22:51:06.592000',NULL,NULL),(146,'plugin::users-permissions.permissions.getPermissions','2022-08-04 22:51:06.592000','2022-08-04 22:51:06.592000',NULL,NULL),(147,'api::bank.bank.find','2022-08-06 14:28:54.828000','2022-08-06 14:28:54.828000',NULL,NULL),(148,'api::bank.bank.findOne','2022-08-06 14:28:54.828000','2022-08-06 14:28:54.828000',NULL,NULL);
/*!40000 ALTER TABLE `up_permissions` ENABLE KEYS */;
UNLOCK TABLES;

--
-- Table structure for table `up_permissions_role_links`
--

DROP TABLE IF EXISTS `up_permissions_role_links`;
/*!40101 SET @saved_cs_client     = @@character_set_client */;
/*!40101 SET character_set_client = utf8 */;
CREATE TABLE `up_permissions_role_links` (
  `permission_id` int(10) unsigned DEFAULT NULL,
  `role_id` int(10) unsigned DEFAULT NULL,
  KEY `up_permissions_role_links_fk` (`permission_id`),
  KEY `up_permissions_role_links_inv_fk` (`role_id`),
  CONSTRAINT `up_permissions_role_links_fk` FOREIGN KEY (`permission_id`) REFERENCES `up_permissions` (`id`) ON DELETE CASCADE,
  CONSTRAINT `up_permissions_role_links_inv_fk` FOREIGN KEY (`role_id`) REFERENCES `up_roles` (`id`) ON DELETE CASCADE
) ENGINE=InnoDB DEFAULT CHARSET=utf8mb4;
/*!40101 SET character_set_client = @saved_cs_client */;

--
-- Dumping data for table `up_permissions_role_links`
--

LOCK TABLES `up_permissions_role_links` WRITE;
/*!40000 ALTER TABLE `up_permissions_role_links` DISABLE KEYS */;
INSERT INTO `up_permissions_role_links` VALUES (1,1),(2,1),(15,2),(24,1),(25,1),(26,1),(27,1),(28,1),(29,1),(30,1),(31,1),(32,1),(39,1),(40,1),(42,1),(43,1),(44,1),(45,1),(41,1),(46,1),(47,1),(48,1),(49,1),(50,1),(72,2),(73,2),(74,2),(75,2),(76,2),(81,2),(82,2),(83,2),(85,2),(86,2),(87,2),(88,2),(89,2),(90,2),(91,2),(93,2),(95,2),(97,2),(98,2),(102,1),(103,1),(104,1),(108,2),(109,2),(110,2),(111,2),(112,2),(113,2),(114,2),(115,2),(116,1),(117,1),(118,1),(119,1),(120,1),(121,2),(126,2),(127,1),(129,1),(130,1),(131,1),(132,1),(133,2),(134,1),(135,1),(136,2),(137,2),(138,1),(139,1),(145,1),(146,1),(147,1),(148,1);
/*!40000 ALTER TABLE `up_permissions_role_links` ENABLE KEYS */;
UNLOCK TABLES;

--
-- Table structure for table `up_roles`
--

DROP TABLE IF EXISTS `up_roles`;
/*!40101 SET @saved_cs_client     = @@character_set_client */;
/*!40101 SET character_set_client = utf8 */;
CREATE TABLE `up_roles` (
  `id` int(10) unsigned NOT NULL AUTO_INCREMENT,
  `name` varchar(255) DEFAULT NULL,
  `description` varchar(255) DEFAULT NULL,
  `type` varchar(255) DEFAULT NULL,
  `created_at` datetime(6) DEFAULT NULL,
  `updated_at` datetime(6) DEFAULT NULL,
  `created_by_id` int(10) unsigned DEFAULT NULL,
  `updated_by_id` int(10) unsigned DEFAULT NULL,
  PRIMARY KEY (`id`),
  KEY `up_roles_created_by_id_fk` (`created_by_id`),
  KEY `up_roles_updated_by_id_fk` (`updated_by_id`),
  CONSTRAINT `up_roles_created_by_id_fk` FOREIGN KEY (`created_by_id`) REFERENCES `admin_users` (`id`) ON DELETE SET NULL,
  CONSTRAINT `up_roles_updated_by_id_fk` FOREIGN KEY (`updated_by_id`) REFERENCES `admin_users` (`id`) ON DELETE SET NULL
) ENGINE=InnoDB AUTO_INCREMENT=3 DEFAULT CHARSET=utf8mb4;
/*!40101 SET character_set_client = @saved_cs_client */;

--
-- Dumping data for table `up_roles`
--

LOCK TABLES `up_roles` WRITE;
/*!40000 ALTER TABLE `up_roles` DISABLE KEYS */;
INSERT INTO `up_roles` VALUES (1,'Authenticated','Default role given to authenticated user.','authenticated','2022-06-27 01:19:20.810000','2022-08-06 14:34:30.950000',NULL,NULL),(2,'Public','default permissions for non-authenticated users','public','2022-06-27 01:19:20.815000','2022-08-05 03:42:16.295000',NULL,NULL);
/*!40000 ALTER TABLE `up_roles` ENABLE KEYS */;
UNLOCK TABLES;

--
-- Table structure for table `up_users`
--

DROP TABLE IF EXISTS `up_users`;
/*!40101 SET @saved_cs_client     = @@character_set_client */;
/*!40101 SET character_set_client = utf8 */;
CREATE TABLE `up_users` (
  `id` int(10) unsigned NOT NULL AUTO_INCREMENT,
  `username` varchar(255) DEFAULT NULL,
  `email` varchar(255) DEFAULT NULL,
  `provider` varchar(255) DEFAULT NULL,
  `password` varchar(255) DEFAULT NULL,
  `reset_password_token` varchar(255) DEFAULT NULL,
  `confirmation_token` varchar(255) DEFAULT NULL,
  `confirmed` tinyint(1) DEFAULT NULL,
  `blocked` tinyint(1) DEFAULT NULL,
  `created_at` datetime(6) DEFAULT NULL,
  `updated_at` datetime(6) DEFAULT NULL,
  `created_by_id` int(10) unsigned DEFAULT NULL,
  `updated_by_id` int(10) unsigned DEFAULT NULL,
  `address` varchar(255) DEFAULT NULL,
  `cellphone` varchar(255) DEFAULT NULL,
  `other_phone` varchar(255) DEFAULT NULL,
  `city` varchar(255) DEFAULT NULL,
  `firstname` varchar(255) DEFAULT NULL,
  `lastname` varchar(255) DEFAULT NULL,
  `gender` varchar(255) DEFAULT NULL,
  PRIMARY KEY (`id`),
  KEY `up_users_created_by_id_fk` (`created_by_id`),
  KEY `up_users_updated_by_id_fk` (`updated_by_id`),
  CONSTRAINT `up_users_created_by_id_fk` FOREIGN KEY (`created_by_id`) REFERENCES `admin_users` (`id`) ON DELETE SET NULL,
  CONSTRAINT `up_users_updated_by_id_fk` FOREIGN KEY (`updated_by_id`) REFERENCES `admin_users` (`id`) ON DELETE SET NULL
) ENGINE=InnoDB AUTO_INCREMENT=24 DEFAULT CHARSET=utf8mb4;
/*!40101 SET character_set_client = @saved_cs_client */;

--
-- Dumping data for table `up_users`
--

LOCK TABLES `up_users` WRITE;
/*!40000 ALTER TABLE `up_users` DISABLE KEYS */;
INSERT INTO `up_users` VALUES (1,'ajhonny','louis.jhonny@gmail.com','local','$2a$10$bHu1o31A04NBCrdasCnZPu7.W7FuGE5IqjSafb43RNtfhtTtJVaCq',NULL,NULL,1,0,'2022-06-27 02:04:20.572000','2022-06-27 02:04:20.572000',1,1,NULL,NULL,NULL,NULL,NULL,NULL,NULL),(2,'hwessim','hmaied.wessim@gmail.com','local','$2a$10$Bdsrt2zuiKNVI/pC2dcgrutJQPsKOrDATP3CjaYNzJP.cJCAQfAl2',NULL,NULL,1,0,'2022-06-27 02:07:16.948000','2022-06-27 02:07:16.948000',1,1,NULL,NULL,NULL,NULL,NULL,NULL,NULL),(3,'william','njuinangw@gmail.com','local','$2a$10$hdhH9R04JLXwROL.hrLIW.dJu6wJC9MgteoYPMSLXfwfJFJIPmRHe',NULL,NULL,1,0,'2022-07-03 19:25:17.758000','2022-07-03 19:34:08.610000',1,1,NULL,NULL,NULL,NULL,NULL,NULL,NULL),(22,'jalouisy@yahoo.fr','jalouisy@yahoo.fr','local','$2a$10$1hAEJYAH6ZSqNWvuyV7tD./cJ9UxTaOsHhu1COCSVeq3A0nsi8MtS',NULL,'65a7d524641842011b1dad7db99f4f6bcf6d5675',1,0,'2022-07-24 13:47:05.090000','2022-08-08 00:09:20.660000',NULL,3,'2145 rue saint-germain','5142601022','5148871285','Saint-jean-baptiste','Louis Jhonny','Alcius','M'),(23,'mingheup@gmail.com','mingheup@gmail.com','local','$2a$10$kzQMTaZW6EP3gc2R/N.T/.MR8C6by3t7/HEhSK6W6Oj2g1Eckp3G6',NULL,'a3dfd07abcab193eca5770e53fba612ea64d50de',0,0,'2022-08-08 01:41:20.401000','2022-08-08 01:41:20.429000',NULL,NULL,'42 Bédard ','','','Gatineau ','Pauline ','Mingheu',NULL);
/*!40000 ALTER TABLE `up_users` ENABLE KEYS */;
UNLOCK TABLES;

--
-- Table structure for table `up_users_occupation_links`
--

DROP TABLE IF EXISTS `up_users_occupation_links`;
/*!40101 SET @saved_cs_client     = @@character_set_client */;
/*!40101 SET character_set_client = utf8 */;
CREATE TABLE `up_users_occupation_links` (
  `user_id` int(10) unsigned DEFAULT NULL,
  `occupation_id` int(10) unsigned DEFAULT NULL,
  KEY `up_users_occupation_links_fk` (`user_id`),
  KEY `up_users_occupation_links_inv_fk` (`occupation_id`),
  CONSTRAINT `up_users_occupation_links_fk` FOREIGN KEY (`user_id`) REFERENCES `up_users` (`id`) ON DELETE CASCADE,
  CONSTRAINT `up_users_occupation_links_inv_fk` FOREIGN KEY (`occupation_id`) REFERENCES `occupations` (`id`) ON DELETE CASCADE
) ENGINE=InnoDB DEFAULT CHARSET=utf8mb4;
/*!40101 SET character_set_client = @saved_cs_client */;

--
-- Dumping data for table `up_users_occupation_links`
--

LOCK TABLES `up_users_occupation_links` WRITE;
/*!40000 ALTER TABLE `up_users_occupation_links` DISABLE KEYS */;
INSERT INTO `up_users_occupation_links` VALUES (22,3),(23,4);
/*!40000 ALTER TABLE `up_users_occupation_links` ENABLE KEYS */;
UNLOCK TABLES;

--
-- Table structure for table `up_users_province_links`
--

DROP TABLE IF EXISTS `up_users_province_links`;
/*!40101 SET @saved_cs_client     = @@character_set_client */;
/*!40101 SET character_set_client = utf8 */;
CREATE TABLE `up_users_province_links` (
  `user_id` int(10) unsigned DEFAULT NULL,
  `uprovince_id` int(10) unsigned DEFAULT NULL,
  KEY `up_users_province_links_fk` (`user_id`),
  KEY `up_users_province_links_inv_fk` (`uprovince_id`),
  CONSTRAINT `up_users_province_links_fk` FOREIGN KEY (`user_id`) REFERENCES `up_users` (`id`) ON DELETE CASCADE,
  CONSTRAINT `up_users_province_links_inv_fk` FOREIGN KEY (`uprovince_id`) REFERENCES `uprovinces` (`id`) ON DELETE CASCADE
) ENGINE=InnoDB DEFAULT CHARSET=utf8mb4;
/*!40101 SET character_set_client = @saved_cs_client */;

--
-- Dumping data for table `up_users_province_links`
--

LOCK TABLES `up_users_province_links` WRITE;
/*!40000 ALTER TABLE `up_users_province_links` DISABLE KEYS */;
INSERT INTO `up_users_province_links` VALUES (22,11),(23,11);
/*!40000 ALTER TABLE `up_users_province_links` ENABLE KEYS */;
UNLOCK TABLES;

--
-- Table structure for table `up_users_role_links`
--

DROP TABLE IF EXISTS `up_users_role_links`;
/*!40101 SET @saved_cs_client     = @@character_set_client */;
/*!40101 SET character_set_client = utf8 */;
CREATE TABLE `up_users_role_links` (
  `user_id` int(10) unsigned DEFAULT NULL,
  `role_id` int(10) unsigned DEFAULT NULL,
  KEY `up_users_role_links_fk` (`user_id`),
  KEY `up_users_role_links_inv_fk` (`role_id`),
  CONSTRAINT `up_users_role_links_fk` FOREIGN KEY (`user_id`) REFERENCES `up_users` (`id`) ON DELETE CASCADE,
  CONSTRAINT `up_users_role_links_inv_fk` FOREIGN KEY (`role_id`) REFERENCES `up_roles` (`id`) ON DELETE CASCADE
) ENGINE=InnoDB DEFAULT CHARSET=utf8mb4;
/*!40101 SET character_set_client = @saved_cs_client */;

--
-- Dumping data for table `up_users_role_links`
--

LOCK TABLES `up_users_role_links` WRITE;
/*!40000 ALTER TABLE `up_users_role_links` DISABLE KEYS */;
INSERT INTO `up_users_role_links` VALUES (1,1),(2,1),(3,1),(22,1),(23,1);
/*!40000 ALTER TABLE `up_users_role_links` ENABLE KEYS */;
UNLOCK TABLES;

--
-- Table structure for table `uprovinces`
--

DROP TABLE IF EXISTS `uprovinces`;
/*!40101 SET @saved_cs_client     = @@character_set_client */;
/*!40101 SET character_set_client = utf8 */;
CREATE TABLE `uprovinces` (
  `id` int(10) unsigned NOT NULL AUTO_INCREMENT,
  `created_at` datetime(6) DEFAULT NULL,
  `updated_at` datetime(6) DEFAULT NULL,
  `published_at` datetime(6) DEFAULT NULL,
  `created_by_id` int(10) unsigned DEFAULT NULL,
  `updated_by_id` int(10) unsigned DEFAULT NULL,
  `name_fr` varchar(255) DEFAULT NULL,
  `code` varchar(255) DEFAULT NULL,
  PRIMARY KEY (`id`),
  KEY `uprovinces_created_by_id_fk` (`created_by_id`),
  KEY `uprovinces_updated_by_id_fk` (`updated_by_id`),
  CONSTRAINT `uprovinces_created_by_id_fk` FOREIGN KEY (`created_by_id`) REFERENCES `admin_users` (`id`) ON DELETE SET NULL,
  CONSTRAINT `uprovinces_updated_by_id_fk` FOREIGN KEY (`updated_by_id`) REFERENCES `admin_users` (`id`) ON DELETE SET NULL
) ENGINE=InnoDB AUTO_INCREMENT=14 DEFAULT CHARSET=utf8mb4;
/*!40101 SET character_set_client = @saved_cs_client */;

--
-- Dumping data for table `uprovinces`
--

LOCK TABLES `uprovinces` WRITE;
/*!40000 ALTER TABLE `uprovinces` DISABLE KEYS */;
INSERT INTO `uprovinces` VALUES (1,'2022-07-23 21:35:22.614000','2022-07-23 21:47:54.423000','2022-07-23 21:47:54.421000',1,1,'Alberta','AB'),(2,'2022-07-23 21:36:42.646000','2022-07-23 21:48:26.933000','2022-07-23 21:48:26.931000',1,1,'Colombie-Britannique','BC'),(3,'2022-07-23 21:37:12.684000','2022-07-23 21:48:31.419000','2022-07-23 21:48:31.417000',1,1,'Manitoba','MB'),(4,'2022-07-23 21:38:24.485000','2022-07-23 21:48:39.775000','2022-07-23 21:48:39.773000',1,1,'Nouveau-Brunswick','NB'),(5,'2022-07-23 21:38:45.429000','2022-07-23 21:48:44.850000','2022-07-23 21:48:44.848000',1,1,'Terre-Neuve-et-Labrador','NL'),(6,'2022-07-23 21:39:01.554000','2022-07-23 21:48:50.369000','2022-07-23 21:48:50.367000',1,1,'Territoires du Nord-Ouest','NT'),(7,'2022-07-23 21:39:18.586000','2022-07-23 21:48:57.404000','2022-07-23 21:48:57.402000',1,1,'Nouvelle-Écosse','NE'),(8,'2022-07-23 21:39:44.931000','2022-07-23 21:49:03.760000','2022-07-23 21:49:03.755000',1,1,'Nunavut','NU'),(9,'2022-07-23 21:39:53.201000','2022-07-23 21:49:09.077000','2022-07-23 21:49:09.076000',1,1,'Ontario','ON'),(10,'2022-07-23 21:40:13.825000','2022-07-23 21:49:13.891000','2022-07-23 21:49:13.887000',1,1,'Île-du-Prince-Édouard','PE'),(11,'2022-07-23 21:40:29.805000','2022-07-24 02:13:28.015000','2022-07-24 02:13:28.012000',1,1,'Québec','QC'),(12,'2022-07-23 21:40:49.077000','2022-07-24 02:13:32.721000','2022-07-24 02:13:32.719000',1,1,'Saskatchewan','SK'),(13,'2022-07-23 21:41:04.253000','2022-07-24 02:13:36.963000','2022-07-24 02:13:36.961000',1,1,'Yukon','YK');
/*!40000 ALTER TABLE `uprovinces` ENABLE KEYS */;
UNLOCK TABLES;

--
-- Table structure for table `user_transferts`
--

DROP TABLE IF EXISTS `user_transferts`;
/*!40101 SET @saved_cs_client     = @@character_set_client */;
/*!40101 SET character_set_client = utf8 */;
CREATE TABLE `user_transferts` (
  `id` int(10) unsigned NOT NULL AUTO_INCREMENT,
  `cdate` datetime(6) DEFAULT NULL,
  `to_name` varchar(255) DEFAULT NULL,
  `to_firstname` varchar(255) DEFAULT NULL,
  `to_email` varchar(255) DEFAULT NULL,
  `created_at` datetime(6) DEFAULT NULL,
  `updated_at` datetime(6) DEFAULT NULL,
  `published_at` datetime(6) DEFAULT NULL,
  `created_by_id` int(10) unsigned DEFAULT NULL,
  `updated_by_id` int(10) unsigned DEFAULT NULL,
  `code` varchar(255) DEFAULT NULL,
  `amount_to_send` decimal(10,2) DEFAULT NULL,
  `amount_to_receive` decimal(10,2) DEFAULT NULL,
  `to_city` varchar(255) DEFAULT NULL,
  `to_address` varchar(255) DEFAULT NULL,
  `to_phone` varchar(255) DEFAULT NULL,
  `reason` varchar(255) DEFAULT NULL,
  `to_other_phone` varchar(255) DEFAULT NULL,
  `to_middle_name` varchar(255) DEFAULT NULL,
  `status` varchar(255) DEFAULT NULL,
  `message` longtext DEFAULT NULL,
  `bank_branch` varchar(255) DEFAULT NULL,
  `account_number` varchar(255) DEFAULT NULL,
  `agency_code` varchar(255) DEFAULT NULL,
  `agency_key` varchar(255) DEFAULT NULL,
  `mobile_money_number` varchar(255) DEFAULT NULL,
  PRIMARY KEY (`id`),
  KEY `user_transferts_created_by_id_fk` (`created_by_id`),
  KEY `user_transferts_updated_by_id_fk` (`updated_by_id`),
  CONSTRAINT `user_transferts_created_by_id_fk` FOREIGN KEY (`created_by_id`) REFERENCES `admin_users` (`id`) ON DELETE SET NULL,
  CONSTRAINT `user_transferts_updated_by_id_fk` FOREIGN KEY (`updated_by_id`) REFERENCES `admin_users` (`id`) ON DELETE SET NULL
) ENGINE=InnoDB AUTO_INCREMENT=52 DEFAULT CHARSET=utf8mb4;
/*!40101 SET character_set_client = @saved_cs_client */;

--
-- Dumping data for table `user_transferts`
--

LOCK TABLES `user_transferts` WRITE;
/*!40000 ALTER TABLE `user_transferts` DISABLE KEYS */;
INSERT INTO `user_transferts` VALUES (48,NULL,'Merisier','Joel','joelle.merisier@yahoo.ca','2022-08-07 20:54:28.976000','2022-08-08 00:07:27.634000','2022-08-07 20:54:28.970000',NULL,1,'1cbcfc',498.00,236550.00,'Cameroun','34 Cameroun','23132323','Soutient famillila',NULL,NULL,'En traitement','Les informations bancaire ne fonctionne pas. Le numero de compte plus precisement n\'est pas correcte.','Branche cca','123-12-12-30','Code 123','Cle 234',NULL),(49,NULL,'Jean Louis','Michaelle','michaelle.jean.louis@yahoo.fr','2022-08-07 20:56:48.590000','2022-08-08 00:05:23.965000','2022-08-07 20:56:48.585000',NULL,1,'ffa06a',210.00,99750.00,'Yaounde','Rue yaounde','23232','Commerce',NULL,NULL,'En traitement','lkjlfkjd flksjdlfja sld fjlaksdjf lsjdlkf ajskldjf lasjd flajsdl fkjs ',NULL,NULL,NULL,NULL,'123400000'),(50,NULL,'Merisier','Joel','joelle.merisier@yahoo.ca','2022-08-08 00:26:28.364000','2022-08-08 00:26:28.364000','2022-08-07 20:54:28.970000',NULL,NULL,'9f77db',498.00,236550.00,'Cameroun','34 Cameroun','23132323','Soutient famillila',NULL,NULL,'En traitement','Les informations bancaire ne fonctionne pas. Le numero de compte plus precisement n\'est pas correcte.','Branche cca','123-12-12-30','Code 123','Cle 234',NULL),(51,NULL,'Lafleur ','Guy','willdjuin02@yahoo.fr','2022-08-08 02:05:26.744000','2022-08-08 02:05:26.744000','2022-08-08 02:05:26.732000',NULL,NULL,'972a3a',1000.00,475000.00,'Douala','Cameroun','675034888','Aide',NULL,NULL,'En traitement',NULL,NULL,NULL,NULL,NULL,'675034888');
/*!40000 ALTER TABLE `user_transferts` ENABLE KEYS */;
UNLOCK TABLES;

--
-- Table structure for table `user_transferts_transfert_bank_links`
--

DROP TABLE IF EXISTS `user_transferts_transfert_bank_links`;
/*!40101 SET @saved_cs_client     = @@character_set_client */;
/*!40101 SET character_set_client = utf8 */;
CREATE TABLE `user_transferts_transfert_bank_links` (
  `user_transfert_id` int(10) unsigned DEFAULT NULL,
  `bank_id` int(10) unsigned DEFAULT NULL,
  KEY `user_transferts_transfert_bank_links_fk` (`user_transfert_id`),
  KEY `user_transferts_transfert_bank_links_inv_fk` (`bank_id`),
  CONSTRAINT `user_transferts_transfert_bank_links_fk` FOREIGN KEY (`user_transfert_id`) REFERENCES `user_transferts` (`id`) ON DELETE CASCADE,
  CONSTRAINT `user_transferts_transfert_bank_links_inv_fk` FOREIGN KEY (`bank_id`) REFERENCES `banks` (`id`) ON DELETE CASCADE
) ENGINE=InnoDB DEFAULT CHARSET=utf8mb4;
/*!40101 SET character_set_client = @saved_cs_client */;

--
-- Dumping data for table `user_transferts_transfert_bank_links`
--

LOCK TABLES `user_transferts_transfert_bank_links` WRITE;
/*!40000 ALTER TABLE `user_transferts_transfert_bank_links` DISABLE KEYS */;
INSERT INTO `user_transferts_transfert_bank_links` VALUES (48,4),(50,2);
/*!40000 ALTER TABLE `user_transferts_transfert_bank_links` ENABLE KEYS */;
UNLOCK TABLES;

--
-- Table structure for table `user_transferts_transfert_type_links`
--

DROP TABLE IF EXISTS `user_transferts_transfert_type_links`;
/*!40101 SET @saved_cs_client     = @@character_set_client */;
/*!40101 SET character_set_client = utf8 */;
CREATE TABLE `user_transferts_transfert_type_links` (
  `user_transfert_id` int(10) unsigned DEFAULT NULL,
  `transfert_type_id` int(10) unsigned DEFAULT NULL,
  KEY `user_transferts_transfert_type_links_fk` (`user_transfert_id`),
  KEY `user_transferts_transfert_type_links_inv_fk` (`transfert_type_id`),
  CONSTRAINT `user_transferts_transfert_type_links_fk` FOREIGN KEY (`user_transfert_id`) REFERENCES `user_transferts` (`id`) ON DELETE CASCADE,
  CONSTRAINT `user_transferts_transfert_type_links_inv_fk` FOREIGN KEY (`transfert_type_id`) REFERENCES `transfert_types` (`id`) ON DELETE CASCADE
) ENGINE=InnoDB DEFAULT CHARSET=utf8mb4;
/*!40101 SET character_set_client = @saved_cs_client */;

--
-- Dumping data for table `user_transferts_transfert_type_links`
--

LOCK TABLES `user_transferts_transfert_type_links` WRITE;
/*!40000 ALTER TABLE `user_transferts_transfert_type_links` DISABLE KEYS */;
INSERT INTO `user_transferts_transfert_type_links` VALUES (49,2),(48,1),(50,1),(51,2);
/*!40000 ALTER TABLE `user_transferts_transfert_type_links` ENABLE KEYS */;
UNLOCK TABLES;

--
-- Table structure for table `user_transferts_user_links`
--

DROP TABLE IF EXISTS `user_transferts_user_links`;
/*!40101 SET @saved_cs_client     = @@character_set_client */;
/*!40101 SET character_set_client = utf8 */;
CREATE TABLE `user_transferts_user_links` (
  `user_transfert_id` int(10) unsigned DEFAULT NULL,
  `user_id` int(10) unsigned DEFAULT NULL,
  KEY `user_transferts_user_links_fk` (`user_transfert_id`),
  KEY `user_transferts_user_links_inv_fk` (`user_id`),
  CONSTRAINT `user_transferts_user_links_fk` FOREIGN KEY (`user_transfert_id`) REFERENCES `user_transferts` (`id`) ON DELETE CASCADE,
  CONSTRAINT `user_transferts_user_links_inv_fk` FOREIGN KEY (`user_id`) REFERENCES `up_users` (`id`) ON DELETE CASCADE
) ENGINE=InnoDB DEFAULT CHARSET=utf8mb4;
/*!40101 SET character_set_client = @saved_cs_client */;

--
-- Dumping data for table `user_transferts_user_links`
--

LOCK TABLES `user_transferts_user_links` WRITE;
/*!40000 ALTER TABLE `user_transferts_user_links` DISABLE KEYS */;
INSERT INTO `user_transferts_user_links` VALUES (49,22),(48,22),(50,22),(51,22);
/*!40000 ALTER TABLE `user_transferts_user_links` ENABLE KEYS */;
UNLOCK TABLES;

--
-- Table structure for table `vie_privees`
--

DROP TABLE IF EXISTS `vie_privees`;
/*!40101 SET @saved_cs_client     = @@character_set_client */;
/*!40101 SET character_set_client = utf8 */;
CREATE TABLE `vie_privees` (
  `id` int(10) unsigned NOT NULL AUTO_INCREMENT,
  `privacy_policy_cover_title` varchar(255) DEFAULT NULL,
  `privacy_policy_cover_subtitle` varchar(255) DEFAULT NULL,
  `privacy_policy_content_title` varchar(255) DEFAULT NULL,
  `privacy_policy_content` longtext DEFAULT NULL,
  `created_at` datetime(6) DEFAULT NULL,
  `updated_at` datetime(6) DEFAULT NULL,
  `published_at` datetime(6) DEFAULT NULL,
  `created_by_id` int(10) unsigned DEFAULT NULL,
  `updated_by_id` int(10) unsigned DEFAULT NULL,
  PRIMARY KEY (`id`),
  KEY `vie_privees_created_by_id_fk` (`created_by_id`),
  KEY `vie_privees_updated_by_id_fk` (`updated_by_id`),
  CONSTRAINT `vie_privees_created_by_id_fk` FOREIGN KEY (`created_by_id`) REFERENCES `admin_users` (`id`) ON DELETE SET NULL,
  CONSTRAINT `vie_privees_updated_by_id_fk` FOREIGN KEY (`updated_by_id`) REFERENCES `admin_users` (`id`) ON DELETE SET NULL
) ENGINE=InnoDB AUTO_INCREMENT=2 DEFAULT CHARSET=utf8mb4;
/*!40101 SET character_set_client = @saved_cs_client */;

--
-- Dumping data for table `vie_privees`
--

LOCK TABLES `vie_privees` WRITE;
/*!40000 ALTER TABLE `vie_privees` DISABLE KEYS */;
INSERT INTO `vie_privees` VALUES (1,'Vie privee','Nous garantissons le respect a vos informations','Respect a la vie privee','## **Titre 1**\nLorem ipsum dolor sit amet, consectetur adipiscing elit, sed do eiusmod tempor incididunt ut labore et dolore magna aliqua. Volutpat commodo sed egestas egestas. Adipiscing elit ut aliquam purus. Id eu nisl nunc mi. Et malesuada fames ac turpis egestas integer eget aliquet. Eleifend quam adipiscing vitae proin sagittis. Et malesuada fames ac turpis. Sed vulputate odio ut enim blandit volutpat maecenas volutpat. Maecenas ultricies mi eget mauris pharetra. Enim sit amet venenatis urna cursus eget nunc scelerisque viverra. Cras fermentum odio eu feugiat pretium nibh ipsum consequat. Odio aenean sed adipiscing diam donec. Blandit turpis cursus in hac habitasse platea dictumst.\n\n## **Titre 2**\nEgestas egestas fringilla phasellus faucibus scelerisque eleifend. Massa eget egestas purus viverra accumsan. Massa vitae tortor condimentum lacinia quis vel. Faucibus a pellentesque sit amet porttitor eget dolor morbi. Aliquam id diam maecenas ultricies mi eget mauris pharetra. Tristique et egestas quis ipsum suspendisse ultrices. Lectus mauris ultrices eros in cursus turpis massa tincidunt. In ante metus dictum at tempor commodo ullamcorper. Gravida neque convallis a cras semper auctor neque vitae tempus. Etiam sit amet nisl purus in. Malesuada bibendum arcu vitae elementum curabitur vitae nunc sed velit. Ultricies mi quis hendrerit dolor magna. Dignissim diam quis enim lobortis. In mollis nunc sed id semper risus in. Duis tristique sollicitudin nibh sit amet commodo nulla facilisi. Velit euismod in pellentesque massa placerat duis. Velit sed ullamcorper morbi tincidunt ornare. Lobortis mattis aliquam faucibus purus in. At erat pellentesque adipiscing commodo elit at. Molestie nunc non blandit massa enim nec dui.','2022-07-18 13:29:20.680000','2022-07-30 15:59:52.791000','2022-07-18 13:29:26.207000',1,3);
/*!40000 ALTER TABLE `vie_privees` ENABLE KEYS */;
UNLOCK TABLES;
/*!40103 SET TIME_ZONE=@OLD_TIME_ZONE */;

/*!40101 SET SQL_MODE=@OLD_SQL_MODE */;
/*!40014 SET FOREIGN_KEY_CHECKS=@OLD_FOREIGN_KEY_CHECKS */;
/*!40014 SET UNIQUE_CHECKS=@OLD_UNIQUE_CHECKS */;
/*!40101 SET CHARACTER_SET_CLIENT=@OLD_CHARACTER_SET_CLIENT */;
/*!40101 SET CHARACTER_SET_RESULTS=@OLD_CHARACTER_SET_RESULTS */;
/*!40101 SET COLLATION_CONNECTION=@OLD_COLLATION_CONNECTION */;
/*!40111 SET SQL_NOTES=@OLD_SQL_NOTES */;

-- Dump completed on 2022-08-08 13:54:16
